slug,day_type,strike_confidence,crossings_total,crossings_first_5m,crossings_last_5m,crossings_last_3m,crossings_last_2m,crossings_last_1m,resolution
btc-updown-15m-1785135600,weekday,LOW_PROXY,5,2,3,1,1,1,lower-bound at 1-minute resolution
btc-updown-15m-1785157200,weekday,LOW_PROXY,2,1,0,0,0,0,lower-bound at 1-minute resolution
btc-updown-15m-1785243600,weekday,LOW_PROXY,2,1,1,0,0,0,lower-bound at 1-minute resolution
btc-updown-15m-1785265200,weekday,LOW_PROXY,0,0,0,0,0,0,lower-bound at 1-minute resolution
btc-updown-15m-1785286800,weekday,LOW_PROXY,4,1,0,0,0,0,lower-bound at 1-minute resolution
btc-updown-15m-1785351600,weekday,LOW_PROXY,2,2,0,0,0,0,lower-bound at 1-minute resolution
btc-updown-15m-1785373200,weekday,LOW_PROXY,1,1,0,0,0,0,lower-bound at 1-minute resolution
btc-updown-15m-1785394800,weekday,LOW_PROXY,0,1,0,0,0,0,lower-bound at 1-minute resolution
btc-updown-15m-1785416400,weekday,LOW_PROXY,0,1,0,0,0,0,lower-bound at 1-minute resolution
btc-updown-15m-1785459600,weekday,LOW_PROXY,0,1,0,0,0,0,lower-bound at 1-minute resolution
btc-updown-15m-1785481200,weekday,LOW_PROXY,0,1,0,0,0,0,lower-bound at 1-minute resolution
btc-updown-15m-1785524400,weekday,LOW_PROXY,1,1,0,0,0,0,lower-bound at 1-minute resolution
btc-updown-15m-1785562200,weekend,LOW_PROXY,0,0,0,0,0,0,lower-bound at 1-minute resolution
btc-updown-15m-1785573000,weekend,LOW_PROXY,0,0,0,0,0,0,lower-bound at 1-minute resolution
btc-updown-15m-1785583800,weekend,LOW_PROXY,1,1,0,0,0,0,lower-bound at 1-minute resolution
btc-updown-15m-1785594600,weekend,LOW_PROXY,1,2,0,0,0,0,lower-bound at 1-minute resolution
btc-updown-15m-1785605400,weekend,LOW_PROXY,0,0,0,0,0,0,lower-bound at 1-minute resolution
btc-updown-15m-1785627000,weekend,LOW_PROXY,0,0,0,0,0,0,lower-bound at 1-minute resolution
btc-updown-15m-1785648600,weekend,LOW_PROXY,0,0,0,0,0,0,lower-bound at 1-minute resolution
btc-updown-15m-1785670200,weekend,LOW_PROXY,2,1,1,1,0,0,lower-bound at 1-minute resolution
btc-updown-15m-1785691800,weekend,LOW_PROXY,0,1,0,0,0,0,lower-bound at 1-minute resolution
btc-updown-15m-1785702600,weekend,LOW_PROXY,0,1,0,0,0,0,lower-bound at 1-minute resolution
btc-updown-15m-1785713400,weekend,LOW_PROXY,1,1,1,0,0,0,lower-bound at 1-minute resolution
btc-updown-15m-1785724200,weekend,LOW_PROXY,0,1,0,0,0,0,lower-bound at 1-minute resolution
btc-updown-15m-1785762000,weekday,LOW_PROXY,0,1,0,0,0,0,lower-bound at 1-minute resolution
btc-updown-15m-1785783600,weekday,LOW_PROXY,2,0,1,0,0,0,lower-bound at 1-minute resolution
btc-updown-15m-1785805200,weekday,LOW_PROXY,0,1,0,0,0,0,lower-bound at 1-minute resolution
btc-updown-15m-1785826800,weekday,LOW_PROXY,0,0,0,0,0,0,lower-bound at 1-minute resolution
btc-updown-15m-1785870000,weekday,LOW_PROXY,3,2,0,0,0,0,lower-bound at 1-minute resolution
btc-updown-15m-1785913200,weekday,LOW_PROXY,1,1,0,0,0,0,lower-bound at 1-minute resolution
btc-updown-15m-1785934800,weekday,LOW_PROXY,2,3,0,0,0,0,lower-bound at 1-minute resolution
btc-updown-15m-1785978000,weekday,LOW_PROXY,2,2,0,0,0,0,lower-bound at 1-minute resolution
btc-updown-15m-1785999600,weekday,LOW_PROXY,1,0,1,0,0,0,lower-bound at 1-minute resolution
btc-updown-15m-1786021200,weekday,LOW_PROXY,0,1,0,0,0,0,lower-bound at 1-minute resolution
btc-updown-15m-1786107600,weekday,LOW_PROXY,2,0,0,0,0,0,lower-bound at 1-minute resolution
btc-updown-15m-1786129200,weekday,LOW_PROXY,0,1,0,0,0,0,lower-bound at 1-minute resolution
btc-updown-15m-1786150800,weekday,LOW_PROXY,1,0,1,1,0,0,lower-bound at 1-minute resolution
btc-updown-15m-1786167000,weekend,LOW_PROXY,0,0,0,0,0,0,lower-bound at 1-minute resolution
btc-updown-15m-1786177800,weekend,LOW_PROXY,0,1,0,0,0,0,lower-bound at 1-minute resolution
btc-updown-15m-1786188600,weekend,LOW_PROXY,0,0,0,0,0,0,lower-bound at 1-minute resolution
btc-updown-15m-1786210200,weekend,LOW_PROXY,1,1,0,0,0,0,lower-bound at 1-minute resolution
btc-updown-15m-1786221000,weekend,LOW_PROXY,0,0,0,0,0,0,lower-bound at 1-minute resolution
btc-updown-15m-1786231800,weekend,LOW_PROXY,1,2,0,0,0,0,lower-bound at 1-minute resolution
btc-updown-15m-1786242600,weekend,LOW_PROXY,2,2,0,0,0,0,lower-bound at 1-minute resolution
btc-updown-15m-1786253400,weekend,LOW_PROXY,0,0,0,0,0,0,lower-bound at 1-minute resolution
btc-updown-15m-1786275000,weekend,LOW_PROXY,0,0,0,0,0,0,lower-bound at 1-minute resolution
btc-updown-15m-1786285800,weekend,LOW_PROXY,1,0,0,0,0,0,lower-bound at 1-minute resolution
btc-updown-15m-1786296600,weekend,LOW_PROXY,0,1,0,0,0,0,lower-bound at 1-minute resolution
btc-updown-15m-1786318200,weekend,LOW_PROXY,2,1,0,0,0,0,lower-bound at 1-minute resolution
btc-updown-15m-1786329000,weekend,LOW_PROXY,0,1,0,0,0,0,lower-bound at 1-minute resolution
btc-updown-15m-1786388400,weekday,LOW_PROXY,0,0,0,0,0,0,lower-bound at 1-minute resolution
btc-updown-15m-1786410000,weekday,LOW_PROXY,1,1,1,0,0,0,lower-bound at 1-minute resolution
btc-updown-15m-1786431600,weekday,LOW_PROXY,0,1,0,0,0,0,lower-bound at 1-minute resolution
btc-updown-15m-1786453200,weekday,LOW_PROXY,2,1,1,1,1,0,lower-bound at 1-minute resolution
btc-updown-15m-1786496400,weekday,LOW_PROXY,6,1,2,0,0,0,lower-bound at 1-minute resolution
btc-updown-15m-1786518000,weekday,LOW_PROXY,1,1,0,0,0,0,lower-bound at 1-minute resolution
btc-updown-15m-1786561200,weekday,LOW_PROXY,1,1,1,1,1,1,lower-bound at 1-minute resolution
btc-updown-15m-1786626000,weekday,LOW_PROXY,0,0,0,0,0,0,lower-bound at 1-minute resolution
btc-updown-15m-1786647600,weekday,LOW_PROXY,0,0,0,0,0,0,lower-bound at 1-minute resolution
btc-updown-15m-1786669200,weekday,LOW_PROXY,2,1,0,0,0,0,lower-bound at 1-minute resolution
btc-updown-15m-1786690800,weekday,LOW_PROXY,1,1,0,0,0,0,lower-bound at 1-minute resolution
btc-updown-15m-1786734000,weekday,LOW_PROXY,0,0,0,0,0,0,lower-bound at 1-minute resolution
btc-updown-15m-1786771800,weekend,LOW_PROXY,0,0,0,0,0,0,lower-bound at 1-minute resolution
btc-updown-15m-1786782600,weekend,LOW_PROXY,1,2,0,0,0,0,lower-bound at 1-minute resolution
btc-updown-15m-1786793400,weekend,LOW_PROXY,0,0,0,0,0,0,lower-bound at 1-minute resolution
btc-updown-15m-1786804200,weekend,LOW_PROXY,1,1,1,0,0,0,lower-bound at 1-minute resolution
btc-updown-15m-1786815000,weekend,LOW_PROXY,0,0,0,0,0,0,lower-bound at 1-minute resolution
btc-updown-15m-1786825800,weekend,LOW_PROXY,1,0,1,1,1,1,lower-bound at 1-minute resolution
btc-updown-15m-1786858200,weekend,LOW_PROXY,2,0,1,1,1,1,lower-bound at 1-minute resolution
btc-updown-15m-1786879800,weekend,LOW_PROXY,0,0,0,0,0,0,lower-bound at 1-minute resolution
btc-updown-15m-1786890600,weekend,LOW_PROXY,1,2,0,0,0,0,lower-bound at 1-minute resolution
btc-updown-15m-1786901400,weekend,LOW_PROXY,0,0,0,0,0,0,lower-bound at 1-minute resolution
btc-updown-15m-1786923000,weekend,LOW_PROXY,2,3,0,0,0,0,lower-bound at 1-minute resolution
btc-updown-15m-1786933800,weekend,LOW_PROXY,1,2,0,0,0,0,lower-bound at 1-minute resolution
btc-updown-15m-1786950000,weekday,LOW_PROXY,0,0,0,0,0,0,lower-bound at 1-minute resolution
btc-updown-15m-1786971600,weekday,LOW_PROXY,1,1,1,0,0,0,lower-bound at 1-minute resolution
btc-updown-15m-1787014800,weekday,LOW_PROXY,0,0,0,0,0,0,lower-bound at 1-minute resolution
btc-updown-15m-1787036400,weekday,LOW_PROXY,3,2,0,0,0,0,lower-bound at 1-minute resolution
btc-updown-15m-1787058000,weekday,LOW_PROXY,0,1,0,0,0,0,lower-bound at 1-minute resolution
btc-updown-15m-1787144400,weekday,LOW_PROXY,1,0,1,0,0,0,lower-bound at 1-minute resolution
btc-updown-15m-1787166000,weekday,LOW_PROXY,5,2,3,2,1,1,lower-bound at 1-minute resolution
btc-updown-15m-1787187600,weekday,LOW_PROXY,1,0,0,0,0,0,lower-bound at 1-minute resolution
btc-updown-15m-1787252400,weekday,LOW_PROXY,3,1,1,0,0,0,lower-bound at 1-minute resolution
btc-updown-15m-1787274000,weekday,LOW_PROXY,1,2,0,0,0,0,lower-bound at 1-minute resolution
btc-updown-15m-1787295600,weekday,LOW_PROXY,0,1,0,0,0,0,lower-bound at 1-minute resolution
btc-updown-15m-1787317200,weekday,LOW_PROXY,2,1,1,0,0,0,lower-bound at 1-minute resolution
btc-updown-15m-1787360400,weekday,LOW_PROXY,0,1,0,0,0,0,lower-bound at 1-minute resolution
btc-updown-15m-1787376600,weekend,LOW_PROXY,2,1,0,0,0,0,lower-bound at 1-minute resolution
btc-updown-15m-1787387400,weekend,LOW_PROXY,1,1,1,1,1,1,lower-bound at 1-minute resolution
btc-updown-15m-1787398200,weekend,LOW_PROXY,1,1,0,0,0,0,lower-bound at 1-minute resolution
btc-updown-15m-1787419800,weekend,LOW_PROXY,0,0,0,0,0,0,lower-bound at 1-minute resolution
btc-updown-15m-1787430600,weekend,LOW_PROXY,2,1,0,0,0,0,lower-bound at 1-minute resolution
btc-updown-15m-1787441400,weekend,LOW_PROXY,2,1,0,0,0,0,lower-bound at 1-minute resolution
btc-updown-15m-1787452200,weekend,LOW_PROXY,0,1,0,0,0,0,lower-bound at 1-minute resolution
btc-updown-15m-1787463000,weekend,LOW_PROXY,7,2,4,2,1,0,lower-bound at 1-minute resolution
btc-updown-15m-1787473800,weekend,LOW_PROXY,0,0,0,0,0,0,lower-bound at 1-minute resolution
btc-updown-15m-1787484600,weekend,LOW_PROXY,0,1,0,0,0,0,lower-bound at 1-minute resolution
btc-updown-15m-1787506200,weekend,LOW_PROXY,6,1,5,3,2,2,lower-bound at 1-minute resolution
btc-updown-15m-1787527800,weekend,LOW_PROXY,1,1,0,0,0,0,lower-bound at 1-minute resolution
btc-updown-15m-1787538600,weekend,LOW_PROXY,6,3,3,2,2,2,lower-bound at 1-minute resolution
btc-updown-15m-1787554800,weekday,LOW_PROXY,0,0,0,0,0,0,lower-bound at 1-minute resolution
btc-updown-15m-1787598000,weekday,LOW_PROXY,2,2,1,0,0,0,lower-bound at 1-minute resolution
btc-updown-15m-1787662800,weekday,LOW_PROXY,1,1,0,0,0,0,lower-bound at 1-minute resolution
btc-updown-15m-1787684400,weekday,LOW_PROXY,2,2,1,1,1,1,lower-bound at 1-minute resolution
btc-updown-15m-1787706000,weekday,LOW_PROXY,0,0,0,0,0,0,lower-bound at 1-minute resolution
btc-updown-15m-1787727600,weekday,LOW_PROXY,5,1,4,2,2,2,lower-bound at 1-minute resolution
btc-updown-15m-1787770800,weekday,LOW_PROXY,3,3,0,0,0,0,lower-bound at 1-minute resolution
btc-updown-15m-1787814000,weekday,LOW_PROXY,1,1,1,1,1,1,lower-bound at 1-minute resolution
btc-updown-15m-1787835600,weekday,LOW_PROXY,2,1,0,0,0,0,lower-bound at 1-minute resolution
btc-updown-15m-1787878800,weekday,LOW_PROXY,0,0,0,0,0,0,lower-bound at 1-minute resolution
btc-updown-15m-1787900400,weekday,LOW_PROXY,0,1,0,0,0,0,lower-bound at 1-minute resolution
btc-updown-15m-1787922000,weekday,LOW_PROXY,2,1,0,0,0,0,lower-bound at 1-minute resolution
btc-updown-15m-1787981400,weekend,LOW_PROXY,1,0,0,0,0,0,lower-bound at 1-minute resolution
btc-updown-15m-1788003000,weekend,LOW_PROXY,0,0,0,0,0,0,lower-bound at 1-minute resolution
btc-updown-15m-1788013800,weekend,LOW_PROXY,0,0,0,0,0,0,lower-bound at 1-minute resolution
btc-updown-15m-1788024600,weekend,LOW_PROXY,2,1,1,0,0,0,lower-bound at 1-minute resolution
btc-updown-15m-1788035400,weekend,LOW_PROXY,0,1,0,0,0,0,lower-bound at 1-minute resolution
btc-updown-15m-1788046200,weekend,LOW_PROXY,5,2,3,2,1,0,lower-bound at 1-minute resolution
btc-updown-15m-1788067800,weekend,LOW_PROXY,0,0,0,0,0,0,lower-bound at 1-minute resolution
btc-updown-15m-1788089400,weekend,LOW_PROXY,2,2,0,0,0,0,lower-bound at 1-minute resolution
btc-updown-15m-1788100200,weekend,LOW_PROXY,2,3,0,0,0,0,lower-bound at 1-minute resolution
btc-updown-15m-1788111000,weekend,LOW_PROXY,1,2,0,0,0,0,lower-bound at 1-minute resolution
btc-updown-15m-1788121800,weekend,LOW_PROXY,2,1,0,0,0,0,lower-bound at 1-minute resolution
btc-updown-15m-1788132600,weekend,LOW_PROXY,3,0,0,0,0,0,lower-bound at 1-minute resolution
btc-updown-15m-1788181200,weekday,LOW_PROXY,0,1,0,0,0,0,lower-bound at 1-minute resolution
btc-updown-15m-1788202800,weekday,LOW_PROXY,0,0,0,0,0,0,lower-bound at 1-minute resolution
btc-updown-15m-1788224400,weekday,LOW_PROXY,1,1,1,1,1,0,lower-bound at 1-minute resolution
btc-updown-15m-1788289200,weekday,LOW_PROXY,2,3,0,0,0,0,lower-bound at 1-minute resolution
btc-updown-15m-1788310800,weekday,LOW_PROXY,4,3,1,0,0,0,lower-bound at 1-minute resolution
btc-updown-15m-1788332400,weekday,LOW_PROXY,2,1,1,0,0,0,lower-bound at 1-minute resolution
btc-updown-15m-1788354000,weekday,LOW_PROXY,0,0,0,0,0,0,lower-bound at 1-minute resolution
btc-updown-15m-1788397200,weekday,LOW_PROXY,1,2,0,0,0,0,lower-bound at 1-minute resolution
btc-updown-15m-1788418800,weekday,LOW_PROXY,0,1,0,0,0,0,lower-bound at 1-minute resolution
btc-updown-15m-1788462000,weekday,LOW_PROXY,10,4,4,3,2,2,lower-bound at 1-minute resolution
btc-updown-15m-1788526800,weekday,LOW_PROXY,2,3,0,0,0,0,lower-bound at 1-minute resolution
btc-updown-15m-1788548400,weekday,LOW_PROXY,0,0,0,0,0,0,lower-bound at 1-minute resolution
btc-updown-15m-1788570000,weekday,LOW_PROXY,2,3,0,0,0,0,lower-bound at 1-minute resolution
btc-updown-15m-1788586200,weekend,LOW_PROXY,1,1,0,0,0,0,lower-bound at 1-minute resolution
btc-updown-15m-1788597000,weekend,LOW_PROXY,0,1,0,0,0,0,lower-bound at 1-minute resolution
btc-updown-15m-1788607800,weekend,LOW_PROXY,1,1,1,1,1,1,lower-bound at 1-minute resolution
btc-updown-15m-1788629400,weekend,LOW_PROXY,2,1,1,1,1,1,lower-bound at 1-minute resolution
btc-updown-15m-1788640200,weekend,LOW_PROXY,5,3,0,0,0,0,lower-bound at 1-minute resolution
btc-updown-15m-1788651000,weekend,LOW_PROXY,3,1,1,0,0,0,lower-bound at 1-minute resolution
btc-updown-15m-1788661800,weekend,LOW_PROXY,1,0,1,1,1,0,lower-bound at 1-minute resolution
btc-updown-15m-1788672600,weekend,LOW_PROXY,0,0,0,0,0,0,lower-bound at 1-minute resolution
btc-updown-15m-1788683400,weekend,LOW_PROXY,0,0,0,0,0,0,lower-bound at 1-minute resolution
btc-updown-15m-1788694200,weekend,LOW_PROXY,1,2,0,0,0,0,lower-bound at 1-minute resolution
btc-updown-15m-1788705000,weekend,LOW_PROXY,1,1,1,0,0,0,lower-bound at 1-minute resolution
btc-updown-15m-1788737400,weekend,LOW_PROXY,0,0,0,0,0,0,lower-bound at 1-minute resolution
btc-updown-15m-1788748200,weekend,LOW_PROXY,2,2,0,0,0,0,lower-bound at 1-minute resolution
btc-updown-15m-1788764400,weekday,LOW_PROXY,2,1,1,1,1,0,lower-bound at 1-minute resolution
btc-updown-15m-1788807600,weekday,HIGH,3,1,0,0,0,0,lower-bound at 1-minute resolution
btc-updown-15m-1788850800,weekday,LOW_PROXY,2,1,0,0,0,0,lower-bound at 1-minute resolution
btc-updown-15m-1788872400,weekday,HIGH,0,0,0,0,0,0,lower-bound at 1-minute resolution
btc-updown-15m-1788915600,weekday,LOW_PROXY,4,1,2,1,1,1,lower-bound at 1-minute resolution
btc-updown-15m-1788937200,weekday,LOW_PROXY,0,0,0,0,0,0,lower-bound at 1-minute resolution
btc-updown-15m-1788958800,weekday,HIGH,4,2,1,0,0,0,lower-bound at 1-minute resolution
btc-updown-15m-1789045200,weekday,HIGH,1,1,1,1,1,0,lower-bound at 1-minute resolution
btc-updown-15m-1789066800,weekday,LOW_PROXY,0,0,0,0,0,0,lower-bound at 1-minute resolution
btc-updown-15m-1789088400,weekday,LOW_PROXY,1,1,1,1,1,1,lower-bound at 1-minute resolution
btc-updown-15m-1789153200,weekday,HIGH,2,2,0,0,0,0,lower-bound at 1-minute resolution
btc-updown-15m-1789174800,weekday,LOW_PROXY,1,2,0,0,0,0,lower-bound at 1-minute resolution
btc-updown-15m-1789191000,weekend,LOW_PROXY,0,0,0,0,0,0,lower-bound at 1-minute resolution
btc-updown-15m-1789201800,weekend,LOW_PROXY,0,1,0,0,0,0,lower-bound at 1-minute resolution
btc-updown-15m-1789212600,weekend,LOW_PROXY,0,1,0,0,0,0,lower-bound at 1-minute resolution
btc-updown-15m-1789234200,weekend,LOW_PROXY,1,1,0,0,0,0,lower-bound at 1-minute resolution
btc-updown-15m-1789245000,weekend,LOW_PROXY,4,2,2,2,2,1,lower-bound at 1-minute resolution
btc-updown-15m-1789255800,weekend,LOW_PROXY,0,0,0,0,0,0,lower-bound at 1-minute resolution
btc-updown-15m-1789299000,weekend,LOW_PROXY,1,1,0,0,0,0,lower-bound at 1-minute resolution
btc-updown-15m-1789309800,weekend,LOW_PROXY,3,3,0,0,0,0,lower-bound at 1-minute resolution
btc-updown-15m-1789320600,weekend,LOW_PROXY,0,1,0,0,0,0,lower-bound at 1-minute resolution
btc-updown-15m-1789331400,weekend,LOW_PROXY,1,0,0,0,0,0,lower-bound at 1-minute resolution
btc-updown-15m-1789342200,weekend,LOW_PROXY,0,1,0,0,0,0,lower-bound at 1-minute resolution
btc-updown-15m-1789353000,weekend,LOW_PROXY,1,1,0,0,0,0,lower-bound at 1-minute resolution
btc-updown-15m-1789369200,weekday,LOW_PROXY,1,1,0,0,0,0,lower-bound at 1-minute resolution
btc-updown-15m-1789390800,weekday,LOW_PROXY,1,0,1,1,1,1,lower-bound at 1-minute resolution
btc-updown-15m-1789434000,weekday,LOW_PROXY,0,1,0,0,0,0,lower-bound at 1-minute resolution
btc-updown-15m-1789455600,weekday,LOW_PROXY,2,1,0,0,0,0,lower-bound at 1-minute resolution
btc-updown-15m-1789498800,weekday,LOW_PROXY,2,2,1,1,1,1,lower-bound at 1-minute resolution
btc-updown-15m-1789563600,weekday,LOW_PROXY,0,0,0,0,0,0,lower-bound at 1-minute resolution
btc-updown-15m-1789585200,weekday,LOW_PROXY,0,0,0,0,0,0,lower-bound at 1-minute resolution
btc-updown-15m-1789606800,weekday,LOW_PROXY,2,0,0,0,0,0,lower-bound at 1-minute resolution
btc-updown-15m-1789628400,weekday,LOW_PROXY,0,1,0,0,0,0,lower-bound at 1-minute resolution
btc-updown-15m-1789671600,weekday,LOW_PROXY,3,2,1,0,0,0,lower-bound at 1-minute resolution
btc-updown-15m-1789714800,weekday,LOW_PROXY,0,1,0,0,0,0,lower-bound at 1-minute resolution
btc-updown-15m-1789736400,weekday,HIGH,0,0,0,0,0,0,lower-bound at 1-minute resolution
btc-updown-15m-1789779600,weekday,LOW_PROXY,1,2,0,0,0,0,lower-bound at 1-minute resolution
btc-updown-15m-1789795800,weekend,LOW_PROXY,6,2,3,2,1,0,lower-bound at 1-minute resolution
btc-updown-15m-1789806600,weekend,LOW_PROXY,1,1,0,0,0,0,lower-bound at 1-minute resolution
btc-updown-15m-1789817400,weekend,LOW_PROXY,3,3,1,1,0,0,lower-bound at 1-minute resolution
btc-updown-15m-1789839000,weekend,LOW_PROXY,3,3,0,0,0,0,lower-bound at 1-minute resolution
btc-updown-15m-1789849800,weekend,LOW_PROXY,2,1,0,0,0,0,lower-bound at 1-minute resolution
btc-updown-15m-1789860600,weekend,LOW_PROXY,1,1,1,0,0,0,lower-bound at 1-minute resolution
btc-updown-15m-1789871400,weekend,LOW_PROXY,0,1,0,0,0,0,lower-bound at 1-minute resolution
btc-updown-15m-1789882200,weekend,LOW_PROXY,1,1,0,0,0,0,lower-bound at 1-minute resolution
btc-updown-15m-1789893000,weekend,LOW_PROXY,2,3,0,0,0,0,lower-bound at 1-minute resolution
btc-updown-15m-1789903800,weekend,LOW_PROXY,0,0,0,0,0,0,lower-bound at 1-minute resolution
btc-updown-15m-1789914600,weekend,LOW_PROXY,1,2,0,0,0,0,lower-bound at 1-minute resolution
btc-updown-15m-1789925400,weekend,LOW_PROXY,0,0,0,0,0,0,lower-bound at 1-minute resolution
btc-updown-15m-1789947000,weekend,LOW_PROXY,3,3,0,0,0,0,lower-bound at 1-minute resolution
