slug,gamma_metadata_status,gamma_winner_status,public_trade_fetch_status,public_price_history_status,public_trade_rows,gamma_official_strike_available,local_chainlink_strike_available,reconstructed_strike_available,selected_strike_source,selected_strike_confidence,btc_candles_market_window,lifecycle_points_available,excluded_from_distance_analysis,exclusion_reason
btc-updown-15m-1785135600,success,resolved,success,empty,1297,False,False,True,RECONSTRUCTED_ADJACENT_MARKET_BINANCE_PROXY,LOW_PROXY,15,9,False,
btc-updown-15m-1785157200,success,resolved,success,empty,1054,False,False,True,RECONSTRUCTED_ADJACENT_MARKET_BINANCE_PROXY,LOW_PROXY,15,9,False,
btc-updown-15m-1785243600,success,resolved,success,empty,957,False,False,True,RECONSTRUCTED_ADJACENT_MARKET_BINANCE_PROXY,LOW_PROXY,15,9,False,
btc-updown-15m-1785265200,success,resolved,success,empty,970,False,False,True,RECONSTRUCTED_ADJACENT_MARKET_BINANCE_PROXY,LOW_PROXY,15,9,False,
btc-updown-15m-1785286800,success,resolved,success,empty,915,False,False,True,RECONSTRUCTED_ADJACENT_MARKET_BINANCE_PROXY,LOW_PROXY,15,9,False,
btc-updown-15m-1785351600,success,resolved,success,empty,804,False,False,True,RECONSTRUCTED_ADJACENT_MARKET_BINANCE_PROXY,LOW_PROXY,15,9,False,
btc-updown-15m-1785373200,success,resolved,success,empty,886,False,False,True,RECONSTRUCTED_ADJACENT_MARKET_BINANCE_PROXY,LOW_PROXY,15,9,False,
btc-updown-15m-1785394800,success,resolved,success,empty,737,False,False,True,RECONSTRUCTED_ADJACENT_MARKET_BINANCE_PROXY,LOW_PROXY,15,9,False,
btc-updown-15m-1785416400,success,resolved,success,empty,900,False,False,True,RECONSTRUCTED_ADJACENT_MARKET_BINANCE_PROXY,LOW_PROXY,15,9,False,
btc-updown-15m-1785459600,success,resolved,success,empty,464,False,False,True,RECONSTRUCTED_ADJACENT_MARKET_BINANCE_PROXY,LOW_PROXY,15,9,False,
btc-updown-15m-1785481200,success,resolved,success,empty,782,False,False,True,RECONSTRUCTED_ADJACENT_MARKET_BINANCE_PROXY,LOW_PROXY,15,9,False,
btc-updown-15m-1785524400,success,resolved,success,empty,812,False,False,True,RECONSTRUCTED_ADJACENT_MARKET_BINANCE_PROXY,LOW_PROXY,15,9,False,
btc-updown-15m-1785562200,success,resolved,success,empty,693,False,False,True,RECONSTRUCTED_ADJACENT_MARKET_BINANCE_PROXY,LOW_PROXY,15,9,False,
btc-updown-15m-1785573000,success,resolved,success,empty,836,False,False,True,RECONSTRUCTED_ADJACENT_MARKET_BINANCE_PROXY,LOW_PROXY,15,9,False,
btc-updown-15m-1785583800,success,resolved,success,empty,853,False,False,True,RECONSTRUCTED_ADJACENT_MARKET_BINANCE_PROXY,LOW_PROXY,15,9,False,
btc-updown-15m-1785594600,success,resolved,success,empty,790,False,False,True,RECONSTRUCTED_ADJACENT_MARKET_BINANCE_PROXY,LOW_PROXY,15,9,False,
btc-updown-15m-1785605400,success,resolved,success,empty,1468,False,False,True,RECONSTRUCTED_ADJACENT_MARKET_BINANCE_PROXY,LOW_PROXY,15,9,False,
btc-updown-15m-1785627000,success,resolved,success,empty,798,False,False,True,RECONSTRUCTED_ADJACENT_MARKET_BINANCE_PROXY,LOW_PROXY,15,9,False,
btc-updown-15m-1785648600,success,resolved,success,empty,608,False,False,True,RECONSTRUCTED_ADJACENT_MARKET_BINANCE_PROXY,LOW_PROXY,15,9,False,
btc-updown-15m-1785670200,success,resolved,success,empty,1149,False,False,True,RECONSTRUCTED_ADJACENT_MARKET_BINANCE_PROXY,LOW_PROXY,15,9,False,
btc-updown-15m-1785691800,success,resolved,success,empty,848,False,False,True,RECONSTRUCTED_ADJACENT_MARKET_BINANCE_PROXY,LOW_PROXY,15,9,False,
btc-updown-15m-1785702600,success,resolved,success,empty,665,False,False,True,RECONSTRUCTED_ADJACENT_MARKET_BINANCE_PROXY,LOW_PROXY,15,9,False,
btc-updown-15m-1785713400,success,resolved,success,empty,989,False,False,True,RECONSTRUCTED_ADJACENT_MARKET_BINANCE_PROXY,LOW_PROXY,15,9,False,
btc-updown-15m-1785724200,success,resolved,success,empty,590,False,False,True,RECONSTRUCTED_ADJACENT_MARKET_BINANCE_PROXY,LOW_PROXY,15,9,False,
btc-updown-15m-1785762000,success,resolved,success,empty,806,False,False,True,RECONSTRUCTED_ADJACENT_MARKET_BINANCE_PROXY,LOW_PROXY,15,9,False,
btc-updown-15m-1785783600,success,resolved,success,empty,919,False,False,True,RECONSTRUCTED_ADJACENT_MARKET_BINANCE_PROXY,LOW_PROXY,15,9,False,
btc-updown-15m-1785805200,success,resolved,success,empty,746,False,False,True,RECONSTRUCTED_ADJACENT_MARKET_BINANCE_PROXY,LOW_PROXY,15,9,False,
btc-updown-15m-1785826800,success,resolved,success,empty,668,False,False,True,RECONSTRUCTED_ADJACENT_MARKET_BINANCE_PROXY,LOW_PROXY,15,9,False,
btc-updown-15m-1785870000,success,resolved,success,empty,1029,False,False,True,RECONSTRUCTED_ADJACENT_MARKET_BINANCE_PROXY,LOW_PROXY,15,9,False,
btc-updown-15m-1785913200,success,resolved,success,success,797,False,False,True,RECONSTRUCTED_ADJACENT_MARKET_BINANCE_PROXY,LOW_PROXY,15,9,False,
btc-updown-15m-1785934800,success,resolved,success,success,536,False,False,True,RECONSTRUCTED_ADJACENT_MARKET_BINANCE_PROXY,LOW_PROXY,15,9,False,
btc-updown-15m-1785978000,success,resolved,success,success,886,False,False,True,RECONSTRUCTED_ADJACENT_MARKET_BINANCE_PROXY,LOW_PROXY,15,9,False,
btc-updown-15m-1785999600,success,resolved,success,success,1047,False,False,True,RECONSTRUCTED_ADJACENT_MARKET_BINANCE_PROXY,LOW_PROXY,15,9,False,
btc-updown-15m-1786021200,success,resolved,success,success,818,False,False,True,RECONSTRUCTED_ADJACENT_MARKET_BINANCE_PROXY,LOW_PROXY,15,9,False,
btc-updown-15m-1786107600,success,resolved,success,success,935,False,False,True,RECONSTRUCTED_ADJACENT_MARKET_BINANCE_PROXY,LOW_PROXY,15,9,False,
btc-updown-15m-1786129200,success,resolved,success,success,526,False,False,True,RECONSTRUCTED_ADJACENT_MARKET_BINANCE_PROXY,LOW_PROXY,15,9,False,
btc-updown-15m-1786150800,success,resolved,success,success,780,False,False,True,RECONSTRUCTED_ADJACENT_MARKET_BINANCE_PROXY,LOW_PROXY,15,9,False,
btc-updown-15m-1786167000,success,resolved,success,success,617,False,False,True,RECONSTRUCTED_ADJACENT_MARKET_BINANCE_PROXY,LOW_PROXY,15,9,False,
btc-updown-15m-1786177800,success,resolved,success,success,425,False,False,True,RECONSTRUCTED_ADJACENT_MARKET_BINANCE_PROXY,LOW_PROXY,15,9,False,
btc-updown-15m-1786188600,success,resolved,success,success,803,False,False,True,RECONSTRUCTED_ADJACENT_MARKET_BINANCE_PROXY,LOW_PROXY,15,9,False,
btc-updown-15m-1786210200,success,resolved,success,success,772,False,False,True,RECONSTRUCTED_ADJACENT_MARKET_BINANCE_PROXY,LOW_PROXY,15,9,False,
btc-updown-15m-1786221000,success,resolved,success,success,724,False,False,True,RECONSTRUCTED_ADJACENT_MARKET_BINANCE_PROXY,LOW_PROXY,15,9,False,
btc-updown-15m-1786231800,success,resolved,success,success,576,False,False,True,RECONSTRUCTED_ADJACENT_MARKET_BINANCE_PROXY,LOW_PROXY,15,9,False,
btc-updown-15m-1786242600,success,resolved,success,success,717,False,False,True,RECONSTRUCTED_ADJACENT_MARKET_BINANCE_PROXY,LOW_PROXY,15,9,False,
btc-updown-15m-1786253400,success,resolved,success,success,957,False,False,True,RECONSTRUCTED_ADJACENT_MARKET_BINANCE_PROXY,LOW_PROXY,15,9,False,
btc-updown-15m-1786275000,success,resolved,success,success,648,False,False,True,RECONSTRUCTED_ADJACENT_MARKET_BINANCE_PROXY,LOW_PROXY,15,9,False,
btc-updown-15m-1786285800,success,resolved,success,success,741,False,False,True,RECONSTRUCTED_ADJACENT_MARKET_BINANCE_PROXY,LOW_PROXY,15,9,False,
btc-updown-15m-1786296600,success,resolved,success,success,820,False,False,True,RECONSTRUCTED_ADJACENT_MARKET_BINANCE_PROXY,LOW_PROXY,15,9,False,
btc-updown-15m-1786318200,success,resolved,success,success,1170,False,False,True,RECONSTRUCTED_ADJACENT_MARKET_BINANCE_PROXY,LOW_PROXY,15,9,False,
btc-updown-15m-1786329000,success,resolved,success,success,630,False,False,True,RECONSTRUCTED_ADJACENT_MARKET_BINANCE_PROXY,LOW_PROXY,15,9,False,
btc-updown-15m-1786388400,success,resolved,success,success,841,False,False,True,RECONSTRUCTED_ADJACENT_MARKET_BINANCE_PROXY,LOW_PROXY,15,9,False,
btc-updown-15m-1786410000,success,resolved,success,success,996,False,False,True,RECONSTRUCTED_ADJACENT_MARKET_BINANCE_PROXY,LOW_PROXY,15,9,False,
btc-updown-15m-1786431600,success,resolved,success,success,945,False,False,True,RECONSTRUCTED_ADJACENT_MARKET_BINANCE_PROXY,LOW_PROXY,15,9,False,
btc-updown-15m-1786453200,success,resolved,success,success,1121,False,False,True,RECONSTRUCTED_ADJACENT_MARKET_BINANCE_PROXY,LOW_PROXY,15,9,False,
btc-updown-15m-1786496400,success,resolved,success,success,1394,False,False,True,RECONSTRUCTED_ADJACENT_MARKET_BINANCE_PROXY,LOW_PROXY,15,9,False,
btc-updown-15m-1786518000,success,resolved,success,success,486,False,False,True,RECONSTRUCTED_ADJACENT_MARKET_BINANCE_PROXY,LOW_PROXY,15,9,False,
btc-updown-15m-1786561200,success,resolved,success,success,1090,False,False,True,RECONSTRUCTED_ADJACENT_MARKET_BINANCE_PROXY,LOW_PROXY,15,9,False,
btc-updown-15m-1786626000,success,resolved,success,success,866,False,False,True,RECONSTRUCTED_ADJACENT_MARKET_BINANCE_PROXY,LOW_PROXY,15,9,False,
btc-updown-15m-1786647600,success,resolved,success,success,656,False,False,True,RECONSTRUCTED_ADJACENT_MARKET_BINANCE_PROXY,LOW_PROXY,15,9,False,
btc-updown-15m-1786669200,success,resolved,success,success,1600,False,False,True,RECONSTRUCTED_ADJACENT_MARKET_BINANCE_PROXY,LOW_PROXY,15,9,False,
btc-updown-15m-1786690800,success,resolved,success,success,859,False,False,True,RECONSTRUCTED_ADJACENT_MARKET_BINANCE_PROXY,LOW_PROXY,15,9,False,
btc-updown-15m-1786734000,success,resolved,success,success,690,False,False,True,RECONSTRUCTED_ADJACENT_MARKET_BINANCE_PROXY,LOW_PROXY,15,9,False,
btc-updown-15m-1786771800,success,resolved,success,success,531,False,False,True,RECONSTRUCTED_ADJACENT_MARKET_BINANCE_PROXY,LOW_PROXY,15,9,False,
btc-updown-15m-1786782600,success,resolved,success,success,673,False,False,True,RECONSTRUCTED_ADJACENT_MARKET_BINANCE_PROXY,LOW_PROXY,15,9,False,
btc-updown-15m-1786793400,success,resolved,success,success,638,False,False,True,RECONSTRUCTED_ADJACENT_MARKET_BINANCE_PROXY,LOW_PROXY,15,9,False,
btc-updown-15m-1786804200,success,resolved,success,success,954,False,False,True,RECONSTRUCTED_ADJACENT_MARKET_BINANCE_PROXY,LOW_PROXY,15,9,False,
btc-updown-15m-1786815000,success,resolved,success,success,1021,False,False,True,RECONSTRUCTED_ADJACENT_MARKET_BINANCE_PROXY,LOW_PROXY,15,9,False,
btc-updown-15m-1786825800,success,resolved,success,success,771,False,False,True,RECONSTRUCTED_ADJACENT_MARKET_BINANCE_PROXY,LOW_PROXY,15,9,False,
btc-updown-15m-1786858200,success,resolved,success,success,932,False,False,True,RECONSTRUCTED_ADJACENT_MARKET_BINANCE_PROXY,LOW_PROXY,15,9,False,
btc-updown-15m-1786879800,success,resolved,success,success,634,False,False,True,RECONSTRUCTED_ADJACENT_MARKET_BINANCE_PROXY,LOW_PROXY,15,9,False,
btc-updown-15m-1786890600,success,resolved,success,success,880,False,False,True,RECONSTRUCTED_ADJACENT_MARKET_BINANCE_PROXY,LOW_PROXY,15,9,False,
btc-updown-15m-1786901400,success,resolved,success,success,976,False,False,True,RECONSTRUCTED_ADJACENT_MARKET_BINANCE_PROXY,LOW_PROXY,15,9,False,
btc-updown-15m-1786923000,success,resolved,success,success,661,False,False,True,RECONSTRUCTED_ADJACENT_MARKET_BINANCE_PROXY,LOW_PROXY,15,9,False,
btc-updown-15m-1786933800,success,resolved,success,success,978,False,False,True,RECONSTRUCTED_ADJACENT_MARKET_BINANCE_PROXY,LOW_PROXY,15,9,False,
btc-updown-15m-1786950000,success,resolved,success,success,811,False,False,True,RECONSTRUCTED_ADJACENT_MARKET_BINANCE_PROXY,LOW_PROXY,15,9,False,
btc-updown-15m-1786971600,success,resolved,success,success,1308,False,False,True,RECONSTRUCTED_ADJACENT_MARKET_BINANCE_PROXY,LOW_PROXY,15,9,False,
btc-updown-15m-1787014800,success,resolved,success,success,1244,False,False,True,RECONSTRUCTED_ADJACENT_MARKET_BINANCE_PROXY,LOW_PROXY,15,9,False,
btc-updown-15m-1787036400,success,resolved,success,success,1333,False,False,True,RECONSTRUCTED_ADJACENT_MARKET_BINANCE_PROXY,LOW_PROXY,15,9,False,
btc-updown-15m-1787058000,success,resolved,success,success,653,False,False,True,RECONSTRUCTED_ADJACENT_MARKET_BINANCE_PROXY,LOW_PROXY,15,9,False,
btc-updown-15m-1787144400,success,resolved,success,success,1175,False,False,True,RECONSTRUCTED_ADJACENT_MARKET_BINANCE_PROXY,LOW_PROXY,15,9,False,
btc-updown-15m-1787166000,success,resolved,success,success,1626,False,False,True,RECONSTRUCTED_ADJACENT_MARKET_BINANCE_PROXY,LOW_PROXY,15,9,False,
btc-updown-15m-1787187600,success,resolved,success,success,1275,False,False,True,RECONSTRUCTED_ADJACENT_MARKET_BINANCE_PROXY,LOW_PROXY,15,9,False,
btc-updown-15m-1787252400,success,resolved,success,success,1596,False,False,True,RECONSTRUCTED_ADJACENT_MARKET_BINANCE_PROXY,LOW_PROXY,15,9,False,
btc-updown-15m-1787274000,success,resolved,success,success,817,False,False,True,RECONSTRUCTED_ADJACENT_MARKET_BINANCE_PROXY,LOW_PROXY,15,9,False,
btc-updown-15m-1787295600,success,resolved,success,success,1327,False,False,True,RECONSTRUCTED_ADJACENT_MARKET_BINANCE_PROXY,LOW_PROXY,15,9,False,
btc-updown-15m-1787317200,success,resolved,success,success,1778,False,False,True,RECONSTRUCTED_ADJACENT_MARKET_BINANCE_PROXY,LOW_PROXY,15,9,False,
btc-updown-15m-1787360400,success,resolved,success,success,676,False,False,True,RECONSTRUCTED_ADJACENT_MARKET_BINANCE_PROXY,LOW_PROXY,15,9,False,
btc-updown-15m-1787376600,success,resolved,success,success,1488,False,False,True,RECONSTRUCTED_ADJACENT_MARKET_BINANCE_PROXY,LOW_PROXY,15,9,False,
btc-updown-15m-1787387400,success,resolved,success,success,1783,False,False,True,RECONSTRUCTED_ADJACENT_MARKET_BINANCE_PROXY,LOW_PROXY,15,9,False,
btc-updown-15m-1787398200,success,resolved,success,success,490,False,False,True,RECONSTRUCTED_ADJACENT_MARKET_BINANCE_PROXY,LOW_PROXY,15,9,False,
btc-updown-15m-1787419800,success,resolved,success,success,747,False,False,True,RECONSTRUCTED_ADJACENT_MARKET_BINANCE_PROXY,LOW_PROXY,15,9,False,
btc-updown-15m-1787430600,success,resolved,success,success,1073,False,False,True,RECONSTRUCTED_ADJACENT_MARKET_BINANCE_PROXY,LOW_PROXY,15,9,False,
btc-updown-15m-1787441400,success,resolved,success,success,686,False,False,True,RECONSTRUCTED_ADJACENT_MARKET_BINANCE_PROXY,LOW_PROXY,15,9,False,
btc-updown-15m-1787452200,success,resolved,success,success,737,False,False,True,RECONSTRUCTED_ADJACENT_MARKET_BINANCE_PROXY,LOW_PROXY,15,9,False,
btc-updown-15m-1787463000,success,resolved,success,success,1137,False,False,True,RECONSTRUCTED_ADJACENT_MARKET_BINANCE_PROXY,LOW_PROXY,15,9,False,
btc-updown-15m-1787473800,success,resolved,success,success,650,False,False,True,RECONSTRUCTED_ADJACENT_MARKET_BINANCE_PROXY,LOW_PROXY,15,9,False,
btc-updown-15m-1787484600,success,resolved,success,success,742,False,False,True,RECONSTRUCTED_ADJACENT_MARKET_BINANCE_PROXY,LOW_PROXY,15,9,False,
btc-updown-15m-1787506200,success,resolved,success,success,1331,False,False,True,RECONSTRUCTED_ADJACENT_MARKET_BINANCE_PROXY,LOW_PROXY,15,9,False,
btc-updown-15m-1787527800,success,resolved,success,success,1112,False,False,True,RECONSTRUCTED_ADJACENT_MARKET_BINANCE_PROXY,LOW_PROXY,15,9,False,
btc-updown-15m-1787538600,success,resolved,success,success,1396,False,False,True,RECONSTRUCTED_ADJACENT_MARKET_BINANCE_PROXY,LOW_PROXY,15,9,False,
btc-updown-15m-1787554800,success,resolved,success,success,653,False,False,True,RECONSTRUCTED_ADJACENT_MARKET_BINANCE_PROXY,LOW_PROXY,15,9,False,
btc-updown-15m-1787598000,success,resolved,success,success,1319,False,False,True,RECONSTRUCTED_ADJACENT_MARKET_BINANCE_PROXY,LOW_PROXY,15,9,False,
btc-updown-15m-1787662800,success,resolved,success,success,1352,False,False,True,RECONSTRUCTED_ADJACENT_MARKET_BINANCE_PROXY,LOW_PROXY,15,9,False,
btc-updown-15m-1787684400,success,resolved,success,success,1291,False,False,True,RECONSTRUCTED_ADJACENT_MARKET_BINANCE_PROXY,LOW_PROXY,15,9,False,
btc-updown-15m-1787706000,success,resolved,success,success,759,False,False,True,RECONSTRUCTED_ADJACENT_MARKET_BINANCE_PROXY,LOW_PROXY,15,9,False,
btc-updown-15m-1787727600,success,resolved,empty,success,0,False,False,True,RECONSTRUCTED_ADJACENT_MARKET_BINANCE_PROXY,LOW_PROXY,15,9,False,
btc-updown-15m-1787770800,success,resolved,success,success,881,False,False,True,RECONSTRUCTED_ADJACENT_MARKET_BINANCE_PROXY,LOW_PROXY,15,9,False,
btc-updown-15m-1787814000,success,resolved,success,success,889,False,False,True,RECONSTRUCTED_ADJACENT_MARKET_BINANCE_PROXY,LOW_PROXY,15,9,False,
btc-updown-15m-1787835600,success,resolved,success,success,1170,False,False,True,RECONSTRUCTED_ADJACENT_MARKET_BINANCE_PROXY,LOW_PROXY,15,9,False,
btc-updown-15m-1787878800,success,resolved,success,success,781,False,False,True,RECONSTRUCTED_ADJACENT_MARKET_BINANCE_PROXY,LOW_PROXY,15,9,False,
btc-updown-15m-1787900400,success,resolved,success,success,634,False,False,True,RECONSTRUCTED_ADJACENT_MARKET_BINANCE_PROXY,LOW_PROXY,15,9,False,
btc-updown-15m-1787922000,success,resolved,success,success,893,False,False,True,RECONSTRUCTED_ADJACENT_MARKET_BINANCE_PROXY,LOW_PROXY,15,9,False,
btc-updown-15m-1787981400,success,resolved,success,success,692,False,False,True,RECONSTRUCTED_ADJACENT_MARKET_BINANCE_PROXY,LOW_PROXY,15,9,False,
btc-updown-15m-1788003000,success,resolved,success,success,576,False,False,True,RECONSTRUCTED_ADJACENT_MARKET_BINANCE_PROXY,LOW_PROXY,15,9,False,
btc-updown-15m-1788013800,success,resolved,success,success,570,False,False,True,RECONSTRUCTED_ADJACENT_MARKET_BINANCE_PROXY,LOW_PROXY,15,9,False,
btc-updown-15m-1788024600,success,resolved,success,success,1065,False,False,True,RECONSTRUCTED_ADJACENT_MARKET_BINANCE_PROXY,LOW_PROXY,15,9,False,
btc-updown-15m-1788035400,success,resolved,success,success,837,False,False,True,RECONSTRUCTED_ADJACENT_MARKET_BINANCE_PROXY,LOW_PROXY,15,9,False,
btc-updown-15m-1788046200,success,resolved,success,success,1400,False,False,True,RECONSTRUCTED_ADJACENT_MARKET_BINANCE_PROXY,LOW_PROXY,15,9,False,
btc-updown-15m-1788067800,success,resolved,success,success,704,False,False,True,RECONSTRUCTED_ADJACENT_MARKET_BINANCE_PROXY,LOW_PROXY,15,9,False,
btc-updown-15m-1788089400,success,resolved,success,success,1243,False,False,True,RECONSTRUCTED_ADJACENT_MARKET_BINANCE_PROXY,LOW_PROXY,15,9,False,
btc-updown-15m-1788100200,success,resolved,success,success,650,False,False,True,RECONSTRUCTED_ADJACENT_MARKET_BINANCE_PROXY,LOW_PROXY,15,9,False,
btc-updown-15m-1788111000,success,resolved,success,success,679,False,False,True,RECONSTRUCTED_ADJACENT_MARKET_BINANCE_PROXY,LOW_PROXY,15,9,False,
btc-updown-15m-1788121800,success,resolved,success,success,976,False,False,True,RECONSTRUCTED_ADJACENT_MARKET_BINANCE_PROXY,LOW_PROXY,15,9,False,
btc-updown-15m-1788132600,success,resolved,success,success,1216,False,False,True,RECONSTRUCTED_ADJACENT_MARKET_BINANCE_PROXY,LOW_PROXY,15,9,False,
btc-updown-15m-1788181200,success,resolved,success,success,663,False,False,True,RECONSTRUCTED_ADJACENT_MARKET_BINANCE_PROXY,LOW_PROXY,15,9,False,
btc-updown-15m-1788202800,success,resolved,success,success,907,False,False,True,RECONSTRUCTED_ADJACENT_MARKET_BINANCE_PROXY,LOW_PROXY,15,9,False,
btc-updown-15m-1788224400,success,resolved,success,success,712,False,False,True,RECONSTRUCTED_ADJACENT_MARKET_BINANCE_PROXY,LOW_PROXY,15,9,False,
btc-updown-15m-1788289200,success,resolved,success,success,1124,False,False,True,RECONSTRUCTED_ADJACENT_MARKET_BINANCE_PROXY,LOW_PROXY,15,9,False,
btc-updown-15m-1788310800,success,resolved,success,success,1130,False,False,True,RECONSTRUCTED_ADJACENT_MARKET_BINANCE_PROXY,LOW_PROXY,15,9,False,
btc-updown-15m-1788332400,success,resolved,success,success,714,False,False,True,RECONSTRUCTED_ADJACENT_MARKET_BINANCE_PROXY,LOW_PROXY,15,9,False,
btc-updown-15m-1788354000,success,resolved,success,success,581,False,False,True,RECONSTRUCTED_ADJACENT_MARKET_BINANCE_PROXY,LOW_PROXY,15,9,False,
btc-updown-15m-1788397200,success,resolved,success,success,786,False,False,True,RECONSTRUCTED_ADJACENT_MARKET_BINANCE_PROXY,LOW_PROXY,15,9,False,
btc-updown-15m-1788418800,success,resolved,success,success,768,False,False,True,RECONSTRUCTED_ADJACENT_MARKET_BINANCE_PROXY,LOW_PROXY,15,9,False,
btc-updown-15m-1788462000,success,resolved,empty,success,0,False,False,True,RECONSTRUCTED_ADJACENT_MARKET_BINANCE_PROXY,LOW_PROXY,15,9,False,
btc-updown-15m-1788526800,success,resolved,success,success,1185,False,False,True,RECONSTRUCTED_ADJACENT_MARKET_BINANCE_PROXY,LOW_PROXY,15,9,False,
btc-updown-15m-1788548400,success,resolved,success,success,676,False,False,True,RECONSTRUCTED_ADJACENT_MARKET_BINANCE_PROXY,LOW_PROXY,15,9,False,
btc-updown-15m-1788570000,success,resolved,success,success,770,False,False,True,RECONSTRUCTED_ADJACENT_MARKET_BINANCE_PROXY,LOW_PROXY,15,9,False,
btc-updown-15m-1788586200,success,resolved,success,success,1546,False,False,True,RECONSTRUCTED_ADJACENT_MARKET_BINANCE_PROXY,LOW_PROXY,15,9,False,
btc-updown-15m-1788597000,success,resolved,success,success,730,False,False,True,RECONSTRUCTED_ADJACENT_MARKET_BINANCE_PROXY,LOW_PROXY,15,9,False,
btc-updown-15m-1788607800,success,resolved,success,success,1282,False,False,True,RECONSTRUCTED_ADJACENT_MARKET_BINANCE_PROXY,LOW_PROXY,15,9,False,
btc-updown-15m-1788629400,success,resolved,success,success,1201,False,False,True,RECONSTRUCTED_ADJACENT_MARKET_BINANCE_PROXY,LOW_PROXY,15,9,False,
btc-updown-15m-1788640200,success,resolved,success,success,1033,False,False,True,RECONSTRUCTED_ADJACENT_MARKET_BINANCE_PROXY,LOW_PROXY,15,9,False,
btc-updown-15m-1788651000,success,resolved,success,success,3279,False,False,True,RECONSTRUCTED_ADJACENT_MARKET_BINANCE_PROXY,LOW_PROXY,15,9,False,
btc-updown-15m-1788661800,success,resolved,success,success,979,False,False,True,RECONSTRUCTED_ADJACENT_MARKET_BINANCE_PROXY,LOW_PROXY,15,9,False,
btc-updown-15m-1788672600,success,resolved,success,success,514,False,False,True,RECONSTRUCTED_ADJACENT_MARKET_BINANCE_PROXY,LOW_PROXY,15,9,False,
btc-updown-15m-1788683400,success,resolved,success,success,616,False,False,True,RECONSTRUCTED_ADJACENT_MARKET_BINANCE_PROXY,LOW_PROXY,15,9,False,
btc-updown-15m-1788694200,success,resolved,success,success,922,False,False,True,RECONSTRUCTED_ADJACENT_MARKET_BINANCE_PROXY,LOW_PROXY,15,9,False,
btc-updown-15m-1788705000,success,resolved,success,success,1737,False,False,True,RECONSTRUCTED_ADJACENT_MARKET_BINANCE_PROXY,LOW_PROXY,15,9,False,
btc-updown-15m-1788737400,success,resolved,success,success,497,False,False,True,RECONSTRUCTED_ADJACENT_MARKET_BINANCE_PROXY,LOW_PROXY,15,9,False,
btc-updown-15m-1788748200,success,resolved,success,success,694,False,False,True,RECONSTRUCTED_ADJACENT_MARKET_BINANCE_PROXY,LOW_PROXY,15,9,False,
btc-updown-15m-1788764400,success,resolved,success,success,1059,False,False,True,RECONSTRUCTED_ADJACENT_MARKET_BINANCE_PROXY,LOW_PROXY,15,9,False,
btc-updown-15m-1788807600,success,resolved,success,success,644,False,True,True,CHAINLINK_REFERENCE,HIGH,15,9,False,
btc-updown-15m-1788850800,success,resolved,success,success,622,False,False,True,RECONSTRUCTED_ADJACENT_MARKET_BINANCE_PROXY,LOW_PROXY,15,9,False,
btc-updown-15m-1788872400,success,resolved,success,success,824,False,True,True,CHAINLINK_REFERENCE,HIGH,15,9,False,
btc-updown-15m-1788915600,success,resolved,success,success,4951,False,False,True,RECONSTRUCTED_ADJACENT_MARKET_BINANCE_PROXY,LOW_PROXY,15,9,False,
btc-updown-15m-1788937200,success,resolved,success,success,576,False,False,True,RECONSTRUCTED_ADJACENT_MARKET_BINANCE_PROXY,LOW_PROXY,15,9,False,
btc-updown-15m-1788958800,success,resolved,success,success,915,False,True,True,CHAINLINK_REFERENCE,HIGH,15,9,False,
btc-updown-15m-1789045200,success,resolved,success,success,1422,False,True,True,CHAINLINK_REFERENCE,HIGH,15,9,False,
btc-updown-15m-1789066800,success,resolved,success,success,653,False,False,True,RECONSTRUCTED_ADJACENT_MARKET_BINANCE_PROXY,LOW_PROXY,15,9,False,
btc-updown-15m-1789088400,success,resolved,success,success,563,False,False,True,RECONSTRUCTED_ADJACENT_MARKET_BINANCE_PROXY,LOW_PROXY,15,9,False,
btc-updown-15m-1789153200,success,resolved,success,success,630,False,True,True,CHAINLINK_REFERENCE,HIGH,15,9,False,
btc-updown-15m-1789174800,success,resolved,success,success,617,False,False,True,RECONSTRUCTED_ADJACENT_MARKET_BINANCE_PROXY,LOW_PROXY,15,9,False,
btc-updown-15m-1789191000,success,resolved,success,success,617,False,False,True,RECONSTRUCTED_ADJACENT_MARKET_BINANCE_PROXY,LOW_PROXY,15,9,False,
btc-updown-15m-1789201800,success,resolved,success,success,389,False,False,True,RECONSTRUCTED_ADJACENT_MARKET_BINANCE_PROXY,LOW_PROXY,15,9,False,
btc-updown-15m-1789212600,success,resolved,success,success,438,False,False,True,RECONSTRUCTED_ADJACENT_MARKET_BINANCE_PROXY,LOW_PROXY,15,9,False,
btc-updown-15m-1789234200,success,resolved,success,success,526,False,False,True,RECONSTRUCTED_ADJACENT_MARKET_BINANCE_PROXY,LOW_PROXY,15,9,False,
btc-updown-15m-1789245000,success,resolved,success,success,973,False,False,True,RECONSTRUCTED_ADJACENT_MARKET_BINANCE_PROXY,LOW_PROXY,15,9,False,
btc-updown-15m-1789255800,success,resolved,success,success,770,False,False,True,RECONSTRUCTED_ADJACENT_MARKET_BINANCE_PROXY,LOW_PROXY,15,9,False,
btc-updown-15m-1789299000,success,resolved,success,success,331,False,False,True,RECONSTRUCTED_ADJACENT_MARKET_BINANCE_PROXY,LOW_PROXY,15,9,False,
btc-updown-15m-1789309800,success,resolved,success,success,621,False,False,True,RECONSTRUCTED_ADJACENT_MARKET_BINANCE_PROXY,LOW_PROXY,15,9,False,
btc-updown-15m-1789320600,success,resolved,success,success,340,False,False,True,RECONSTRUCTED_ADJACENT_MARKET_BINANCE_PROXY,LOW_PROXY,15,9,False,
btc-updown-15m-1789331400,success,resolved,success,success,719,False,False,True,RECONSTRUCTED_ADJACENT_MARKET_BINANCE_PROXY,LOW_PROXY,15,9,False,
btc-updown-15m-1789342200,success,resolved,success,success,547,False,False,True,RECONSTRUCTED_ADJACENT_MARKET_BINANCE_PROXY,LOW_PROXY,15,9,False,
btc-updown-15m-1789353000,success,resolved,success,success,1024,False,False,True,RECONSTRUCTED_ADJACENT_MARKET_BINANCE_PROXY,LOW_PROXY,15,9,False,
btc-updown-15m-1789369200,success,resolved,success,success,753,False,False,True,RECONSTRUCTED_ADJACENT_MARKET_BINANCE_PROXY,LOW_PROXY,15,9,False,
btc-updown-15m-1789390800,success,resolved,success,success,1529,False,False,True,RECONSTRUCTED_ADJACENT_MARKET_BINANCE_PROXY,LOW_PROXY,15,9,False,
btc-updown-15m-1789434000,success,resolved,success,success,637,False,False,True,RECONSTRUCTED_ADJACENT_MARKET_BINANCE_PROXY,LOW_PROXY,15,9,False,
btc-updown-15m-1789455600,success,resolved,success,success,887,False,False,True,RECONSTRUCTED_ADJACENT_MARKET_BINANCE_PROXY,LOW_PROXY,15,9,False,
btc-updown-15m-1789498800,success,resolved,success,success,1002,False,False,True,RECONSTRUCTED_ADJACENT_MARKET_BINANCE_PROXY,LOW_PROXY,15,9,False,
btc-updown-15m-1789563600,success,resolved,success,success,524,False,False,True,RECONSTRUCTED_ADJACENT_MARKET_BINANCE_PROXY,LOW_PROXY,15,9,False,
btc-updown-15m-1789585200,success,resolved,success,success,719,False,False,True,RECONSTRUCTED_ADJACENT_MARKET_BINANCE_PROXY,LOW_PROXY,15,9,False,
btc-updown-15m-1789606800,success,resolved,success,success,638,False,False,True,RECONSTRUCTED_ADJACENT_MARKET_BINANCE_PROXY,LOW_PROXY,15,9,False,
btc-updown-15m-1789628400,success,resolved,success,success,434,False,False,True,RECONSTRUCTED_ADJACENT_MARKET_BINANCE_PROXY,LOW_PROXY,15,9,False,
btc-updown-15m-1789671600,success,resolved,success,success,631,False,False,True,RECONSTRUCTED_ADJACENT_MARKET_BINANCE_PROXY,LOW_PROXY,15,9,False,
btc-updown-15m-1789714800,success,resolved,success,success,1132,False,False,True,RECONSTRUCTED_ADJACENT_MARKET_BINANCE_PROXY,LOW_PROXY,15,9,False,
btc-updown-15m-1789736400,success,resolved,success,success,1040,False,True,True,CHAINLINK_REFERENCE,HIGH,15,9,False,
btc-updown-15m-1789779600,success,resolved,success,success,622,False,False,True,RECONSTRUCTED_ADJACENT_MARKET_BINANCE_PROXY,LOW_PROXY,15,9,False,
btc-updown-15m-1789795800,success,resolved,success,success,638,False,False,True,RECONSTRUCTED_ADJACENT_MARKET_BINANCE_PROXY,LOW_PROXY,15,9,False,
btc-updown-15m-1789806600,success,resolved,success,success,513,False,False,True,RECONSTRUCTED_ADJACENT_MARKET_BINANCE_PROXY,LOW_PROXY,15,9,False,
btc-updown-15m-1789817400,success,resolved,success,success,1090,False,False,True,RECONSTRUCTED_ADJACENT_MARKET_BINANCE_PROXY,LOW_PROXY,15,9,False,
btc-updown-15m-1789839000,success,resolved,empty,success,0,False,False,True,RECONSTRUCTED_ADJACENT_MARKET_BINANCE_PROXY,LOW_PROXY,15,9,False,
btc-updown-15m-1789849800,success,resolved,success,success,952,False,False,True,RECONSTRUCTED_ADJACENT_MARKET_BINANCE_PROXY,LOW_PROXY,15,9,False,
btc-updown-15m-1789860600,success,resolved,success,success,2041,False,False,True,RECONSTRUCTED_ADJACENT_MARKET_BINANCE_PROXY,LOW_PROXY,15,9,False,
btc-updown-15m-1789871400,success,resolved,success,success,759,False,False,True,RECONSTRUCTED_ADJACENT_MARKET_BINANCE_PROXY,LOW_PROXY,15,9,False,
btc-updown-15m-1789882200,success,resolved,success,success,726,False,False,True,RECONSTRUCTED_ADJACENT_MARKET_BINANCE_PROXY,LOW_PROXY,15,9,False,
btc-updown-15m-1789893000,success,resolved,success,success,465,False,False,True,RECONSTRUCTED_ADJACENT_MARKET_BINANCE_PROXY,LOW_PROXY,15,9,False,
btc-updown-15m-1789903800,success,resolved,success,success,638,False,False,True,RECONSTRUCTED_ADJACENT_MARKET_BINANCE_PROXY,LOW_PROXY,15,9,False,
btc-updown-15m-1789914600,success,resolved,success,success,443,False,False,True,RECONSTRUCTED_ADJACENT_MARKET_BINANCE_PROXY,LOW_PROXY,15,9,False,
btc-updown-15m-1789925400,success,resolved,success,success,540,False,False,True,RECONSTRUCTED_ADJACENT_MARKET_BINANCE_PROXY,LOW_PROXY,15,9,False,
btc-updown-15m-1789947000,success,resolved,success,success,571,False,False,True,RECONSTRUCTED_ADJACENT_MARKET_BINANCE_PROXY,LOW_PROXY,15,9,False,
