lifecycle_time,day_type,strike_confidence,distance_bucket,n,markets_in_bucket,share,n_weekday,n_weekend
T+1m,weekday,ALL,<1bps,100,17,0.17,,
T+1m,weekday,ALL,1-2bps,100,7,0.07,,
T+1m,weekday,ALL,2-5bps,100,42,0.42,,
T+1m,weekday,ALL,5-10bps,100,28,0.28,,
T+1m,weekday,ALL,>10bps,100,6,0.06,,
T+1m,weekday,ALL,P(<1bps),100,17,0.17,,
T+1m,weekday,ALL,P(<2bps),100,24,0.24,,
T+1m,weekday,ALL,P(<5bps),100,66,0.66,,
T+1m,weekend,ALL,<1bps,100,56,0.56,,
T+1m,weekend,ALL,1-2bps,100,9,0.09,,
T+1m,weekend,ALL,2-5bps,100,20,0.2,,
T+1m,weekend,ALL,5-10bps,100,11,0.11,,
T+1m,weekend,ALL,>10bps,100,4,0.04,,
T+1m,weekend,ALL,P(<1bps),100,56,0.56,,
T+1m,weekend,ALL,P(<2bps),100,65,0.65,,
T+1m,weekend,ALL,P(<5bps),100,85,0.85,,
T+1m,weekend_minus_weekday,ALL,<1bps,,,0.39,100,100
T+1m,weekend_minus_weekday,ALL,1-2bps,,,0.01999999999999999,100,100
T+1m,weekend_minus_weekday,ALL,2-5bps,,,-0.21999999999999997,100,100
T+1m,weekend_minus_weekday,ALL,5-10bps,,,-0.17000000000000004,100,100
T+1m,weekend_minus_weekday,ALL,>10bps,,,-0.019999999999999997,100,100
T+1m,weekday,HIGH,<1bps,6,0,0.0,,
T+1m,weekday,HIGH,1-2bps,6,1,0.16666666666666666,,
T+1m,weekday,HIGH,2-5bps,6,1,0.16666666666666666,,
T+1m,weekday,HIGH,5-10bps,6,2,0.3333333333333333,,
T+1m,weekday,HIGH,>10bps,6,2,0.3333333333333333,,
T+1m,weekday,HIGH,P(<1bps),6,0,0.0,,
T+1m,weekday,HIGH,P(<2bps),6,1,0.16666666666666666,,
T+1m,weekday,HIGH,P(<5bps),6,2,0.3333333333333333,,
T+1m,weekend,HIGH,<1bps,0,0,,,
T+1m,weekend,HIGH,1-2bps,0,0,,,
T+1m,weekend,HIGH,2-5bps,0,0,,,
T+1m,weekend,HIGH,5-10bps,0,0,,,
T+1m,weekend,HIGH,>10bps,0,0,,,
T+1m,weekend,HIGH,P(<1bps),0,0,,,
T+1m,weekend,HIGH,P(<2bps),0,0,,,
T+1m,weekend,HIGH,P(<5bps),0,0,,,
T+1m,weekend_minus_weekday,HIGH,<1bps,,,,6,0
T+1m,weekend_minus_weekday,HIGH,1-2bps,,,,6,0
T+1m,weekend_minus_weekday,HIGH,2-5bps,,,,6,0
T+1m,weekend_minus_weekday,HIGH,5-10bps,,,,6,0
T+1m,weekend_minus_weekday,HIGH,>10bps,,,,6,0
T+1m,weekday,LOW_PROXY,<1bps,94,17,0.18085106382978725,,
T+1m,weekday,LOW_PROXY,1-2bps,94,6,0.06382978723404255,,
T+1m,weekday,LOW_PROXY,2-5bps,94,41,0.43617021276595747,,
T+1m,weekday,LOW_PROXY,5-10bps,94,26,0.2765957446808511,,
T+1m,weekday,LOW_PROXY,>10bps,94,4,0.0425531914893617,,
T+1m,weekday,LOW_PROXY,P(<1bps),94,17,0.18085106382978725,,
T+1m,weekday,LOW_PROXY,P(<2bps),94,23,0.24468085106382978,,
T+1m,weekday,LOW_PROXY,P(<5bps),94,64,0.6808510638297872,,
T+1m,weekend,LOW_PROXY,<1bps,100,56,0.56,,
T+1m,weekend,LOW_PROXY,1-2bps,100,9,0.09,,
T+1m,weekend,LOW_PROXY,2-5bps,100,20,0.2,,
T+1m,weekend,LOW_PROXY,5-10bps,100,11,0.11,,
T+1m,weekend,LOW_PROXY,>10bps,100,4,0.04,,
T+1m,weekend,LOW_PROXY,P(<1bps),100,56,0.56,,
T+1m,weekend,LOW_PROXY,P(<2bps),100,65,0.65,,
T+1m,weekend,LOW_PROXY,P(<5bps),100,85,0.85,,
T+1m,weekend_minus_weekday,LOW_PROXY,<1bps,,,0.37914893617021284,94,100
T+1m,weekend_minus_weekday,LOW_PROXY,1-2bps,,,0.02617021276595745,94,100
T+1m,weekend_minus_weekday,LOW_PROXY,2-5bps,,,-0.23617021276595745,94,100
T+1m,weekend_minus_weekday,LOW_PROXY,5-10bps,,,-0.1665957446808511,94,100
T+1m,weekend_minus_weekday,LOW_PROXY,>10bps,,,-0.0025531914893617003,94,100
T+2m,weekday,ALL,<1bps,100,12,0.12,,
T+2m,weekday,ALL,1-2bps,100,12,0.12,,
T+2m,weekday,ALL,2-5bps,100,32,0.32,,
T+2m,weekday,ALL,5-10bps,100,23,0.23,,
T+2m,weekday,ALL,>10bps,100,21,0.21,,
T+2m,weekday,ALL,P(<1bps),100,12,0.12,,
T+2m,weekday,ALL,P(<2bps),100,24,0.24,,
T+2m,weekday,ALL,P(<5bps),100,56,0.56,,
T+2m,weekend,ALL,<1bps,100,42,0.42,,
T+2m,weekend,ALL,1-2bps,100,14,0.14,,
T+2m,weekend,ALL,2-5bps,100,21,0.21,,
T+2m,weekend,ALL,5-10bps,100,11,0.11,,
T+2m,weekend,ALL,>10bps,100,12,0.12,,
T+2m,weekend,ALL,P(<1bps),100,42,0.42,,
T+2m,weekend,ALL,P(<2bps),100,56,0.56,,
T+2m,weekend,ALL,P(<5bps),100,77,0.77,,
T+2m,weekend_minus_weekday,ALL,<1bps,,,0.3,100,100
T+2m,weekend_minus_weekday,ALL,1-2bps,,,0.020000000000000018,100,100
T+2m,weekend_minus_weekday,ALL,2-5bps,,,-0.11000000000000001,100,100
T+2m,weekend_minus_weekday,ALL,5-10bps,,,-0.12000000000000001,100,100
T+2m,weekend_minus_weekday,ALL,>10bps,,,-0.09,100,100
T+2m,weekday,HIGH,<1bps,6,1,0.16666666666666666,,
T+2m,weekday,HIGH,1-2bps,6,1,0.16666666666666666,,
T+2m,weekday,HIGH,2-5bps,6,1,0.16666666666666666,,
T+2m,weekday,HIGH,5-10bps,6,0,0.0,,
T+2m,weekday,HIGH,>10bps,6,3,0.5,,
T+2m,weekday,HIGH,P(<1bps),6,1,0.16666666666666666,,
T+2m,weekday,HIGH,P(<2bps),6,2,0.3333333333333333,,
T+2m,weekday,HIGH,P(<5bps),6,3,0.5,,
T+2m,weekend,HIGH,<1bps,0,0,,,
T+2m,weekend,HIGH,1-2bps,0,0,,,
T+2m,weekend,HIGH,2-5bps,0,0,,,
T+2m,weekend,HIGH,5-10bps,0,0,,,
T+2m,weekend,HIGH,>10bps,0,0,,,
T+2m,weekend,HIGH,P(<1bps),0,0,,,
T+2m,weekend,HIGH,P(<2bps),0,0,,,
T+2m,weekend,HIGH,P(<5bps),0,0,,,
T+2m,weekend_minus_weekday,HIGH,<1bps,,,,6,0
T+2m,weekend_minus_weekday,HIGH,1-2bps,,,,6,0
T+2m,weekend_minus_weekday,HIGH,2-5bps,,,,6,0
T+2m,weekend_minus_weekday,HIGH,5-10bps,,,,6,0
T+2m,weekend_minus_weekday,HIGH,>10bps,,,,6,0
T+2m,weekday,LOW_PROXY,<1bps,94,11,0.11702127659574468,,
T+2m,weekday,LOW_PROXY,1-2bps,94,11,0.11702127659574468,,
T+2m,weekday,LOW_PROXY,2-5bps,94,31,0.32978723404255317,,
T+2m,weekday,LOW_PROXY,5-10bps,94,23,0.24468085106382978,,
T+2m,weekday,LOW_PROXY,>10bps,94,18,0.19148936170212766,,
T+2m,weekday,LOW_PROXY,P(<1bps),94,11,0.11702127659574468,,
T+2m,weekday,LOW_PROXY,P(<2bps),94,22,0.23404255319148937,,
T+2m,weekday,LOW_PROXY,P(<5bps),94,53,0.5638297872340425,,
T+2m,weekend,LOW_PROXY,<1bps,100,42,0.42,,
T+2m,weekend,LOW_PROXY,1-2bps,100,14,0.14,,
T+2m,weekend,LOW_PROXY,2-5bps,100,21,0.21,,
T+2m,weekend,LOW_PROXY,5-10bps,100,11,0.11,,
T+2m,weekend,LOW_PROXY,>10bps,100,12,0.12,,
T+2m,weekend,LOW_PROXY,P(<1bps),100,42,0.42,,
T+2m,weekend,LOW_PROXY,P(<2bps),100,56,0.56,,
T+2m,weekend,LOW_PROXY,P(<5bps),100,77,0.77,,
T+2m,weekend_minus_weekday,LOW_PROXY,<1bps,,,0.3029787234042553,94,100
T+2m,weekend_minus_weekday,LOW_PROXY,1-2bps,,,0.02297872340425533,94,100
T+2m,weekend_minus_weekday,LOW_PROXY,2-5bps,,,-0.11978723404255318,94,100
T+2m,weekend_minus_weekday,LOW_PROXY,5-10bps,,,-0.13468085106382977,94,100
T+2m,weekend_minus_weekday,LOW_PROXY,>10bps,,,-0.07148936170212766,94,100
T+3m,weekday,ALL,<1bps,100,12,0.12,,
T+3m,weekday,ALL,1-2bps,100,7,0.07,,
T+3m,weekday,ALL,2-5bps,100,34,0.34,,
T+3m,weekday,ALL,5-10bps,100,23,0.23,,
T+3m,weekday,ALL,>10bps,100,24,0.24,,
T+3m,weekday,ALL,P(<1bps),100,12,0.12,,
T+3m,weekday,ALL,P(<2bps),100,19,0.19,,
T+3m,weekday,ALL,P(<5bps),100,53,0.53,,
T+3m,weekend,ALL,<1bps,100,35,0.35,,
T+3m,weekend,ALL,1-2bps,100,13,0.13,,
T+3m,weekend,ALL,2-5bps,100,24,0.24,,
T+3m,weekend,ALL,5-10bps,100,17,0.17,,
T+3m,weekend,ALL,>10bps,100,11,0.11,,
T+3m,weekend,ALL,P(<1bps),100,35,0.35,,
T+3m,weekend,ALL,P(<2bps),100,48,0.48,,
T+3m,weekend,ALL,P(<5bps),100,72,0.72,,
T+3m,weekend_minus_weekday,ALL,<1bps,,,0.22999999999999998,100,100
T+3m,weekend_minus_weekday,ALL,1-2bps,,,0.06,100,100
T+3m,weekend_minus_weekday,ALL,2-5bps,,,-0.10000000000000003,100,100
T+3m,weekend_minus_weekday,ALL,5-10bps,,,-0.06,100,100
T+3m,weekend_minus_weekday,ALL,>10bps,,,-0.13,100,100
T+3m,weekday,HIGH,<1bps,6,0,0.0,,
T+3m,weekday,HIGH,1-2bps,6,0,0.0,,
T+3m,weekday,HIGH,2-5bps,6,3,0.5,,
T+3m,weekday,HIGH,5-10bps,6,1,0.16666666666666666,,
T+3m,weekday,HIGH,>10bps,6,2,0.3333333333333333,,
T+3m,weekday,HIGH,P(<1bps),6,0,0.0,,
T+3m,weekday,HIGH,P(<2bps),6,0,0.0,,
T+3m,weekday,HIGH,P(<5bps),6,3,0.5,,
T+3m,weekend,HIGH,<1bps,0,0,,,
T+3m,weekend,HIGH,1-2bps,0,0,,,
T+3m,weekend,HIGH,2-5bps,0,0,,,
T+3m,weekend,HIGH,5-10bps,0,0,,,
T+3m,weekend,HIGH,>10bps,0,0,,,
T+3m,weekend,HIGH,P(<1bps),0,0,,,
T+3m,weekend,HIGH,P(<2bps),0,0,,,
T+3m,weekend,HIGH,P(<5bps),0,0,,,
T+3m,weekend_minus_weekday,HIGH,<1bps,,,,6,0
T+3m,weekend_minus_weekday,HIGH,1-2bps,,,,6,0
T+3m,weekend_minus_weekday,HIGH,2-5bps,,,,6,0
T+3m,weekend_minus_weekday,HIGH,5-10bps,,,,6,0
T+3m,weekend_minus_weekday,HIGH,>10bps,,,,6,0
T+3m,weekday,LOW_PROXY,<1bps,94,12,0.1276595744680851,,
T+3m,weekday,LOW_PROXY,1-2bps,94,7,0.07446808510638298,,
T+3m,weekday,LOW_PROXY,2-5bps,94,31,0.32978723404255317,,
T+3m,weekday,LOW_PROXY,5-10bps,94,22,0.23404255319148937,,
T+3m,weekday,LOW_PROXY,>10bps,94,22,0.23404255319148937,,
T+3m,weekday,LOW_PROXY,P(<1bps),94,12,0.1276595744680851,,
T+3m,weekday,LOW_PROXY,P(<2bps),94,19,0.20212765957446807,,
T+3m,weekday,LOW_PROXY,P(<5bps),94,50,0.5319148936170213,,
T+3m,weekend,LOW_PROXY,<1bps,100,35,0.35,,
T+3m,weekend,LOW_PROXY,1-2bps,100,13,0.13,,
T+3m,weekend,LOW_PROXY,2-5bps,100,24,0.24,,
T+3m,weekend,LOW_PROXY,5-10bps,100,17,0.17,,
T+3m,weekend,LOW_PROXY,>10bps,100,11,0.11,,
T+3m,weekend,LOW_PROXY,P(<1bps),100,35,0.35,,
T+3m,weekend,LOW_PROXY,P(<2bps),100,48,0.48,,
T+3m,weekend,LOW_PROXY,P(<5bps),100,72,0.72,,
T+3m,weekend_minus_weekday,LOW_PROXY,<1bps,,,0.22234042553191488,94,100
T+3m,weekend_minus_weekday,LOW_PROXY,1-2bps,,,0.05553191489361703,94,100
T+3m,weekend_minus_weekday,LOW_PROXY,2-5bps,,,-0.08978723404255318,94,100
T+3m,weekend_minus_weekday,LOW_PROXY,5-10bps,,,-0.06404255319148935,94,100
T+3m,weekend_minus_weekday,LOW_PROXY,>10bps,,,-0.12404255319148937,94,100
T+5m,weekday,ALL,<1bps,100,10,0.1,,
T+5m,weekday,ALL,1-2bps,100,5,0.05,,
T+5m,weekday,ALL,2-5bps,100,22,0.22,,
T+5m,weekday,ALL,5-10bps,100,29,0.29,,
T+5m,weekday,ALL,>10bps,100,34,0.34,,
T+5m,weekday,ALL,P(<1bps),100,10,0.1,,
T+5m,weekday,ALL,P(<2bps),100,15,0.15,,
T+5m,weekday,ALL,P(<5bps),100,37,0.37,,
T+5m,weekend,ALL,<1bps,100,28,0.28,,
T+5m,weekend,ALL,1-2bps,100,13,0.13,,
T+5m,weekend,ALL,2-5bps,100,26,0.26,,
T+5m,weekend,ALL,5-10bps,100,22,0.22,,
T+5m,weekend,ALL,>10bps,100,11,0.11,,
T+5m,weekend,ALL,P(<1bps),100,28,0.28,,
T+5m,weekend,ALL,P(<2bps),100,41,0.41,,
T+5m,weekend,ALL,P(<5bps),100,67,0.67,,
T+5m,weekend_minus_weekday,ALL,<1bps,,,0.18000000000000002,100,100
T+5m,weekend_minus_weekday,ALL,1-2bps,,,0.08,100,100
T+5m,weekend_minus_weekday,ALL,2-5bps,,,0.04000000000000001,100,100
T+5m,weekend_minus_weekday,ALL,5-10bps,,,-0.06999999999999998,100,100
T+5m,weekend_minus_weekday,ALL,>10bps,,,-0.23000000000000004,100,100
T+5m,weekday,HIGH,<1bps,6,1,0.16666666666666666,,
T+5m,weekday,HIGH,1-2bps,6,0,0.0,,
T+5m,weekday,HIGH,2-5bps,6,1,0.16666666666666666,,
T+5m,weekday,HIGH,5-10bps,6,1,0.16666666666666666,,
T+5m,weekday,HIGH,>10bps,6,3,0.5,,
T+5m,weekday,HIGH,P(<1bps),6,1,0.16666666666666666,,
T+5m,weekday,HIGH,P(<2bps),6,1,0.16666666666666666,,
T+5m,weekday,HIGH,P(<5bps),6,2,0.3333333333333333,,
T+5m,weekend,HIGH,<1bps,0,0,,,
T+5m,weekend,HIGH,1-2bps,0,0,,,
T+5m,weekend,HIGH,2-5bps,0,0,,,
T+5m,weekend,HIGH,5-10bps,0,0,,,
T+5m,weekend,HIGH,>10bps,0,0,,,
T+5m,weekend,HIGH,P(<1bps),0,0,,,
T+5m,weekend,HIGH,P(<2bps),0,0,,,
T+5m,weekend,HIGH,P(<5bps),0,0,,,
T+5m,weekend_minus_weekday,HIGH,<1bps,,,,6,0
T+5m,weekend_minus_weekday,HIGH,1-2bps,,,,6,0
T+5m,weekend_minus_weekday,HIGH,2-5bps,,,,6,0
T+5m,weekend_minus_weekday,HIGH,5-10bps,,,,6,0
T+5m,weekend_minus_weekday,HIGH,>10bps,,,,6,0
T+5m,weekday,LOW_PROXY,<1bps,94,9,0.09574468085106383,,
T+5m,weekday,LOW_PROXY,1-2bps,94,5,0.05319148936170213,,
T+5m,weekday,LOW_PROXY,2-5bps,94,21,0.22340425531914893,,
T+5m,weekday,LOW_PROXY,5-10bps,94,28,0.2978723404255319,,
T+5m,weekday,LOW_PROXY,>10bps,94,31,0.32978723404255317,,
T+5m,weekday,LOW_PROXY,P(<1bps),94,9,0.09574468085106383,,
T+5m,weekday,LOW_PROXY,P(<2bps),94,14,0.14893617021276595,,
T+5m,weekday,LOW_PROXY,P(<5bps),94,35,0.3723404255319149,,
T+5m,weekend,LOW_PROXY,<1bps,100,28,0.28,,
T+5m,weekend,LOW_PROXY,1-2bps,100,13,0.13,,
T+5m,weekend,LOW_PROXY,2-5bps,100,26,0.26,,
T+5m,weekend,LOW_PROXY,5-10bps,100,22,0.22,,
T+5m,weekend,LOW_PROXY,>10bps,100,11,0.11,,
T+5m,weekend,LOW_PROXY,P(<1bps),100,28,0.28,,
T+5m,weekend,LOW_PROXY,P(<2bps),100,41,0.41,,
T+5m,weekend,LOW_PROXY,P(<5bps),100,67,0.67,,
T+5m,weekend_minus_weekday,LOW_PROXY,<1bps,,,0.1842553191489362,94,100
T+5m,weekend_minus_weekday,LOW_PROXY,1-2bps,,,0.07680851063829788,94,100
T+5m,weekend_minus_weekday,LOW_PROXY,2-5bps,,,0.03659574468085108,94,100
T+5m,weekend_minus_weekday,LOW_PROXY,5-10bps,,,-0.0778723404255319,94,100
T+5m,weekend_minus_weekday,LOW_PROXY,>10bps,,,-0.21978723404255318,94,100
T+10m,weekday,ALL,<1bps,100,3,0.03,,
T+10m,weekday,ALL,1-2bps,100,2,0.02,,
T+10m,weekday,ALL,2-5bps,100,26,0.26,,
T+10m,weekday,ALL,5-10bps,100,27,0.27,,
T+10m,weekday,ALL,>10bps,100,42,0.42,,
T+10m,weekday,ALL,P(<1bps),100,3,0.03,,
T+10m,weekday,ALL,P(<2bps),100,5,0.05,,
T+10m,weekday,ALL,P(<5bps),100,31,0.31,,
T+10m,weekend,ALL,<1bps,100,18,0.18,,
T+10m,weekend,ALL,1-2bps,100,13,0.13,,
T+10m,weekend,ALL,2-5bps,100,24,0.24,,
T+10m,weekend,ALL,5-10bps,100,26,0.26,,
T+10m,weekend,ALL,>10bps,100,19,0.19,,
T+10m,weekend,ALL,P(<1bps),100,18,0.18,,
T+10m,weekend,ALL,P(<2bps),100,31,0.31,,
T+10m,weekend,ALL,P(<5bps),100,55,0.55,,
T+10m,weekend_minus_weekday,ALL,<1bps,,,0.15,100,100
T+10m,weekend_minus_weekday,ALL,1-2bps,,,0.11,100,100
T+10m,weekend_minus_weekday,ALL,2-5bps,,,-0.020000000000000018,100,100
T+10m,weekend_minus_weekday,ALL,5-10bps,,,-0.010000000000000009,100,100
T+10m,weekend_minus_weekday,ALL,>10bps,,,-0.22999999999999998,100,100
T+10m,weekday,HIGH,<1bps,6,0,0.0,,
T+10m,weekday,HIGH,1-2bps,6,0,0.0,,
T+10m,weekday,HIGH,2-5bps,6,2,0.3333333333333333,,
T+10m,weekday,HIGH,5-10bps,6,2,0.3333333333333333,,
T+10m,weekday,HIGH,>10bps,6,2,0.3333333333333333,,
T+10m,weekday,HIGH,P(<1bps),6,0,0.0,,
T+10m,weekday,HIGH,P(<2bps),6,0,0.0,,
T+10m,weekday,HIGH,P(<5bps),6,2,0.3333333333333333,,
T+10m,weekend,HIGH,<1bps,0,0,,,
T+10m,weekend,HIGH,1-2bps,0,0,,,
T+10m,weekend,HIGH,2-5bps,0,0,,,
T+10m,weekend,HIGH,5-10bps,0,0,,,
T+10m,weekend,HIGH,>10bps,0,0,,,
T+10m,weekend,HIGH,P(<1bps),0,0,,,
T+10m,weekend,HIGH,P(<2bps),0,0,,,
T+10m,weekend,HIGH,P(<5bps),0,0,,,
T+10m,weekend_minus_weekday,HIGH,<1bps,,,,6,0
T+10m,weekend_minus_weekday,HIGH,1-2bps,,,,6,0
T+10m,weekend_minus_weekday,HIGH,2-5bps,,,,6,0
T+10m,weekend_minus_weekday,HIGH,5-10bps,,,,6,0
T+10m,weekend_minus_weekday,HIGH,>10bps,,,,6,0
T+10m,weekday,LOW_PROXY,<1bps,94,3,0.031914893617021274,,
T+10m,weekday,LOW_PROXY,1-2bps,94,2,0.02127659574468085,,
T+10m,weekday,LOW_PROXY,2-5bps,94,24,0.2553191489361702,,
T+10m,weekday,LOW_PROXY,5-10bps,94,25,0.26595744680851063,,
T+10m,weekday,LOW_PROXY,>10bps,94,40,0.425531914893617,,
T+10m,weekday,LOW_PROXY,P(<1bps),94,3,0.031914893617021274,,
T+10m,weekday,LOW_PROXY,P(<2bps),94,5,0.05319148936170213,,
T+10m,weekday,LOW_PROXY,P(<5bps),94,29,0.30851063829787234,,
T+10m,weekend,LOW_PROXY,<1bps,100,18,0.18,,
T+10m,weekend,LOW_PROXY,1-2bps,100,13,0.13,,
T+10m,weekend,LOW_PROXY,2-5bps,100,24,0.24,,
T+10m,weekend,LOW_PROXY,5-10bps,100,26,0.26,,
T+10m,weekend,LOW_PROXY,>10bps,100,19,0.19,,
T+10m,weekend,LOW_PROXY,P(<1bps),100,18,0.18,,
T+10m,weekend,LOW_PROXY,P(<2bps),100,31,0.31,,
T+10m,weekend,LOW_PROXY,P(<5bps),100,55,0.55,,
T+10m,weekend_minus_weekday,LOW_PROXY,<1bps,,,0.14808510638297873,94,100
T+10m,weekend_minus_weekday,LOW_PROXY,1-2bps,,,0.10872340425531915,94,100
T+10m,weekend_minus_weekday,LOW_PROXY,2-5bps,,,-0.015319148936170202,94,100
T+10m,weekend_minus_weekday,LOW_PROXY,5-10bps,,,-0.005957446808510625,94,100
T+10m,weekend_minus_weekday,LOW_PROXY,>10bps,,,-0.23553191489361702,94,100
T-5m,weekday,ALL,<1bps,100,10,0.1,,
T-5m,weekday,ALL,1-2bps,100,5,0.05,,
T-5m,weekday,ALL,2-5bps,100,22,0.22,,
T-5m,weekday,ALL,5-10bps,100,29,0.29,,
T-5m,weekday,ALL,>10bps,100,34,0.34,,
T-5m,weekday,ALL,P(<1bps),100,10,0.1,,
T-5m,weekday,ALL,P(<2bps),100,15,0.15,,
T-5m,weekday,ALL,P(<5bps),100,37,0.37,,
T-5m,weekend,ALL,<1bps,100,28,0.28,,
T-5m,weekend,ALL,1-2bps,100,13,0.13,,
T-5m,weekend,ALL,2-5bps,100,26,0.26,,
T-5m,weekend,ALL,5-10bps,100,22,0.22,,
T-5m,weekend,ALL,>10bps,100,11,0.11,,
T-5m,weekend,ALL,P(<1bps),100,28,0.28,,
T-5m,weekend,ALL,P(<2bps),100,41,0.41,,
T-5m,weekend,ALL,P(<5bps),100,67,0.67,,
T-5m,weekend_minus_weekday,ALL,<1bps,,,0.18000000000000002,100,100
T-5m,weekend_minus_weekday,ALL,1-2bps,,,0.08,100,100
T-5m,weekend_minus_weekday,ALL,2-5bps,,,0.04000000000000001,100,100
T-5m,weekend_minus_weekday,ALL,5-10bps,,,-0.06999999999999998,100,100
T-5m,weekend_minus_weekday,ALL,>10bps,,,-0.23000000000000004,100,100
T-5m,weekday,HIGH,<1bps,6,1,0.16666666666666666,,
T-5m,weekday,HIGH,1-2bps,6,0,0.0,,
T-5m,weekday,HIGH,2-5bps,6,1,0.16666666666666666,,
T-5m,weekday,HIGH,5-10bps,6,1,0.16666666666666666,,
T-5m,weekday,HIGH,>10bps,6,3,0.5,,
T-5m,weekday,HIGH,P(<1bps),6,1,0.16666666666666666,,
T-5m,weekday,HIGH,P(<2bps),6,1,0.16666666666666666,,
T-5m,weekday,HIGH,P(<5bps),6,2,0.3333333333333333,,
T-5m,weekend,HIGH,<1bps,0,0,,,
T-5m,weekend,HIGH,1-2bps,0,0,,,
T-5m,weekend,HIGH,2-5bps,0,0,,,
T-5m,weekend,HIGH,5-10bps,0,0,,,
T-5m,weekend,HIGH,>10bps,0,0,,,
T-5m,weekend,HIGH,P(<1bps),0,0,,,
T-5m,weekend,HIGH,P(<2bps),0,0,,,
T-5m,weekend,HIGH,P(<5bps),0,0,,,
T-5m,weekend_minus_weekday,HIGH,<1bps,,,,6,0
T-5m,weekend_minus_weekday,HIGH,1-2bps,,,,6,0
T-5m,weekend_minus_weekday,HIGH,2-5bps,,,,6,0
T-5m,weekend_minus_weekday,HIGH,5-10bps,,,,6,0
T-5m,weekend_minus_weekday,HIGH,>10bps,,,,6,0
T-5m,weekday,LOW_PROXY,<1bps,94,9,0.09574468085106383,,
T-5m,weekday,LOW_PROXY,1-2bps,94,5,0.05319148936170213,,
T-5m,weekday,LOW_PROXY,2-5bps,94,21,0.22340425531914893,,
T-5m,weekday,LOW_PROXY,5-10bps,94,28,0.2978723404255319,,
T-5m,weekday,LOW_PROXY,>10bps,94,31,0.32978723404255317,,
T-5m,weekday,LOW_PROXY,P(<1bps),94,9,0.09574468085106383,,
T-5m,weekday,LOW_PROXY,P(<2bps),94,14,0.14893617021276595,,
T-5m,weekday,LOW_PROXY,P(<5bps),94,35,0.3723404255319149,,
T-5m,weekend,LOW_PROXY,<1bps,100,28,0.28,,
T-5m,weekend,LOW_PROXY,1-2bps,100,13,0.13,,
T-5m,weekend,LOW_PROXY,2-5bps,100,26,0.26,,
T-5m,weekend,LOW_PROXY,5-10bps,100,22,0.22,,
T-5m,weekend,LOW_PROXY,>10bps,100,11,0.11,,
T-5m,weekend,LOW_PROXY,P(<1bps),100,28,0.28,,
T-5m,weekend,LOW_PROXY,P(<2bps),100,41,0.41,,
T-5m,weekend,LOW_PROXY,P(<5bps),100,67,0.67,,
T-5m,weekend_minus_weekday,LOW_PROXY,<1bps,,,0.1842553191489362,94,100
T-5m,weekend_minus_weekday,LOW_PROXY,1-2bps,,,0.07680851063829788,94,100
T-5m,weekend_minus_weekday,LOW_PROXY,2-5bps,,,0.03659574468085108,94,100
T-5m,weekend_minus_weekday,LOW_PROXY,5-10bps,,,-0.0778723404255319,94,100
T-5m,weekend_minus_weekday,LOW_PROXY,>10bps,,,-0.21978723404255318,94,100
T-3m,weekday,ALL,<1bps,100,3,0.03,,
T-3m,weekday,ALL,1-2bps,100,7,0.07,,
T-3m,weekday,ALL,2-5bps,100,26,0.26,,
T-3m,weekday,ALL,5-10bps,100,22,0.22,,
T-3m,weekday,ALL,>10bps,100,42,0.42,,
T-3m,weekday,ALL,P(<1bps),100,3,0.03,,
T-3m,weekday,ALL,P(<2bps),100,10,0.1,,
T-3m,weekday,ALL,P(<5bps),100,36,0.36,,
T-3m,weekend,ALL,<1bps,100,19,0.19,,
T-3m,weekend,ALL,1-2bps,100,9,0.09,,
T-3m,weekend,ALL,2-5bps,100,28,0.28,,
T-3m,weekend,ALL,5-10bps,100,23,0.23,,
T-3m,weekend,ALL,>10bps,100,21,0.21,,
T-3m,weekend,ALL,P(<1bps),100,19,0.19,,
T-3m,weekend,ALL,P(<2bps),100,28,0.28,,
T-3m,weekend,ALL,P(<5bps),100,56,0.56,,
T-3m,weekend_minus_weekday,ALL,<1bps,,,0.16,100,100
T-3m,weekend_minus_weekday,ALL,1-2bps,,,0.01999999999999999,100,100
T-3m,weekend_minus_weekday,ALL,2-5bps,,,0.020000000000000018,100,100
T-3m,weekend_minus_weekday,ALL,5-10bps,,,0.010000000000000009,100,100
T-3m,weekend_minus_weekday,ALL,>10bps,,,-0.21,100,100
T-3m,weekday,HIGH,<1bps,6,0,0.0,,
T-3m,weekday,HIGH,1-2bps,6,2,0.3333333333333333,,
T-3m,weekday,HIGH,2-5bps,6,0,0.0,,
T-3m,weekday,HIGH,5-10bps,6,0,0.0,,
T-3m,weekday,HIGH,>10bps,6,4,0.6666666666666666,,
T-3m,weekday,HIGH,P(<1bps),6,0,0.0,,
T-3m,weekday,HIGH,P(<2bps),6,2,0.3333333333333333,,
T-3m,weekday,HIGH,P(<5bps),6,2,0.3333333333333333,,
T-3m,weekend,HIGH,<1bps,0,0,,,
T-3m,weekend,HIGH,1-2bps,0,0,,,
T-3m,weekend,HIGH,2-5bps,0,0,,,
T-3m,weekend,HIGH,5-10bps,0,0,,,
T-3m,weekend,HIGH,>10bps,0,0,,,
T-3m,weekend,HIGH,P(<1bps),0,0,,,
T-3m,weekend,HIGH,P(<2bps),0,0,,,
T-3m,weekend,HIGH,P(<5bps),0,0,,,
T-3m,weekend_minus_weekday,HIGH,<1bps,,,,6,0
T-3m,weekend_minus_weekday,HIGH,1-2bps,,,,6,0
T-3m,weekend_minus_weekday,HIGH,2-5bps,,,,6,0
T-3m,weekend_minus_weekday,HIGH,5-10bps,,,,6,0
T-3m,weekend_minus_weekday,HIGH,>10bps,,,,6,0
T-3m,weekday,LOW_PROXY,<1bps,94,3,0.031914893617021274,,
T-3m,weekday,LOW_PROXY,1-2bps,94,5,0.05319148936170213,,
T-3m,weekday,LOW_PROXY,2-5bps,94,26,0.2765957446808511,,
T-3m,weekday,LOW_PROXY,5-10bps,94,22,0.23404255319148937,,
T-3m,weekday,LOW_PROXY,>10bps,94,38,0.40425531914893614,,
T-3m,weekday,LOW_PROXY,P(<1bps),94,3,0.031914893617021274,,
T-3m,weekday,LOW_PROXY,P(<2bps),94,8,0.0851063829787234,,
T-3m,weekday,LOW_PROXY,P(<5bps),94,34,0.3617021276595745,,
T-3m,weekend,LOW_PROXY,<1bps,100,19,0.19,,
T-3m,weekend,LOW_PROXY,1-2bps,100,9,0.09,,
T-3m,weekend,LOW_PROXY,2-5bps,100,28,0.28,,
T-3m,weekend,LOW_PROXY,5-10bps,100,23,0.23,,
T-3m,weekend,LOW_PROXY,>10bps,100,21,0.21,,
T-3m,weekend,LOW_PROXY,P(<1bps),100,19,0.19,,
T-3m,weekend,LOW_PROXY,P(<2bps),100,28,0.28,,
T-3m,weekend,LOW_PROXY,P(<5bps),100,56,0.56,,
T-3m,weekend_minus_weekday,LOW_PROXY,<1bps,,,0.15808510638297874,94,100
T-3m,weekend_minus_weekday,LOW_PROXY,1-2bps,,,0.03680851063829787,94,100
T-3m,weekend_minus_weekday,LOW_PROXY,2-5bps,,,0.003404255319148952,94,100
T-3m,weekend_minus_weekday,LOW_PROXY,5-10bps,,,-0.0040425531914893564,94,100
T-3m,weekend_minus_weekday,LOW_PROXY,>10bps,,,-0.19425531914893615,94,100
T-2m,weekday,ALL,<1bps,100,4,0.04,,
T-2m,weekday,ALL,1-2bps,100,1,0.01,,
T-2m,weekday,ALL,2-5bps,100,22,0.22,,
T-2m,weekday,ALL,5-10bps,100,24,0.24,,
T-2m,weekday,ALL,>10bps,100,49,0.49,,
T-2m,weekday,ALL,P(<1bps),100,4,0.04,,
T-2m,weekday,ALL,P(<2bps),100,5,0.05,,
T-2m,weekday,ALL,P(<5bps),100,27,0.27,,
T-2m,weekend,ALL,<1bps,100,18,0.18,,
T-2m,weekend,ALL,1-2bps,100,11,0.11,,
T-2m,weekend,ALL,2-5bps,100,25,0.25,,
T-2m,weekend,ALL,5-10bps,100,21,0.21,,
T-2m,weekend,ALL,>10bps,100,25,0.25,,
T-2m,weekend,ALL,P(<1bps),100,18,0.18,,
T-2m,weekend,ALL,P(<2bps),100,29,0.29,,
T-2m,weekend,ALL,P(<5bps),100,54,0.54,,
T-2m,weekend_minus_weekday,ALL,<1bps,,,0.13999999999999999,100,100
T-2m,weekend_minus_weekday,ALL,1-2bps,,,0.1,100,100
T-2m,weekend_minus_weekday,ALL,2-5bps,,,0.03,100,100
T-2m,weekend_minus_weekday,ALL,5-10bps,,,-0.03,100,100
T-2m,weekend_minus_weekday,ALL,>10bps,,,-0.24,100,100
T-2m,weekday,HIGH,<1bps,6,0,0.0,,
T-2m,weekday,HIGH,1-2bps,6,0,0.0,,
T-2m,weekday,HIGH,2-5bps,6,1,0.16666666666666666,,
T-2m,weekday,HIGH,5-10bps,6,1,0.16666666666666666,,
T-2m,weekday,HIGH,>10bps,6,4,0.6666666666666666,,
T-2m,weekday,HIGH,P(<1bps),6,0,0.0,,
T-2m,weekday,HIGH,P(<2bps),6,0,0.0,,
T-2m,weekday,HIGH,P(<5bps),6,1,0.16666666666666666,,
T-2m,weekend,HIGH,<1bps,0,0,,,
T-2m,weekend,HIGH,1-2bps,0,0,,,
T-2m,weekend,HIGH,2-5bps,0,0,,,
T-2m,weekend,HIGH,5-10bps,0,0,,,
T-2m,weekend,HIGH,>10bps,0,0,,,
T-2m,weekend,HIGH,P(<1bps),0,0,,,
T-2m,weekend,HIGH,P(<2bps),0,0,,,
T-2m,weekend,HIGH,P(<5bps),0,0,,,
T-2m,weekend_minus_weekday,HIGH,<1bps,,,,6,0
T-2m,weekend_minus_weekday,HIGH,1-2bps,,,,6,0
T-2m,weekend_minus_weekday,HIGH,2-5bps,,,,6,0
T-2m,weekend_minus_weekday,HIGH,5-10bps,,,,6,0
T-2m,weekend_minus_weekday,HIGH,>10bps,,,,6,0
T-2m,weekday,LOW_PROXY,<1bps,94,4,0.0425531914893617,,
T-2m,weekday,LOW_PROXY,1-2bps,94,1,0.010638297872340425,,
T-2m,weekday,LOW_PROXY,2-5bps,94,21,0.22340425531914893,,
T-2m,weekday,LOW_PROXY,5-10bps,94,23,0.24468085106382978,,
T-2m,weekday,LOW_PROXY,>10bps,94,45,0.4787234042553192,,
T-2m,weekday,LOW_PROXY,P(<1bps),94,4,0.0425531914893617,,
T-2m,weekday,LOW_PROXY,P(<2bps),94,5,0.05319148936170213,,
T-2m,weekday,LOW_PROXY,P(<5bps),94,26,0.2765957446808511,,
T-2m,weekend,LOW_PROXY,<1bps,100,18,0.18,,
T-2m,weekend,LOW_PROXY,1-2bps,100,11,0.11,,
T-2m,weekend,LOW_PROXY,2-5bps,100,25,0.25,,
T-2m,weekend,LOW_PROXY,5-10bps,100,21,0.21,,
T-2m,weekend,LOW_PROXY,>10bps,100,25,0.25,,
T-2m,weekend,LOW_PROXY,P(<1bps),100,18,0.18,,
T-2m,weekend,LOW_PROXY,P(<2bps),100,29,0.29,,
T-2m,weekend,LOW_PROXY,P(<5bps),100,54,0.54,,
T-2m,weekend_minus_weekday,LOW_PROXY,<1bps,,,0.13744680851063829,94,100
T-2m,weekend_minus_weekday,LOW_PROXY,1-2bps,,,0.09936170212765957,94,100
T-2m,weekend_minus_weekday,LOW_PROXY,2-5bps,,,0.026595744680851074,94,100
T-2m,weekend_minus_weekday,LOW_PROXY,5-10bps,,,-0.03468085106382979,94,100
T-2m,weekend_minus_weekday,LOW_PROXY,>10bps,,,-0.22872340425531917,94,100
T-1m,weekday,ALL,<1bps,100,5,0.05,,
T-1m,weekday,ALL,1-2bps,100,1,0.01,,
T-1m,weekday,ALL,2-5bps,100,19,0.19,,
T-1m,weekday,ALL,5-10bps,100,28,0.28,,
T-1m,weekday,ALL,>10bps,100,47,0.47,,
T-1m,weekday,ALL,P(<1bps),100,5,0.05,,
T-1m,weekday,ALL,P(<2bps),100,6,0.06,,
T-1m,weekday,ALL,P(<5bps),100,25,0.25,,
T-1m,weekend,ALL,<1bps,100,16,0.16,,
T-1m,weekend,ALL,1-2bps,100,9,0.09,,
T-1m,weekend,ALL,2-5bps,100,28,0.28,,
T-1m,weekend,ALL,5-10bps,100,17,0.17,,
T-1m,weekend,ALL,>10bps,100,30,0.3,,
T-1m,weekend,ALL,P(<1bps),100,16,0.16,,
T-1m,weekend,ALL,P(<2bps),100,25,0.25,,
T-1m,weekend,ALL,P(<5bps),100,53,0.53,,
T-1m,weekend_minus_weekday,ALL,<1bps,,,0.11,100,100
T-1m,weekend_minus_weekday,ALL,1-2bps,,,0.08,100,100
T-1m,weekend_minus_weekday,ALL,2-5bps,,,0.09000000000000002,100,100
T-1m,weekend_minus_weekday,ALL,5-10bps,,,-0.11000000000000001,100,100
T-1m,weekend_minus_weekday,ALL,>10bps,,,-0.16999999999999998,100,100
T-1m,weekday,HIGH,<1bps,6,0,0.0,,
T-1m,weekday,HIGH,1-2bps,6,0,0.0,,
T-1m,weekday,HIGH,2-5bps,6,1,0.16666666666666666,,
T-1m,weekday,HIGH,5-10bps,6,4,0.6666666666666666,,
T-1m,weekday,HIGH,>10bps,6,1,0.16666666666666666,,
T-1m,weekday,HIGH,P(<1bps),6,0,0.0,,
T-1m,weekday,HIGH,P(<2bps),6,0,0.0,,
T-1m,weekday,HIGH,P(<5bps),6,1,0.16666666666666666,,
T-1m,weekend,HIGH,<1bps,0,0,,,
T-1m,weekend,HIGH,1-2bps,0,0,,,
T-1m,weekend,HIGH,2-5bps,0,0,,,
T-1m,weekend,HIGH,5-10bps,0,0,,,
T-1m,weekend,HIGH,>10bps,0,0,,,
T-1m,weekend,HIGH,P(<1bps),0,0,,,
T-1m,weekend,HIGH,P(<2bps),0,0,,,
T-1m,weekend,HIGH,P(<5bps),0,0,,,
T-1m,weekend_minus_weekday,HIGH,<1bps,,,,6,0
T-1m,weekend_minus_weekday,HIGH,1-2bps,,,,6,0
T-1m,weekend_minus_weekday,HIGH,2-5bps,,,,6,0
T-1m,weekend_minus_weekday,HIGH,5-10bps,,,,6,0
T-1m,weekend_minus_weekday,HIGH,>10bps,,,,6,0
T-1m,weekday,LOW_PROXY,<1bps,94,5,0.05319148936170213,,
T-1m,weekday,LOW_PROXY,1-2bps,94,1,0.010638297872340425,,
T-1m,weekday,LOW_PROXY,2-5bps,94,18,0.19148936170212766,,
T-1m,weekday,LOW_PROXY,5-10bps,94,24,0.2553191489361702,,
T-1m,weekday,LOW_PROXY,>10bps,94,46,0.48936170212765956,,
T-1m,weekday,LOW_PROXY,P(<1bps),94,5,0.05319148936170213,,
T-1m,weekday,LOW_PROXY,P(<2bps),94,6,0.06382978723404255,,
T-1m,weekday,LOW_PROXY,P(<5bps),94,24,0.2553191489361702,,
T-1m,weekend,LOW_PROXY,<1bps,100,16,0.16,,
T-1m,weekend,LOW_PROXY,1-2bps,100,9,0.09,,
T-1m,weekend,LOW_PROXY,2-5bps,100,28,0.28,,
T-1m,weekend,LOW_PROXY,5-10bps,100,17,0.17,,
T-1m,weekend,LOW_PROXY,>10bps,100,30,0.3,,
T-1m,weekend,LOW_PROXY,P(<1bps),100,16,0.16,,
T-1m,weekend,LOW_PROXY,P(<2bps),100,25,0.25,,
T-1m,weekend,LOW_PROXY,P(<5bps),100,53,0.53,,
T-1m,weekend_minus_weekday,LOW_PROXY,<1bps,,,0.10680851063829788,94,100
T-1m,weekend_minus_weekday,LOW_PROXY,1-2bps,,,0.07936170212765957,94,100
T-1m,weekend_minus_weekday,LOW_PROXY,2-5bps,,,0.08851063829787237,94,100
T-1m,weekend_minus_weekday,LOW_PROXY,5-10bps,,,-0.08531914893617018,94,100
T-1m,weekend_minus_weekday,LOW_PROXY,>10bps,,,-0.18936170212765957,94,100
