slug,local_date,week,weekday_weekend,winner,observation_sec,threshold_bps,trend_bps,side,entry_price,net_pnl,zero_fee_net_pnl,tplus3_abs_distance_usd,tplus3_abs_distance_bps,safety_sigma,crossings_prior_5m,distance_bucket,strike_confidence,analysis_note
btc-updown-15m-1785157200,2026-07-27,2026-07-27,weekday,DOWN,180,0,4.005469686261254,UP,0.6253834058618586,-10.1,-10.0,26.06999999999971,4.00546968626121,0.24061405990087312,2,2-5bps,LOW_PROXY,print-based entry proxy; not executable BBO
btc-updown-15m-1785157200,2026-07-27,2026-07-27,weekday,DOWN,180,2,4.005469686261254,UP,0.6253834058618586,-10.1,-10.0,26.06999999999971,4.00546968626121,0.24061405990087312,2,2-5bps,LOW_PROXY,print-based entry proxy; not executable BBO
btc-updown-15m-1785243600,2026-07-28,2026-07-27,weekday,DOWN,180,0,-3.990768986248394,DOWN,0.64,5.525,5.625,25.360000000000582,3.9907689862487765,0.2876966815946075,2,2-5bps,LOW_PROXY,print-based entry proxy; not executable BBO
btc-updown-15m-1785243600,2026-07-28,2026-07-27,weekday,DOWN,180,2,-3.990768986248394,DOWN,0.64,5.525,5.625,25.360000000000582,3.9907689862487765,0.2876966815946075,2,2-5bps,LOW_PROXY,print-based entry proxy; not executable BBO
btc-updown-15m-1785265200,2026-07-28,2026-07-27,weekday,UP,180,0,15.611641357764494,UP,0.9021526422945494,0.9845986933717118,1.0845986933717118,99.5,15.611641357764062,1.2968214164060925,1,>10bps,LOW_PROXY,print-based entry proxy; not executable BBO
btc-updown-15m-1785265200,2026-07-28,2026-07-27,weekday,UP,180,2,15.611641357764494,UP,0.9021526422945494,0.9845986933717118,1.0845986933717118,99.5,15.611641357764062,1.2968214164060925,1,>10bps,LOW_PROXY,print-based entry proxy; not executable BBO
btc-updown-15m-1785265200,2026-07-28,2026-07-27,weekday,UP,180,5,15.611641357764494,UP,0.9021526422945494,0.9845986933717118,1.0845986933717118,99.5,15.611641357764062,1.2968214164060925,1,>10bps,LOW_PROXY,print-based entry proxy; not executable BBO
btc-updown-15m-1785286800,2026-07-28,2026-07-27,weekday,DOWN,180,0,4.512618444507677,UP,0.629058149058149,-10.1,-10.0,28.87000000000262,4.514182774210432,0.21428956611504124,2,2-5bps,LOW_PROXY,print-based entry proxy; not executable BBO
btc-updown-15m-1785286800,2026-07-28,2026-07-27,weekday,DOWN,180,2,4.512618444507677,UP,0.629058149058149,-10.1,-10.0,28.87000000000262,4.514182774210432,0.21428956611504124,2,2-5bps,LOW_PROXY,print-based entry proxy; not executable BBO
btc-updown-15m-1785351600,2026-07-29,2026-07-27,weekday,DOWN,180,0,7.832373562670636,UP,0.6032434278823587,-10.1,-10.0,50.520000000004075,7.832373562670163,0.23209066345407503,1,5-10bps,LOW_PROXY,print-based entry proxy; not executable BBO
btc-updown-15m-1785351600,2026-07-29,2026-07-27,weekday,DOWN,180,2,7.832373562670636,UP,0.6032434278823587,-10.1,-10.0,50.520000000004075,7.832373562670163,0.23209066345407503,1,5-10bps,LOW_PROXY,print-based entry proxy; not executable BBO
btc-updown-15m-1785351600,2026-07-29,2026-07-27,weekday,DOWN,180,5,7.832373562670636,UP,0.6032434278823587,-10.1,-10.0,50.520000000004075,7.832373562670163,0.23209066345407503,1,5-10bps,LOW_PROXY,print-based entry proxy; not executable BBO
btc-updown-15m-1785373200,2026-07-29,2026-07-27,weekday,UP,180,0,9.933005980056198,UP,0.7616524816730084,3.029347360668335,3.1293473606683353,63.279999999998836,9.934577479028565,0.5743195837734762,1,5-10bps,LOW_PROXY,print-based entry proxy; not executable BBO
btc-updown-15m-1785373200,2026-07-29,2026-07-27,weekday,UP,180,2,9.933005980056198,UP,0.7616524816730084,3.029347360668335,3.1293473606683353,63.279999999998836,9.934577479028565,0.5743195837734762,1,5-10bps,LOW_PROXY,print-based entry proxy; not executable BBO
btc-updown-15m-1785373200,2026-07-29,2026-07-27,weekday,UP,180,5,9.933005980056198,UP,0.7616524816730084,3.029347360668335,3.1293473606683353,63.279999999998836,9.934577479028565,0.5743195837734762,1,5-10bps,LOW_PROXY,print-based entry proxy; not executable BBO
btc-updown-15m-1785394800,2026-07-30,2026-07-27,weekday,UP,180,0,18.922849117659624,UP,0.9317564286078125,0.6324185731044963,0.7324185731044963,121.09999999999854,18.92128370988384,1.760086662093275,1,>10bps,LOW_PROXY,print-based entry proxy; not executable BBO
btc-updown-15m-1785394800,2026-07-30,2026-07-27,weekday,UP,180,2,18.922849117659624,UP,0.9317564286078125,0.6324185731044963,0.7324185731044963,121.09999999999854,18.92128370988384,1.760086662093275,1,>10bps,LOW_PROXY,print-based entry proxy; not executable BBO
btc-updown-15m-1785394800,2026-07-30,2026-07-27,weekday,UP,180,5,18.922849117659624,UP,0.9317564286078125,0.6324185731044963,0.7324185731044963,121.09999999999854,18.92128370988384,1.760086662093275,1,>10bps,LOW_PROXY,print-based entry proxy; not executable BBO
btc-updown-15m-1785416400,2026-07-30,2026-07-27,weekday,DOWN,180,0,-7.547169811320531,DOWN,0.6980065312096636,4.226513510797297,4.326513510797296,49.0,7.547169811320754,0.6009263449990799,2,5-10bps,LOW_PROXY,print-based entry proxy; not executable BBO
btc-updown-15m-1785416400,2026-07-30,2026-07-27,weekday,DOWN,180,2,-7.547169811320531,DOWN,0.6980065312096636,4.226513510797297,4.326513510797296,49.0,7.547169811320754,0.6009263449990799,2,5-10bps,LOW_PROXY,print-based entry proxy; not executable BBO
btc-updown-15m-1785416400,2026-07-30,2026-07-27,weekday,DOWN,180,5,-7.547169811320531,DOWN,0.6980065312096636,4.226513510797297,4.326513510797296,49.0,7.547169811320754,0.6009263449990799,2,5-10bps,LOW_PROXY,print-based entry proxy; not executable BBO
btc-updown-15m-1785459600,2026-07-30,2026-07-27,weekday,UP,180,0,32.335304547306265,UP,0.9548107901747102,0.37327921186375834,0.4732792118637583,209.29999999999563,32.336854543327384,2.2914166204693656,1,>10bps,LOW_PROXY,print-based entry proxy; not executable BBO
btc-updown-15m-1785459600,2026-07-30,2026-07-27,weekday,UP,180,2,32.335304547306265,UP,0.9548107901747102,0.37327921186375834,0.4732792118637583,209.29999999999563,32.336854543327384,2.2914166204693656,1,>10bps,LOW_PROXY,print-based entry proxy; not executable BBO
btc-updown-15m-1785459600,2026-07-30,2026-07-27,weekday,UP,180,5,32.335304547306265,UP,0.9548107901747102,0.37327921186375834,0.4732792118637583,209.29999999999563,32.336854543327384,2.2914166204693656,1,>10bps,LOW_PROXY,print-based entry proxy; not executable BBO
btc-updown-15m-1785481200,2026-07-31,2026-07-27,weekday,DOWN,180,0,-6.532572486878108,DOWN,0.7399999970535083,3.4135135673208867,3.513513567320887,41.95999999999913,6.5325724868782835,0.556095232950148,1,5-10bps,LOW_PROXY,print-based entry proxy; not executable BBO
btc-updown-15m-1785481200,2026-07-31,2026-07-27,weekday,DOWN,180,2,-6.532572486878108,DOWN,0.7399999970535083,3.4135135673208867,3.513513567320887,41.95999999999913,6.5325724868782835,0.556095232950148,1,5-10bps,LOW_PROXY,print-based entry proxy; not executable BBO
btc-updown-15m-1785481200,2026-07-31,2026-07-27,weekday,DOWN,180,5,-6.532572486878108,DOWN,0.7399999970535083,3.4135135673208867,3.513513567320887,41.95999999999913,6.5325724868782835,0.556095232950148,1,5-10bps,LOW_PROXY,print-based entry proxy; not executable BBO
btc-updown-15m-1785524400,2026-07-31,2026-07-27,weekday,DOWN,180,0,2.9145337926639314,UP,0.6,-10.1,-10.0,18.389999999999418,2.9145337926641894,0.22700108543606948,0,2-5bps,LOW_PROXY,print-based entry proxy; not executable BBO
btc-updown-15m-1785524400,2026-07-31,2026-07-27,weekday,DOWN,180,2,2.9145337926639314,UP,0.6,-10.1,-10.0,18.389999999999418,2.9145337926641894,0.22700108543606948,0,2-5bps,LOW_PROXY,print-based entry proxy; not executable BBO
btc-updown-15m-1785562200,2026-08-01,2026-07-27,weekend,DOWN,180,0,-0.7939149037317073,DOWN,0.5199999862582785,9.130769738969006,9.230769738969006,5.010000000002037,0.7939149037321983,0.13188081599642096,0,<1bps,LOW_PROXY,print-based entry proxy; not executable BBO
btc-updown-15m-1785573000,2026-08-01,2026-07-27,weekend,UP,180,0,2.2173964658911416,UP,0.76,3.0578947368421043,3.1578947368421044,13.989999999997963,2.217396465891317,0.964948864186284,0,2-5bps,LOW_PROXY,print-based entry proxy; not executable BBO
btc-updown-15m-1785573000,2026-08-01,2026-07-27,weekend,UP,180,2,2.2173964658911416,UP,0.76,3.0578947368421043,3.1578947368421044,13.989999999997963,2.217396465891317,0.964948864186284,0,2-5bps,LOW_PROXY,print-based entry proxy; not executable BBO
btc-updown-15m-1785605400,2026-08-01,2026-07-27,weekend,DOWN,180,0,-4.446640709361294,DOWN,0.7241770385985874,3.7087780570229003,3.8087780570229004,27.939999999995052,4.446640709360951,0.5070933502447829,0,2-5bps,LOW_PROXY,print-based entry proxy; not executable BBO
btc-updown-15m-1785605400,2026-08-01,2026-07-27,weekend,DOWN,180,2,-4.446640709361294,DOWN,0.7241770385985874,3.7087780570229003,3.8087780570229004,27.939999999995052,4.446640709360951,0.5070933502447829,0,2-5bps,LOW_PROXY,print-based entry proxy; not executable BBO
btc-updown-15m-1785627000,2026-08-01,2026-07-27,weekend,UP,180,0,1.0594005067599,UP,0.57,7.443859649122809,7.543859649122808,6.650000000001455,1.0594005067600833,0.279957493797633,0,1-2bps,LOW_PROXY,print-based entry proxy; not executable BBO
btc-updown-15m-1785648600,2026-08-02,2026-07-27,weekend,DOWN,180,0,-3.9089796759828044,DOWN,0.716987615646971,3.8472422978694527,3.947242297869453,24.81999999999971,3.9089796759830224,0.49899824326340764,0,2-5bps,LOW_PROXY,print-based entry proxy; not executable BBO
btc-updown-15m-1785648600,2026-08-02,2026-07-27,weekend,DOWN,180,2,-3.9089796759828044,DOWN,0.716987615646971,3.8472422978694527,3.947242297869453,24.81999999999971,3.9089796759830224,0.49899824326340764,0,2-5bps,LOW_PROXY,print-based entry proxy; not executable BBO
btc-updown-15m-1785670200,2026-08-02,2026-07-27,weekend,DOWN,180,0,-4.434768841038439,DOWN,0.75,3.233333333333334,3.333333333333334,28.020000000004075,4.436351419197697,0.5798772998690238,1,2-5bps,LOW_PROXY,print-based entry proxy; not executable BBO
btc-updown-15m-1785670200,2026-08-02,2026-07-27,weekend,DOWN,180,2,-4.434768841038439,DOWN,0.75,3.233333333333334,3.333333333333334,28.020000000004075,4.436351419197697,0.5798772998690238,1,2-5bps,LOW_PROXY,print-based entry proxy; not executable BBO
btc-updown-15m-1785691800,2026-08-02,2026-07-27,weekend,UP,180,0,3.5997296568268666,UP,0.618197364599886,6.076063782595176,6.176063782595175,22.779999999998836,3.5997296568261157,0.2885514310866144,2,2-5bps,LOW_PROXY,print-based entry proxy; not executable BBO
btc-updown-15m-1785691800,2026-08-02,2026-07-27,weekend,UP,180,2,3.5997296568268666,UP,0.618197364599886,6.076063782595176,6.176063782595175,22.779999999998836,3.5997296568261157,0.2885514310866144,2,2-5bps,LOW_PROXY,print-based entry proxy; not executable BBO
btc-updown-15m-1785702600,2026-08-02,2026-07-27,weekend,UP,180,0,5.948657033900684,UP,0.8091676501730231,2.258378387793575,2.358378387793575,37.720000000001164,5.948657033900748,0.819137133026063,1,5-10bps,LOW_PROXY,print-based entry proxy; not executable BBO
btc-updown-15m-1785702600,2026-08-02,2026-07-27,weekend,UP,180,2,5.948657033900684,UP,0.8091676501730231,2.258378387793575,2.358378387793575,37.720000000001164,5.948657033900748,0.819137133026063,1,5-10bps,LOW_PROXY,print-based entry proxy; not executable BBO
btc-updown-15m-1785702600,2026-08-02,2026-07-27,weekend,UP,180,5,5.948657033900684,UP,0.8091676501730231,2.258378387793575,2.358378387793575,37.720000000001164,5.948657033900748,0.819137133026063,1,5-10bps,LOW_PROXY,print-based entry proxy; not executable BBO
btc-updown-15m-1785724200,2026-08-02,2026-07-27,weekend,UP,180,0,2.17969804528817,UP,0.5997323816825967,6.574103826016879,6.674103826016879,13.769999999996799,2.1812824737037126,0.19410482399289478,2,2-5bps,LOW_PROXY,print-based entry proxy; not executable BBO
btc-updown-15m-1785724200,2026-08-02,2026-07-27,weekend,UP,180,2,2.17969804528817,UP,0.5997323816825967,6.574103826016879,6.674103826016879,13.769999999996799,2.1812824737037126,0.19410482399289478,2,2-5bps,LOW_PROXY,print-based entry proxy; not executable BBO
btc-updown-15m-1785762000,2026-08-03,2026-08-03,weekday,UP,180,0,3.8261556896079796,UP,0.6299999849041544,5.773016253359685,5.873016253359685,24.0,3.827751196172249,0.2951003295348841,2,2-5bps,LOW_PROXY,print-based entry proxy; not executable BBO
btc-updown-15m-1785762000,2026-08-03,2026-08-03,weekday,UP,180,2,3.8261556896079796,UP,0.6299999849041544,5.773016253359685,5.873016253359685,24.0,3.827751196172249,0.2951003295348841,2,2-5bps,LOW_PROXY,print-based entry proxy; not executable BBO
btc-updown-15m-1785783600,2026-08-03,2026-08-03,weekday,UP,180,0,2.2185387485706975,UP,0.585576891470576,6.97717661960108,7.0771766196010795,14.169999999998254,2.2185387485716497,0.19962386384760566,0,2-5bps,LOW_PROXY,print-based entry proxy; not executable BBO
btc-updown-15m-1785783600,2026-08-03,2026-08-03,weekday,UP,180,2,2.2185387485706975,UP,0.585576891470576,6.97717661960108,7.0771766196010795,14.169999999998254,2.2185387485716497,0.19962386384760566,0,2-5bps,LOW_PROXY,print-based entry proxy; not executable BBO
btc-updown-15m-1785805200,2026-08-03,2026-08-03,weekday,UP,180,0,11.86357753858669,UP,0.7930285865770172,2.509885909867918,2.609885909867918,75.18000000000029,11.865157644196513,0.7774232491060704,2,>10bps,LOW_PROXY,print-based entry proxy; not executable BBO
btc-updown-15m-1785805200,2026-08-03,2026-08-03,weekday,UP,180,2,11.86357753858669,UP,0.7930285865770172,2.509885909867918,2.609885909867918,75.18000000000029,11.865157644196513,0.7774232491060704,2,>10bps,LOW_PROXY,print-based entry proxy; not executable BBO
btc-updown-15m-1785805200,2026-08-03,2026-08-03,weekday,UP,180,5,11.86357753858669,UP,0.7930285865770172,2.509885909867918,2.609885909867918,75.18000000000029,11.865157644196513,0.7774232491060704,2,>10bps,LOW_PROXY,print-based entry proxy; not executable BBO
btc-updown-15m-1785826800,2026-08-04,2026-08-03,weekday,DOWN,180,0,-0.6549395319610518,DOWN,0.5814453172205437,7.098521862386887,7.198521862386887,4.169999999998254,0.6549395319614031,0.08199943099740063,0,<1bps,LOW_PROXY,print-based entry proxy; not executable BBO
btc-updown-15m-1785870000,2026-08-04,2026-08-03,weekday,UP,180,0,-2.9903901642747144,DOWN,0.5918697478418867,-10.1,-10.0,19.229999999995925,2.990390164274887,0.2105688468998072,2,2-5bps,LOW_PROXY,print-based entry proxy; not executable BBO
btc-updown-15m-1785870000,2026-08-04,2026-08-03,weekday,UP,180,2,-2.9903901642747144,DOWN,0.5918697478418867,-10.1,-10.0,19.229999999995925,2.990390164274887,0.2105688468998072,2,2-5bps,LOW_PROXY,print-based entry proxy; not executable BBO
btc-updown-15m-1785934800,2026-08-05,2026-08-03,weekday,DOWN,180,0,-1.3197076497806215,DOWN,0.6030272914529683,6.4829973895633,6.5829973895633,8.489999999997963,1.3197076497806723,0.0800621292464129,3,1-2bps,LOW_PROXY,print-based entry proxy; not executable BBO
btc-updown-15m-1785978000,2026-08-05,2026-08-03,weekday,DOWN,180,0,-0.25988120953668314,DOWN,0.5,9.9,10.0,1.75,0.270709300132926,0.03204372702614537,1,<1bps,LOW_PROXY,print-based entry proxy; not executable BBO
btc-updown-15m-1785999600,2026-08-06,2026-08-03,weekday,UP,180,0,-2.47764415664542,DOWN,0.6232665465770036,-10.1,-10.0,16.06999999999971,2.4776441566450367,0.3352032858261879,0,2-5bps,LOW_PROXY,print-based entry proxy; not executable BBO
btc-updown-15m-1785999600,2026-08-06,2026-08-03,weekday,UP,180,2,-2.47764415664542,DOWN,0.6232665465770036,-10.1,-10.0,16.06999999999971,2.4776441566450367,0.3352032858261879,0,2-5bps,LOW_PROXY,print-based entry proxy; not executable BBO
btc-updown-15m-1786021200,2026-08-06,2026-08-03,weekday,DOWN,180,0,-3.7268713946869703,DOWN,0.5728283937583527,7.357235201609951,7.457235201609951,24.0,3.7253197566124423,0.433348350626336,1,2-5bps,LOW_PROXY,print-based entry proxy; not executable BBO
btc-updown-15m-1786021200,2026-08-06,2026-08-03,weekday,DOWN,180,2,-3.7268713946869703,DOWN,0.5728283937583527,7.357235201609951,7.457235201609951,24.0,3.7253197566124423,0.433348350626336,1,2-5bps,LOW_PROXY,print-based entry proxy; not executable BBO
btc-updown-15m-1786107600,2026-08-07,2026-08-03,weekday,DOWN,180,0,-12.609448187694827,DOWN,0.7830704605379255,2.6702429141951813,2.7702429141951814,82.33999999999651,12.61097783016387,0.6337303293508725,0,>10bps,LOW_PROXY,print-based entry proxy; not executable BBO
btc-updown-15m-1786107600,2026-08-07,2026-08-03,weekday,DOWN,180,2,-12.609448187694827,DOWN,0.7830704605379255,2.6702429141951813,2.7702429141951814,82.33999999999651,12.61097783016387,0.6337303293508725,0,>10bps,LOW_PROXY,print-based entry proxy; not executable BBO
btc-updown-15m-1786107600,2026-08-07,2026-08-03,weekday,DOWN,180,5,-12.609448187694827,DOWN,0.7830704605379255,2.6702429141951813,2.7702429141951814,82.33999999999651,12.61097783016387,0.6337303293508725,0,>10bps,LOW_PROXY,print-based entry proxy; not executable BBO
btc-updown-15m-1786129200,2026-08-07,2026-08-03,weekday,UP,180,0,8.68456760678038,UP,0.849999965392611,1.6647063613479633,1.7647063613479634,56.229999999995925,8.686113695558422,0.8402566071497023,1,5-10bps,LOW_PROXY,print-based entry proxy; not executable BBO
btc-updown-15m-1786129200,2026-08-07,2026-08-03,weekday,UP,180,2,8.68456760678038,UP,0.849999965392611,1.6647063613479633,1.7647063613479634,56.229999999995925,8.686113695558422,0.8402566071497023,1,5-10bps,LOW_PROXY,print-based entry proxy; not executable BBO
btc-updown-15m-1786129200,2026-08-07,2026-08-03,weekday,UP,180,5,8.68456760678038,UP,0.849999965392611,1.6647063613479633,1.7647063613479634,56.229999999995925,8.686113695558422,0.8402566071497023,1,5-10bps,LOW_PROXY,print-based entry proxy; not executable BBO
btc-updown-15m-1786188600,2026-08-08,2026-08-03,weekend,DOWN,180,0,-0.5402162527212706,DOWN,0.48999998040000003,10.308164081632684,10.408164081632684,3.5100000000020373,0.5402162527217875,0.2286617683033299,1,<1bps,LOW_PROXY,print-based entry proxy; not executable BBO
btc-updown-15m-1786210200,2026-08-08,2026-08-03,weekend,UP,180,0,1.225655645133994,UP,0.6748044752450687,4.719107410881206,4.819107410881205,7.9799999999959255,1.2256556451342815,0.4440729548771403,1,1-2bps,LOW_PROXY,print-based entry proxy; not executable BBO
btc-updown-15m-1786221000,2026-08-08,2026-08-03,weekend,UP,180,0,2.7221026744550514,UP,0.8499999754953891,1.664706221517116,1.764706221517116,17.709999999999127,2.7221026744542156,1.174783515323853,0,2-5bps,LOW_PROXY,print-based entry proxy; not executable BBO
btc-updown-15m-1786221000,2026-08-08,2026-08-03,weekend,UP,180,2,2.7221026744550514,UP,0.8499999754953891,1.664706221517116,1.764706221517116,17.709999999999127,2.7221026744542156,1.174783515323853,0,2-5bps,LOW_PROXY,print-based entry proxy; not executable BBO
btc-updown-15m-1786242600,2026-08-08,2026-08-03,weekend,DOWN,180,0,-2.2469792625556817,DOWN,0.65,5.284615384615384,5.384615384615383,14.569999999999709,2.246979262555858,0.4725963978088185,1,2-5bps,LOW_PROXY,print-based entry proxy; not executable BBO
btc-updown-15m-1786242600,2026-08-08,2026-08-03,weekend,DOWN,180,2,-2.2469792625556817,DOWN,0.65,5.284615384615384,5.384615384615383,14.569999999999709,2.246979262555858,0.4725963978088185,1,2-5bps,LOW_PROXY,print-based entry proxy; not executable BBO
btc-updown-15m-1786253400,2026-08-09,2026-08-03,weekend,DOWN,180,0,-0.1311913642121354,DOWN,0.5099999549500105,9.507844869280797,9.607844869280797,0.8399999999965075,0.1296479564081138,0.08677994406062188,2,<1bps,LOW_PROXY,print-based entry proxy; not executable BBO
btc-updown-15m-1786285800,2026-08-09,2026-08-03,weekend,DOWN,180,0,4.438138289197813,UP,0.8,-10.1,-10.0,28.93000000000029,4.438138289198218,0.5139049050476908,1,2-5bps,LOW_PROXY,print-based entry proxy; not executable BBO
btc-updown-15m-1786285800,2026-08-09,2026-08-03,weekend,DOWN,180,2,4.438138289197813,UP,0.8,-10.1,-10.0,28.93000000000029,4.438138289198218,0.5139049050476908,1,2-5bps,LOW_PROXY,print-based entry proxy; not executable BBO
btc-updown-15m-1786296600,2026-08-09,2026-08-03,weekend,DOWN,180,0,-0.004598465094263204,DOWN,0.4,14.9,15.0,0.020000000004074536,0.0030656438663094992,0.0011331368990207438,1,<1bps,LOW_PROXY,print-based entry proxy; not executable BBO
btc-updown-15m-1786318200,2026-08-09,2026-08-03,weekend,DOWN,180,0,-9.526180359061831,DOWN,0.8,2.4,2.5,61.849999999998545,9.527719347431875,0.8038455780591965,1,5-10bps,LOW_PROXY,print-based entry proxy; not executable BBO
btc-updown-15m-1786318200,2026-08-09,2026-08-03,weekend,DOWN,180,2,-9.526180359061831,DOWN,0.8,2.4,2.5,61.849999999998545,9.527719347431875,0.8038455780591965,1,5-10bps,LOW_PROXY,print-based entry proxy; not executable BBO
btc-updown-15m-1786318200,2026-08-09,2026-08-03,weekend,DOWN,180,5,-9.526180359061831,DOWN,0.8,2.4,2.5,61.849999999998545,9.527719347431875,0.8038455780591965,1,5-10bps,LOW_PROXY,print-based entry proxy; not executable BBO
btc-updown-15m-1786329000,2026-08-09,2026-08-03,weekend,UP,180,0,6.8077082593731575,UP,0.75,3.233333333333334,3.333333333333334,44.220000000001164,6.807708259372941,0.4414820721528355,1,5-10bps,LOW_PROXY,print-based entry proxy; not executable BBO
btc-updown-15m-1786329000,2026-08-09,2026-08-03,weekend,UP,180,2,6.8077082593731575,UP,0.75,3.233333333333334,3.333333333333334,44.220000000001164,6.807708259372941,0.4414820721528355,1,5-10bps,LOW_PROXY,print-based entry proxy; not executable BBO
btc-updown-15m-1786329000,2026-08-09,2026-08-03,weekend,UP,180,5,6.8077082593731575,UP,0.75,3.233333333333334,3.333333333333334,44.220000000001164,6.807708259372941,0.4414820721528355,1,5-10bps,LOW_PROXY,print-based entry proxy; not executable BBO
btc-updown-15m-1786388400,2026-08-10,2026-08-10,weekday,UP,180,0,2.2851994673911413,UP,0.55,8.08181818181818,8.18181818181818,14.599999999998545,2.285199467391776,0.18106825511004268,0,2-5bps,LOW_PROXY,print-based entry proxy; not executable BBO
btc-updown-15m-1786388400,2026-08-10,2026-08-10,weekday,UP,180,2,2.2851994673911413,UP,0.55,8.08181818181818,8.18181818181818,14.599999999998545,2.285199467391776,0.18106825511004268,0,2-5bps,LOW_PROXY,print-based entry proxy; not executable BBO
btc-updown-15m-1786410000,2026-08-10,2026-08-10,weekday,UP,180,0,-8.119923778899807,DOWN,0.8699999988093547,-10.1,-10.0,51.98999999999796,8.118363522797933,0.8780634632992729,2,5-10bps,LOW_PROXY,print-based entry proxy; not executable BBO
btc-updown-15m-1786410000,2026-08-10,2026-08-10,weekday,UP,180,2,-8.119923778899807,DOWN,0.8699999988093547,-10.1,-10.0,51.98999999999796,8.118363522797933,0.8780634632992729,2,5-10bps,LOW_PROXY,print-based entry proxy; not executable BBO
btc-updown-15m-1786410000,2026-08-10,2026-08-10,weekday,UP,180,5,-8.119923778899807,DOWN,0.8699999988093547,-10.1,-10.0,51.98999999999796,8.118363522797933,0.8780634632992729,2,5-10bps,LOW_PROXY,print-based entry proxy; not executable BBO
btc-updown-15m-1786431600,2026-08-11,2026-08-10,weekday,UP,180,0,3.8627910361355156,UP,0.7593974988347583,3.0683341271788396,3.1683341271788397,24.720000000001164,3.8643548903475486,0.504514754862979,1,2-5bps,LOW_PROXY,print-based entry proxy; not executable BBO
btc-updown-15m-1786431600,2026-08-11,2026-08-10,weekday,UP,180,2,3.8627910361355156,UP,0.7593974988347583,3.0683341271788396,3.1683341271788397,24.720000000001164,3.8643548903475486,0.504514754862979,1,2-5bps,LOW_PROXY,print-based entry proxy; not executable BBO
btc-updown-15m-1786453200,2026-08-11,2026-08-10,weekday,DOWN,180,0,-0.6466656303438789,DOWN,0.6,6.566666666666668,6.666666666666668,4.17000000000553,0.6482200142679179,0.10447001903650394,1,<1bps,LOW_PROXY,print-based entry proxy; not executable BBO
btc-updown-15m-1786496400,2026-08-11,2026-08-10,weekday,UP,180,0,-1.8935688784504912,DOWN,0.6840994027688997,-10.1,-10.0,12.069999999999709,1.8935688784502465,0.25712012862084244,2,1-2bps,LOW_PROXY,print-based entry proxy; not executable BBO
btc-updown-15m-1786518000,2026-08-12,2026-08-10,weekday,UP,180,0,2.0278763943415434,UP,0.72,3.788888888888889,3.8888888888888893,12.919999999998254,2.0278763943413227,0.25178596223768857,1,2-5bps,LOW_PROXY,print-based entry proxy; not executable BBO
btc-updown-15m-1786518000,2026-08-12,2026-08-10,weekday,UP,180,2,2.0278763943415434,UP,0.72,3.788888888888889,3.8888888888888893,12.919999999998254,2.0278763943413227,0.25178596223768857,1,2-5bps,LOW_PROXY,print-based entry proxy; not executable BBO
btc-updown-15m-1786561200,2026-08-12,2026-08-10,weekday,UP,180,0,0.5442792464904755,UP,0.54,8.41851851851852,8.518518518518519,3.4400000000023283,0.5427015398686581,0.06265137285025145,2,<1bps,LOW_PROXY,print-based entry proxy; not executable BBO
btc-updown-15m-1786626000,2026-08-13,2026-08-10,weekday,UP,180,0,11.877968707219022,UP,0.8199999974049641,2.0951219898131455,2.1951219898131455,75.65999999999622,11.877968707219251,0.9779569983655403,1,>10bps,LOW_PROXY,print-based entry proxy; not executable BBO
btc-updown-15m-1786626000,2026-08-13,2026-08-10,weekday,UP,180,2,11.877968707219022,UP,0.8199999974049641,2.0951219898131455,2.1951219898131455,75.65999999999622,11.877968707219251,0.9779569983655403,1,>10bps,LOW_PROXY,print-based entry proxy; not executable BBO
btc-updown-15m-1786626000,2026-08-13,2026-08-10,weekday,UP,180,5,11.877968707219022,UP,0.8199999974049641,2.0951219898131455,2.1951219898131455,75.65999999999622,11.877968707219251,0.9779569983655403,1,>10bps,LOW_PROXY,print-based entry proxy; not executable BBO
btc-updown-15m-1786647600,2026-08-13,2026-08-10,weekday,UP,180,0,4.997630706049527,UP,0.64,5.525,5.625,31.639999999999418,4.997630706049506,0.4655540401460519,0,2-5bps,LOW_PROXY,print-based entry proxy; not executable BBO
btc-updown-15m-1786647600,2026-08-13,2026-08-10,weekday,UP,180,2,4.997630706049527,UP,0.64,5.525,5.625,31.639999999999418,4.997630706049506,0.4655540401460519,0,2-5bps,LOW_PROXY,print-based entry proxy; not executable BBO
btc-updown-15m-1786669200,2026-08-13,2026-08-10,weekday,DOWN,180,0,3.383618094960905,UP,0.6318967580212402,-10.1,-10.0,21.5,3.383618094960062,0.32986951446259966,1,2-5bps,LOW_PROXY,print-based entry proxy; not executable BBO
btc-updown-15m-1786669200,2026-08-13,2026-08-10,weekday,DOWN,180,2,3.383618094960905,UP,0.6318967580212402,-10.1,-10.0,21.5,3.383618094960062,0.32986951446259966,1,2-5bps,LOW_PROXY,print-based entry proxy; not executable BBO
btc-updown-15m-1786690800,2026-08-14,2026-08-10,weekday,UP,180,0,8.552717035914537,UP,0.7702150503721618,2.8833869062518054,2.9833869062518055,53.86000000000058,8.552717035913565,0.6023217855535581,2,5-10bps,LOW_PROXY,print-based entry proxy; not executable BBO
btc-updown-15m-1786690800,2026-08-14,2026-08-10,weekday,UP,180,2,8.552717035914537,UP,0.7702150503721618,2.8833869062518054,2.9833869062518055,53.86000000000058,8.552717035913565,0.6023217855535581,2,5-10bps,LOW_PROXY,print-based entry proxy; not executable BBO
btc-updown-15m-1786690800,2026-08-14,2026-08-10,weekday,UP,180,5,8.552717035914537,UP,0.7702150503721618,2.8833869062518054,2.9833869062518055,53.86000000000058,8.552717035913565,0.6023217855535581,2,5-10bps,LOW_PROXY,print-based entry proxy; not executable BBO
btc-updown-15m-1786734000,2026-08-14,2026-08-10,weekday,DOWN,180,0,-3.9106938009381143,DOWN,0.675,4.7148148148148135,4.814814814814813,24.610000000000582,3.910693800938627,0.4230362746962885,0,2-5bps,LOW_PROXY,print-based entry proxy; not executable BBO
btc-updown-15m-1786734000,2026-08-14,2026-08-10,weekday,DOWN,180,2,-3.9106938009381143,DOWN,0.675,4.7148148148148135,4.814814814814813,24.610000000000582,3.910693800938627,0.4230362746962885,0,2-5bps,LOW_PROXY,print-based entry proxy; not executable BBO
btc-updown-15m-1786771800,2026-08-15,2026-08-10,weekend,DOWN,180,0,-0.158417021085544,DOWN,0.3853460611556596,15.850699924140459,15.950699924140459,1.0100000000020373,0.16000116594941322,0.057588918954665724,1,<1bps,LOW_PROXY,print-based entry proxy; not executable BBO
btc-updown-15m-1786793400,2026-08-15,2026-08-10,weekend,UP,180,0,1.0137622589478923,UP,0.5099999796,9.507843921568659,9.607843921568659,6.379999999997381,1.0121756159592141,0.3954310904881277,1,1-2bps,LOW_PROXY,print-based entry proxy; not executable BBO
btc-updown-15m-1786815000,2026-08-15,2026-08-10,weekend,UP,180,0,0.0015855275581344586,UP,0.5099999149666737,9.50784640651059,9.607846406510589,0.0,0.0,0.0,1,<1bps,LOW_PROXY,print-based entry proxy; not executable BBO
btc-updown-15m-1786858200,2026-08-16,2026-08-10,weekend,DOWN,180,0,-0.23148882194345966,DOWN,0.41807023171105445,13.819426071243006,13.919426071243006,1.4700000000011642,0.23307432486552074,0.08553992273403024,0,<1bps,LOW_PROXY,print-based entry proxy; not executable BBO
btc-updown-15m-1786879800,2026-08-16,2026-08-10,weekend,UP,180,0,0.011114297209235957,UP,0.42284486061926096,13.549335563295932,13.649335563295931,0.06000000000494765,0.009526538953612529,0.008688168506344247,2,<1bps,LOW_PROXY,print-based entry proxy; not executable BBO
btc-updown-15m-1786890600,2026-08-16,2026-08-10,weekend,UP,180,0,2.2828151105236394,UP,0.5827465397155706,7.060119054299049,7.160119054299049,14.400000000001455,2.282815110524151,0.7376439161638226,3,2-5bps,LOW_PROXY,print-based entry proxy; not executable BBO
btc-updown-15m-1786890600,2026-08-16,2026-08-10,weekend,UP,180,2,2.2828151105236394,UP,0.5827465397155706,7.060119054299049,7.160119054299049,14.400000000001455,2.282815110524151,0.7376439161638226,3,2-5bps,LOW_PROXY,print-based entry proxy; not executable BBO
btc-updown-15m-1786923000,2026-08-16,2026-08-10,weekend,UP,180,0,-0.2689113497922335,DOWN,0.3960873329037222,-10.1,-10.0,1.6999999999970896,0.2705024981696671,0.02259507291994606,3,<1bps,LOW_PROXY,print-based entry proxy; not executable BBO
btc-updown-15m-1786933800,2026-08-16,2026-08-10,weekend,UP,180,0,20.88912100781881,UP,0.8205547212848472,2.0868776580088713,2.1868776580088714,131.97999999999593,20.887535073032133,1.2541632332452384,2,>10bps,LOW_PROXY,print-based entry proxy; not executable BBO
btc-updown-15m-1786933800,2026-08-16,2026-08-10,weekend,UP,180,2,20.88912100781881,UP,0.8205547212848472,2.0868776580088713,2.1868776580088714,131.97999999999593,20.887535073032133,1.2541632332452384,2,>10bps,LOW_PROXY,print-based entry proxy; not executable BBO
btc-updown-15m-1786933800,2026-08-16,2026-08-10,weekend,UP,180,5,20.88912100781881,UP,0.8205547212848472,2.0868776580088713,2.1868776580088714,131.97999999999593,20.887535073032133,1.2541632332452384,2,>10bps,LOW_PROXY,print-based entry proxy; not executable BBO
btc-updown-15m-1786950000,2026-08-17,2026-08-17,weekday,DOWN,180,0,-11.000816736822516,DOWN,0.8299999933261554,1.9481928679611644,2.0481928679611645,70.02999999999884,10.999247816681326,1.3011399418682539,0,>10bps,LOW_PROXY,print-based entry proxy; not executable BBO
btc-updown-15m-1786950000,2026-08-17,2026-08-17,weekday,DOWN,180,2,-11.000816736822516,DOWN,0.8299999933261554,1.9481928679611644,2.0481928679611645,70.02999999999884,10.999247816681326,1.3011399418682539,0,>10bps,LOW_PROXY,print-based entry proxy; not executable BBO
btc-updown-15m-1786950000,2026-08-17,2026-08-17,weekday,DOWN,180,5,-11.000816736822516,DOWN,0.8299999933261554,1.9481928679611644,2.0481928679611645,70.02999999999884,10.999247816681326,1.3011399418682539,0,>10bps,LOW_PROXY,print-based entry proxy; not executable BBO
btc-updown-15m-1786971600,2026-08-17,2026-08-17,weekday,UP,180,0,-4.1680631015483804,DOWN,0.7485616980651123,-10.1,-10.0,26.4800000000032,4.1664903093702765,0.3634239595862547,1,2-5bps,LOW_PROXY,print-based entry proxy; not executable BBO
btc-updown-15m-1786971600,2026-08-17,2026-08-17,weekday,UP,180,2,-4.1680631015483804,DOWN,0.7485616980651123,-10.1,-10.0,26.4800000000032,4.1664903093702765,0.3634239595862547,1,2-5bps,LOW_PROXY,print-based entry proxy; not executable BBO
btc-updown-15m-1787014800,2026-08-17,2026-08-17,weekday,DOWN,180,0,-4.791583959422585,DOWN,0.677428349334137,4.661708762010441,4.761708762010441,30.839999999996508,4.790031515735348,0.6390841785704806,0,2-5bps,LOW_PROXY,print-based entry proxy; not executable BBO
btc-updown-15m-1787014800,2026-08-17,2026-08-17,weekday,DOWN,180,2,-4.791583959422585,DOWN,0.677428349334137,4.661708762010441,4.761708762010441,30.839999999996508,4.790031515735348,0.6390841785704806,0,2-5bps,LOW_PROXY,print-based entry proxy; not executable BBO
btc-updown-15m-1787036400,2026-08-18,2026-08-17,weekday,UP,180,0,0.25653770801215003,UP,0.4799998272,10.733340833336035,10.833340833336035,1.6500000000014552,0.2565377080114946,0.02702688760917701,1,<1bps,LOW_PROXY,print-based entry proxy; not executable BBO
btc-updown-15m-1787058000,2026-08-18,2026-08-17,weekday,DOWN,180,0,-9.07675258391527,DOWN,0.7816336789051045,2.6937168905103763,2.7937168905103764,58.299999999995634,9.07675258391569,1.277746601713488,2,5-10bps,LOW_PROXY,print-based entry proxy; not executable BBO
btc-updown-15m-1787058000,2026-08-18,2026-08-17,weekday,DOWN,180,2,-9.07675258391527,DOWN,0.7816336789051045,2.6937168905103763,2.7937168905103764,58.299999999995634,9.07675258391569,1.277746601713488,2,5-10bps,LOW_PROXY,print-based entry proxy; not executable BBO
btc-updown-15m-1787058000,2026-08-18,2026-08-17,weekday,DOWN,180,5,-9.07675258391527,DOWN,0.7816336789051045,2.6937168905103763,2.7937168905103764,58.299999999995634,9.07675258391569,1.277746601713488,2,5-10bps,LOW_PROXY,print-based entry proxy; not executable BBO
btc-updown-15m-1787144400,2026-08-19,2026-08-17,weekday,UP,180,0,-13.692517895909084,DOWN,0.7997191743075556,-10.1,-10.0,88.84000000000378,13.692517895908779,0.7709579034359575,0,>10bps,LOW_PROXY,print-based entry proxy; not executable BBO
btc-updown-15m-1787144400,2026-08-19,2026-08-17,weekday,UP,180,2,-13.692517895909084,DOWN,0.7997191743075556,-10.1,-10.0,88.84000000000378,13.692517895908779,0.7709579034359575,0,>10bps,LOW_PROXY,print-based entry proxy; not executable BBO
btc-updown-15m-1787144400,2026-08-19,2026-08-17,weekday,UP,180,5,-13.692517895909084,DOWN,0.7997191743075556,-10.1,-10.0,88.84000000000378,13.692517895908779,0.7709579034359575,0,>10bps,LOW_PROXY,print-based entry proxy; not executable BBO
btc-updown-15m-1787166000,2026-08-19,2026-08-17,weekday,DOWN,180,0,0.017544885664300125,UP,0.5158620689655172,-10.1,-10.0,0.1299999999901047,0.019006962248825508,0.0014009915114366386,1,<1bps,LOW_PROXY,print-based entry proxy; not executable BBO
btc-updown-15m-1787187600,2026-08-19,2026-08-17,weekday,DOWN,180,0,12.964563526360884,UP,0.7378163969942723,-10.1,-10.0,90.0,12.964563526361278,0.4869778700634118,0,>10bps,LOW_PROXY,print-based entry proxy; not executable BBO
btc-updown-15m-1787187600,2026-08-19,2026-08-17,weekday,DOWN,180,2,12.964563526360884,UP,0.7378163969942723,-10.1,-10.0,90.0,12.964563526361278,0.4869778700634118,0,>10bps,LOW_PROXY,print-based entry proxy; not executable BBO
btc-updown-15m-1787187600,2026-08-19,2026-08-17,weekday,DOWN,180,5,12.964563526360884,UP,0.7378163969942723,-10.1,-10.0,90.0,12.964563526361278,0.4869778700634118,0,>10bps,LOW_PROXY,print-based entry proxy; not executable BBO
btc-updown-15m-1787274000,2026-08-20,2026-08-17,weekday,UP,180,0,15.367433197723823,UP,0.7306803331142923,3.585875405155883,3.6858754051558833,113.06999999999243,15.340257410250938,0.42837500333037926,3,>10bps,LOW_PROXY,print-based entry proxy; not executable BBO
btc-updown-15m-1787274000,2026-08-20,2026-08-17,weekday,UP,180,2,15.367433197723823,UP,0.7306803331142923,3.585875405155883,3.6858754051558833,113.06999999999243,15.340257410250938,0.42837500333037926,3,>10bps,LOW_PROXY,print-based entry proxy; not executable BBO
btc-updown-15m-1787274000,2026-08-20,2026-08-17,weekday,UP,180,5,15.367433197723823,UP,0.7306803331142923,3.585875405155883,3.6858754051558833,113.06999999999243,15.340257410250938,0.42837500333037926,3,>10bps,LOW_PROXY,print-based entry proxy; not executable BBO
btc-updown-15m-1787295600,2026-08-21,2026-08-17,weekday,UP,180,0,25.619264417777732,UP,0.7957606457715611,2.4665927978935236,2.5665927978935237,193.7899999999936,25.617939087760455,0.7984398875375901,1,>10bps,LOW_PROXY,print-based entry proxy; not executable BBO
btc-updown-15m-1787295600,2026-08-21,2026-08-17,weekday,UP,180,2,25.619264417777732,UP,0.7957606457715611,2.4665927978935236,2.5665927978935237,193.7899999999936,25.617939087760455,0.7984398875375901,1,>10bps,LOW_PROXY,print-based entry proxy; not executable BBO
btc-updown-15m-1787295600,2026-08-21,2026-08-17,weekday,UP,180,5,25.619264417777732,UP,0.7957606457715611,2.4665927978935236,2.5665927978935237,193.7899999999936,25.617939087760455,0.7984398875375901,1,>10bps,LOW_PROXY,print-based entry proxy; not executable BBO
btc-updown-15m-1787317200,2026-08-21,2026-08-17,weekday,DOWN,180,0,-12.388690201941,DOWN,0.6325049479031957,5.7101530006220464,5.810153000622046,95.66999999999825,12.388690201940475,0.3721077148092172,0,>10bps,LOW_PROXY,print-based entry proxy; not executable BBO
btc-updown-15m-1787317200,2026-08-21,2026-08-17,weekday,DOWN,180,2,-12.388690201941,DOWN,0.6325049479031957,5.7101530006220464,5.810153000622046,95.66999999999825,12.388690201940475,0.3721077148092172,0,>10bps,LOW_PROXY,print-based entry proxy; not executable BBO
btc-updown-15m-1787317200,2026-08-21,2026-08-17,weekday,DOWN,180,5,-12.388690201941,DOWN,0.6325049479031957,5.7101530006220464,5.810153000622046,95.66999999999825,12.388690201940475,0.3721077148092172,0,>10bps,LOW_PROXY,print-based entry proxy; not executable BBO
btc-updown-15m-1787360400,2026-08-21,2026-08-17,weekday,UP,180,0,4.451383071659709,UP,0.585,6.994017094017094,7.094017094017094,34.69999999999709,4.451383071659197,0.12882921700835842,2,2-5bps,LOW_PROXY,print-based entry proxy; not executable BBO
btc-updown-15m-1787360400,2026-08-21,2026-08-17,weekday,UP,180,2,4.451383071659709,UP,0.585,6.994017094017094,7.094017094017094,34.69999999999709,4.451383071659197,0.12882921700835842,2,2-5bps,LOW_PROXY,print-based entry proxy; not executable BBO
btc-updown-15m-1787376600,2026-08-22,2026-08-17,weekend,DOWN,180,0,-10.585323228786692,DOWN,0.5790270106775366,7.170351495863217,7.270351495863217,81.8299999999872,10.585323228787113,0.1254825816984474,0,>10bps,LOW_PROXY,print-based entry proxy; not executable BBO
btc-updown-15m-1787376600,2026-08-22,2026-08-17,weekend,DOWN,180,2,-10.585323228786692,DOWN,0.5790270106775366,7.170351495863217,7.270351495863217,81.8299999999872,10.585323228787113,0.1254825816984474,0,>10bps,LOW_PROXY,print-based entry proxy; not executable BBO
btc-updown-15m-1787376600,2026-08-22,2026-08-17,weekend,DOWN,180,5,-10.585323228786692,DOWN,0.5790270106775366,7.170351495863217,7.270351495863217,81.8299999999872,10.585323228787113,0.1254825816984474,0,>10bps,LOW_PROXY,print-based entry proxy; not executable BBO
btc-updown-15m-1787387400,2026-08-22,2026-08-17,weekend,UP,180,0,-12.563124781402868,DOWN,0.736944568555379,-10.1,-10.0,97.00999999999476,12.561831507522696,0.7539596116897954,2,>10bps,LOW_PROXY,print-based entry proxy; not executable BBO
btc-updown-15m-1787387400,2026-08-22,2026-08-17,weekend,UP,180,2,-12.563124781402868,DOWN,0.736944568555379,-10.1,-10.0,97.00999999999476,12.561831507522696,0.7539596116897954,2,>10bps,LOW_PROXY,print-based entry proxy; not executable BBO
btc-updown-15m-1787387400,2026-08-22,2026-08-17,weekend,UP,180,5,-12.563124781402868,DOWN,0.736944568555379,-10.1,-10.0,97.00999999999476,12.561831507522696,0.7539596116897954,2,>10bps,LOW_PROXY,print-based entry proxy; not executable BBO
btc-updown-15m-1787398200,2026-08-22,2026-08-17,weekend,UP,180,0,7.8818276591863246,UP,0.669999991607796,4.825373321278773,4.925373321278773,60.669999999998254,7.880527718687665,0.382893719697428,1,5-10bps,LOW_PROXY,print-based entry proxy; not executable BBO
btc-updown-15m-1787398200,2026-08-22,2026-08-17,weekend,UP,180,2,7.8818276591863246,UP,0.669999991607796,4.825373321278773,4.925373321278773,60.669999999998254,7.880527718687665,0.382893719697428,1,5-10bps,LOW_PROXY,print-based entry proxy; not executable BBO
btc-updown-15m-1787398200,2026-08-22,2026-08-17,weekend,UP,180,5,7.8818276591863246,UP,0.669999991607796,4.825373321278773,4.925373321278773,60.669999999998254,7.880527718687665,0.382893719697428,1,5-10bps,LOW_PROXY,print-based entry proxy; not executable BBO
btc-updown-15m-1787419800,2026-08-22,2026-08-17,weekend,UP,180,0,13.627822292159308,UP,0.7699999388946437,2.887014017631324,2.9870140176313242,105.05999999999767,13.629121330314023,0.863052936864202,0,>10bps,LOW_PROXY,print-based entry proxy; not executable BBO
btc-updown-15m-1787419800,2026-08-22,2026-08-17,weekend,UP,180,2,13.627822292159308,UP,0.7699999388946437,2.887014017631324,2.9870140176313242,105.05999999999767,13.629121330314023,0.863052936864202,0,>10bps,LOW_PROXY,print-based entry proxy; not executable BBO
btc-updown-15m-1787419800,2026-08-22,2026-08-17,weekend,UP,180,5,13.627822292159308,UP,0.7699999388946437,2.887014017631324,2.9870140176313242,105.05999999999767,13.629121330314023,0.863052936864202,0,>10bps,LOW_PROXY,print-based entry proxy; not executable BBO
btc-updown-15m-1787430600,2026-08-22,2026-08-17,weekend,UP,180,0,-2.3493444087163695,DOWN,0.6450228173337087,-10.1,-10.0,18.14999999999418,2.348051020625226,0.2897480326526215,1,2-5bps,LOW_PROXY,print-based entry proxy; not executable BBO
btc-updown-15m-1787430600,2026-08-22,2026-08-17,weekend,UP,180,2,-2.3493444087163695,DOWN,0.6450228173337087,-10.1,-10.0,18.14999999999418,2.348051020625226,0.2897480326526215,1,2-5bps,LOW_PROXY,print-based entry proxy; not executable BBO
btc-updown-15m-1787452200,2026-08-22,2026-08-17,weekend,UP,180,0,10.569999304930189,UP,0.8717762040175666,1.3708338607031947,1.4708338607031948,81.52000000000407,10.571297449104438,0.8827771239836103,2,>10bps,LOW_PROXY,print-based entry proxy; not executable BBO
btc-updown-15m-1787452200,2026-08-22,2026-08-17,weekend,UP,180,2,10.569999304930189,UP,0.8717762040175666,1.3708338607031947,1.4708338607031948,81.52000000000407,10.571297449104438,0.8827771239836103,2,>10bps,LOW_PROXY,print-based entry proxy; not executable BBO
btc-updown-15m-1787452200,2026-08-22,2026-08-17,weekend,UP,180,5,10.569999304930189,UP,0.8717762040175666,1.3708338607031947,1.4708338607031948,81.52000000000407,10.571297449104438,0.8827771239836103,2,>10bps,LOW_PROXY,print-based entry proxy; not executable BBO
btc-updown-15m-1787463000,2026-08-23,2026-08-17,weekend,DOWN,180,0,8.9114154405312,UP,0.6099999927,-10.1,-10.0,67.92999999999302,8.911415440531684,0.23396437035213968,3,5-10bps,LOW_PROXY,print-based entry proxy; not executable BBO
btc-updown-15m-1787463000,2026-08-23,2026-08-17,weekend,DOWN,180,2,8.9114154405312,UP,0.6099999927,-10.1,-10.0,67.92999999999302,8.911415440531684,0.23396437035213968,3,5-10bps,LOW_PROXY,print-based entry proxy; not executable BBO
btc-updown-15m-1787463000,2026-08-23,2026-08-17,weekend,DOWN,180,5,8.9114154405312,UP,0.6099999927,-10.1,-10.0,67.92999999999302,8.911415440531684,0.23396437035213968,3,5-10bps,LOW_PROXY,print-based entry proxy; not executable BBO
btc-updown-15m-1787473800,2026-08-23,2026-08-17,weekend,UP,180,0,6.570356529398413,UP,0.6990335296188654,4.205465440909977,4.305465440909977,50.08999999999651,6.570356529397919,0.4261716714861633,1,5-10bps,LOW_PROXY,print-based entry proxy; not executable BBO
btc-updown-15m-1787473800,2026-08-23,2026-08-17,weekend,UP,180,2,6.570356529398413,UP,0.6990335296188654,4.205465440909977,4.305465440909977,50.08999999999651,6.570356529397919,0.4261716714861633,1,5-10bps,LOW_PROXY,print-based entry proxy; not executable BBO
btc-updown-15m-1787473800,2026-08-23,2026-08-17,weekend,UP,180,5,6.570356529398413,UP,0.6990335296188654,4.205465440909977,4.305465440909977,50.08999999999651,6.570356529397919,0.4261716714861633,1,5-10bps,LOW_PROXY,print-based entry proxy; not executable BBO
btc-updown-15m-1787484600,2026-08-23,2026-08-17,weekend,UP,180,0,5.184657922074898,UP,0.642559826,5.462753218250532,5.562753218250531,40.0,5.183361409874304,0.28064050366463134,2,5-10bps,LOW_PROXY,print-based entry proxy; not executable BBO
btc-updown-15m-1787484600,2026-08-23,2026-08-17,weekend,UP,180,2,5.184657922074898,UP,0.642559826,5.462753218250532,5.562753218250531,40.0,5.183361409874304,0.28064050366463134,2,5-10bps,LOW_PROXY,print-based entry proxy; not executable BBO
btc-updown-15m-1787484600,2026-08-23,2026-08-17,weekend,UP,180,5,5.184657922074898,UP,0.642559826,5.462753218250532,5.562753218250531,40.0,5.183361409874304,0.28064050366463134,2,5-10bps,LOW_PROXY,print-based entry proxy; not executable BBO
btc-updown-15m-1787506200,2026-08-23,2026-08-17,weekend,UP,180,0,-2.375404530745584,DOWN,0.45006578947368425,-10.1,-10.0,18.35000000000582,2.37540453074509,0.13098192907791248,1,2-5bps,LOW_PROXY,print-based entry proxy; not executable BBO
btc-updown-15m-1787506200,2026-08-23,2026-08-17,weekend,UP,180,2,-2.375404530745584,DOWN,0.45006578947368425,-10.1,-10.0,18.35000000000582,2.37540453074509,0.13098192907791248,1,2-5bps,LOW_PROXY,print-based entry proxy; not executable BBO
btc-updown-15m-1787527800,2026-08-23,2026-08-17,weekend,DOWN,180,0,10.408470671972037,UP,0.7835279544927469,-10.1,-10.0,80.84000000001106,10.40847067197224,0.5854953547749243,1,>10bps,LOW_PROXY,print-based entry proxy; not executable BBO
btc-updown-15m-1787527800,2026-08-23,2026-08-17,weekend,DOWN,180,2,10.408470671972037,UP,0.7835279544927469,-10.1,-10.0,80.84000000001106,10.40847067197224,0.5854953547749243,1,>10bps,LOW_PROXY,print-based entry proxy; not executable BBO
btc-updown-15m-1787527800,2026-08-23,2026-08-17,weekend,DOWN,180,5,10.408470671972037,UP,0.7835279544927469,-10.1,-10.0,80.84000000001106,10.40847067197224,0.5854953547749243,1,>10bps,LOW_PROXY,print-based entry proxy; not executable BBO
btc-updown-15m-1787554800,2026-08-24,2026-08-24,weekday,UP,180,0,1.2483164832111093,UP,0.4697480475871109,11.188007584843836,11.288007584843836,9.669999999998254,1.2483164832121125,0.08107129630783588,0,1-2bps,LOW_PROXY,print-based entry proxy; not executable BBO
btc-updown-15m-1787598000,2026-08-24,2026-08-24,weekday,UP,180,0,2.2374723404183783,UP,0.5499999999999999,8.081818181818184,8.181818181818183,17.65999999998894,2.237472340418739,0.11614690696581466,1,2-5bps,LOW_PROXY,print-based entry proxy; not executable BBO
btc-updown-15m-1787598000,2026-08-24,2026-08-24,weekday,UP,180,2,2.2374723404183783,UP,0.5499999999999999,8.081818181818184,8.181818181818183,17.65999999998894,2.237472340418739,0.11614690696581466,1,2-5bps,LOW_PROXY,print-based entry proxy; not executable BBO
btc-updown-15m-1787662800,2026-08-25,2026-08-24,weekday,DOWN,180,0,2.0245629242143792,UP,0.6050588898155342,-10.1,-10.0,16.0,2.025829323879463,0.07600610244105474,2,2-5bps,LOW_PROXY,print-based entry proxy; not executable BBO
btc-updown-15m-1787662800,2026-08-25,2026-08-24,weekday,DOWN,180,2,2.0245629242143792,UP,0.6050588898155342,-10.1,-10.0,16.0,2.025829323879463,0.07600610244105474,2,2-5bps,LOW_PROXY,print-based entry proxy; not executable BBO
btc-updown-15m-1787706000,2026-08-25,2026-08-24,weekday,UP,180,0,12.273675883900381,UP,0.6799999961647729,4.60588243588294,4.705882435882939,96.4200000000128,12.262216083344002,0.4959048674606593,0,>10bps,LOW_PROXY,print-based entry proxy; not executable BBO
btc-updown-15m-1787706000,2026-08-25,2026-08-24,weekday,UP,180,2,12.273675883900381,UP,0.6799999961647729,4.60588243588294,4.705882435882939,96.4200000000128,12.262216083344002,0.4959048674606593,0,>10bps,LOW_PROXY,print-based entry proxy; not executable BBO
btc-updown-15m-1787706000,2026-08-25,2026-08-24,weekday,UP,180,5,12.273675883900381,UP,0.6799999961647729,4.60588243588294,4.705882435882939,96.4200000000128,12.262216083344002,0.4959048674606593,0,>10bps,LOW_PROXY,print-based entry proxy; not executable BBO
btc-updown-15m-1787770800,2026-08-26,2026-08-24,weekday,DOWN,180,0,3.2597444120807673,UP,0.5708273672448402,-10.1,-10.0,25.580000000001746,3.2597444120808503,0.24740391786830887,3,2-5bps,LOW_PROXY,print-based entry proxy; not executable BBO
btc-updown-15m-1787770800,2026-08-26,2026-08-24,weekday,DOWN,180,2,3.2597444120807673,UP,0.5708273672448402,-10.1,-10.0,25.580000000001746,3.2597444120808503,0.24740391786830887,3,2-5bps,LOW_PROXY,print-based entry proxy; not executable BBO
btc-updown-15m-1787814000,2026-08-27,2026-08-24,weekday,DOWN,180,0,-5.48101627176667,DOWN,0.7463513161323951,3.298515931907463,3.398515931907463,43.19000000000233,5.479748213245857,0.3867785282172292,1,5-10bps,LOW_PROXY,print-based entry proxy; not executable BBO
btc-updown-15m-1787814000,2026-08-27,2026-08-24,weekday,DOWN,180,2,-5.48101627176667,DOWN,0.7463513161323951,3.298515931907463,3.398515931907463,43.19000000000233,5.479748213245857,0.3867785282172292,1,5-10bps,LOW_PROXY,print-based entry proxy; not executable BBO
btc-updown-15m-1787814000,2026-08-27,2026-08-24,weekday,DOWN,180,5,-5.48101627176667,DOWN,0.7463513161323951,3.298515931907463,3.398515931907463,43.19000000000233,5.479748213245857,0.3867785282172292,1,5-10bps,LOW_PROXY,print-based entry proxy; not executable BBO
btc-updown-15m-1787835600,2026-08-27,2026-08-24,weekday,UP,180,0,3.763765208153469,UP,0.6101603248728503,6.2891351049150455,6.389135104915045,29.839999999996508,3.763765208152551,0.28821366038415636,0,2-5bps,LOW_PROXY,print-based entry proxy; not executable BBO
btc-updown-15m-1787835600,2026-08-27,2026-08-24,weekday,UP,180,2,3.763765208153469,UP,0.6101603248728503,6.2891351049150455,6.389135104915045,29.839999999996508,3.763765208152551,0.28821366038415636,0,2-5bps,LOW_PROXY,print-based entry proxy; not executable BBO
btc-updown-15m-1787878800,2026-08-27,2026-08-24,weekday,UP,180,0,16.534702210919683,UP,0.7209636567231195,3.770324678294322,3.870324678294322,133.22000000000116,16.533459094519603,0.8696179640740302,1,>10bps,LOW_PROXY,print-based entry proxy; not executable BBO
btc-updown-15m-1787878800,2026-08-27,2026-08-24,weekday,UP,180,2,16.534702210919683,UP,0.7209636567231195,3.770324678294322,3.870324678294322,133.22000000000116,16.533459094519603,0.8696179640740302,1,>10bps,LOW_PROXY,print-based entry proxy; not executable BBO
btc-updown-15m-1787878800,2026-08-27,2026-08-24,weekday,UP,180,5,16.534702210919683,UP,0.7209636567231195,3.770324678294322,3.870324678294322,133.22000000000116,16.533459094519603,0.8696179640740302,1,>10bps,LOW_PROXY,print-based entry proxy; not executable BBO
btc-updown-15m-1787900400,2026-08-28,2026-08-24,weekday,DOWN,180,0,-6.087288767387955,DOWN,0.7322269533498116,3.55696790353282,3.65696790353282,48.63999999999942,6.087288767387777,0.7097229126350076,1,5-10bps,LOW_PROXY,print-based entry proxy; not executable BBO
btc-updown-15m-1787900400,2026-08-28,2026-08-24,weekday,DOWN,180,2,-6.087288767387955,DOWN,0.7322269533498116,3.55696790353282,3.65696790353282,48.63999999999942,6.087288767387777,0.7097229126350076,1,5-10bps,LOW_PROXY,print-based entry proxy; not executable BBO
btc-updown-15m-1787900400,2026-08-28,2026-08-24,weekday,DOWN,180,5,-6.087288767387955,DOWN,0.7322269533498116,3.55696790353282,3.65696790353282,48.63999999999942,6.087288767387777,0.7097229126350076,1,5-10bps,LOW_PROXY,print-based entry proxy; not executable BBO
btc-updown-15m-1787922000,2026-08-28,2026-08-24,weekday,DOWN,180,0,7.129093247835172,UP,0.7751702567395492,-10.1,-10.0,56.61000000000058,7.127833238165522,0.5873739990789634,1,5-10bps,LOW_PROXY,print-based entry proxy; not executable BBO
btc-updown-15m-1787922000,2026-08-28,2026-08-24,weekday,DOWN,180,2,7.129093247835172,UP,0.7751702567395492,-10.1,-10.0,56.61000000000058,7.127833238165522,0.5873739990789634,1,5-10bps,LOW_PROXY,print-based entry proxy; not executable BBO
btc-updown-15m-1787922000,2026-08-28,2026-08-24,weekday,DOWN,180,5,7.129093247835172,UP,0.7751702567395492,-10.1,-10.0,56.61000000000058,7.127833238165522,0.5873739990789634,1,5-10bps,LOW_PROXY,print-based entry proxy; not executable BBO
btc-updown-15m-1787981400,2026-08-29,2026-08-24,weekend,UP,180,0,-0.7043522142224923,DOWN,0.5408281274810157,-10.1,-10.0,5.470000000001164,0.7043522142221157,0.10303764923210723,1,<1bps,LOW_PROXY,print-based entry proxy; not executable BBO
btc-updown-15m-1788003000,2026-08-29,2026-08-24,weekend,DOWN,180,0,-2.574002574002865,DOWN,0.6222395101250937,5.970982053180167,6.070982053180167,20.00999999999476,2.5752892438488444,0.3778426859438784,0,2-5bps,LOW_PROXY,print-based entry proxy; not executable BBO
btc-updown-15m-1788003000,2026-08-29,2026-08-24,weekend,DOWN,180,2,-2.574002574002865,DOWN,0.6222395101250937,5.970982053180167,6.070982053180167,20.00999999999476,2.5752892438488444,0.3778426859438784,0,2-5bps,LOW_PROXY,print-based entry proxy; not executable BBO
btc-updown-15m-1788013800,2026-08-29,2026-08-24,weekend,UP,180,0,0.2522700442697534,UP,0.5,9.9,10.0,1.959999999991851,0.25227004426976973,0.037639036882880506,0,<1bps,LOW_PROXY,print-based entry proxy; not executable BBO
btc-updown-15m-1788024600,2026-08-29,2026-08-24,weekend,UP,180,0,-0.16155755847013786,DOWN,0.5292681016170716,-10.1,-10.0,1.25,0.1602753761759244,0.019476008901343256,1,<1bps,LOW_PROXY,print-based entry proxy; not executable BBO
btc-updown-15m-1788035400,2026-08-29,2026-08-24,weekend,DOWN,180,0,-7.514517408099275,DOWN,0.7563262173508671,3.1218079587751517,3.221807958775152,58.75999999999476,7.5157955135708026,0.9635784849512726,1,5-10bps,LOW_PROXY,print-based entry proxy; not executable BBO
btc-updown-15m-1788035400,2026-08-29,2026-08-24,weekend,DOWN,180,2,-7.514517408099275,DOWN,0.7563262173508671,3.1218079587751517,3.221807958775152,58.75999999999476,7.5157955135708026,0.9635784849512726,1,5-10bps,LOW_PROXY,print-based entry proxy; not executable BBO
btc-updown-15m-1788035400,2026-08-29,2026-08-24,weekend,DOWN,180,5,-7.514517408099275,DOWN,0.7563262173508671,3.1218079587751517,3.221807958775152,58.75999999999476,7.5157955135708026,0.9635784849512726,1,5-10bps,LOW_PROXY,print-based entry proxy; not executable BBO
btc-updown-15m-1788046200,2026-08-29,2026-08-24,weekend,DOWN,180,0,0.5826624197058372,UP,0.47000000000000003,-10.1,-10.0,4.570000000006985,0.5839402627842329,0.09592337042700064,1,<1bps,LOW_PROXY,print-based entry proxy; not executable BBO
btc-updown-15m-1788067800,2026-08-30,2026-08-24,weekend,DOWN,180,0,-0.3992833375987548,DOWN,0.6421772247855475,5.4720253133229075,5.572025313322907,3.1199999999953434,0.39928333759858503,0.06436377236551724,0,<1bps,LOW_PROXY,print-based entry proxy; not executable BBO
btc-updown-15m-1788089400,2026-08-30,2026-08-24,weekend,DOWN,180,0,-2.0940938499236506,DOWN,0.5528147709735233,7.989241686486961,8.089241686486961,16.389999999999418,2.095372027614346,0.42434913479554015,0,2-5bps,LOW_PROXY,print-based entry proxy; not executable BBO
btc-updown-15m-1788089400,2026-08-30,2026-08-24,weekend,DOWN,180,2,-2.0940938499236506,DOWN,0.5528147709735233,7.989241686486961,8.089241686486961,16.389999999999418,2.095372027614346,0.42434913479554015,0,2-5bps,LOW_PROXY,print-based entry proxy; not executable BBO
btc-updown-15m-1788100200,2026-08-30,2026-08-24,weekend,DOWN,180,0,7.125762738726671,UP,0.7007492891206705,-10.1,-10.0,56.20999999999185,7.127031571696448,0.5233931024233924,3,5-10bps,LOW_PROXY,print-based entry proxy; not executable BBO
btc-updown-15m-1788100200,2026-08-30,2026-08-24,weekend,DOWN,180,2,7.125762738726671,UP,0.7007492891206705,-10.1,-10.0,56.20999999999185,7.127031571696448,0.5233931024233924,3,5-10bps,LOW_PROXY,print-based entry proxy; not executable BBO
btc-updown-15m-1788100200,2026-08-30,2026-08-24,weekend,DOWN,180,5,7.125762738726671,UP,0.7007492891206705,-10.1,-10.0,56.20999999999185,7.127031571696448,0.5233931024233924,3,5-10bps,LOW_PROXY,print-based entry proxy; not executable BBO
btc-updown-15m-1788111000,2026-08-30,2026-08-24,weekend,UP,180,0,2.571553475454458,UP,0.5999999887577955,6.566666978950133,6.666666978950133,20.29000000000815,2.5702863747470124,0.14696857774551553,3,2-5bps,LOW_PROXY,print-based entry proxy; not executable BBO
btc-updown-15m-1788111000,2026-08-30,2026-08-24,weekend,UP,180,2,2.571553475454458,UP,0.5999999887577955,6.566666978950133,6.666666978950133,20.29000000000815,2.5702863747470124,0.14696857774551553,3,2-5bps,LOW_PROXY,print-based entry proxy; not executable BBO
btc-updown-15m-1788121800,2026-08-30,2026-08-24,weekend,DOWN,180,0,-9.9946728900846,DOWN,0.809999857786395,2.2456811799059575,2.3456811799059576,78.80000000000291,9.994672890084335,1.1187318276850615,1,5-10bps,LOW_PROXY,print-based entry proxy; not executable BBO
btc-updown-15m-1788121800,2026-08-30,2026-08-24,weekend,DOWN,180,2,-9.9946728900846,DOWN,0.809999857786395,2.2456811799059575,2.3456811799059576,78.80000000000291,9.994672890084335,1.1187318276850615,1,5-10bps,LOW_PROXY,print-based entry proxy; not executable BBO
btc-updown-15m-1788121800,2026-08-30,2026-08-24,weekend,DOWN,180,5,-9.9946728900846,DOWN,0.809999857786395,2.2456811799059575,2.3456811799059576,78.80000000000291,9.994672890084335,1.1187318276850615,1,5-10bps,LOW_PROXY,print-based entry proxy; not executable BBO
btc-updown-15m-1788132600,2026-08-30,2026-08-24,weekend,DOWN,180,0,10.029853974284908,UP,0.5767070885838431,-10.1,-10.0,77.91999999999825,10.031142629794099,0.3320133304524827,0,>10bps,LOW_PROXY,print-based entry proxy; not executable BBO
btc-updown-15m-1788132600,2026-08-30,2026-08-24,weekend,DOWN,180,2,10.029853974284908,UP,0.5767070885838431,-10.1,-10.0,77.91999999999825,10.031142629794099,0.3320133304524827,0,>10bps,LOW_PROXY,print-based entry proxy; not executable BBO
btc-updown-15m-1788132600,2026-08-30,2026-08-24,weekend,DOWN,180,5,10.029853974284908,UP,0.5767070885838431,-10.1,-10.0,77.91999999999825,10.031142629794099,0.3320133304524827,0,>10bps,LOW_PROXY,print-based entry proxy; not executable BBO
btc-updown-15m-1788181200,2026-08-31,2026-08-31,weekday,UP,180,0,29.004085696979764,UP,0.9018018003246486,0.9889111070747486,1.0889111070747486,226.0399999999936,29.005372615226694,1.1894498960711857,1,>10bps,LOW_PROXY,print-based entry proxy; not executable BBO
btc-updown-15m-1788181200,2026-08-31,2026-08-31,weekday,UP,180,2,29.004085696979764,UP,0.9018018003246486,0.9889111070747486,1.0889111070747486,226.0399999999936,29.005372615226694,1.1894498960711857,1,>10bps,LOW_PROXY,print-based entry proxy; not executable BBO
btc-updown-15m-1788181200,2026-08-31,2026-08-31,weekday,UP,180,5,29.004085696979764,UP,0.9018018003246486,0.9889111070747486,1.0889111070747486,226.0399999999936,29.005372615226694,1.1894498960711857,1,>10bps,LOW_PROXY,print-based entry proxy; not executable BBO
btc-updown-15m-1788202800,2026-08-31,2026-08-31,weekday,UP,180,0,7.165636432415745,UP,0.6399999999999999,5.525000000000002,5.625000000000002,56.63000000000466,7.166902905741199,0.4346003552791338,0,5-10bps,LOW_PROXY,print-based entry proxy; not executable BBO
btc-updown-15m-1788202800,2026-08-31,2026-08-31,weekday,UP,180,2,7.165636432415745,UP,0.6399999999999999,5.525000000000002,5.625000000000002,56.63000000000466,7.166902905741199,0.4346003552791338,0,5-10bps,LOW_PROXY,print-based entry proxy; not executable BBO
btc-updown-15m-1788202800,2026-08-31,2026-08-31,weekday,UP,180,5,7.165636432415745,UP,0.6399999999999999,5.525000000000002,5.625000000000002,56.63000000000466,7.166902905741199,0.4346003552791338,0,5-10bps,LOW_PROXY,print-based entry proxy; not executable BBO
btc-updown-15m-1788289200,2026-09-01,2026-08-31,weekday,UP,180,0,-5.004284294674033,DOWN,0.48867154212927644,-10.1,-10.0,38.61999999999534,5.005579756823096,0.16355551342227656,2,5-10bps,LOW_PROXY,print-based entry proxy; not executable BBO
btc-updown-15m-1788289200,2026-09-01,2026-08-31,weekday,UP,180,2,-5.004284294674033,DOWN,0.48867154212927644,-10.1,-10.0,38.61999999999534,5.005579756823096,0.16355551342227656,2,5-10bps,LOW_PROXY,print-based entry proxy; not executable BBO
btc-updown-15m-1788289200,2026-09-01,2026-08-31,weekday,UP,180,5,-5.004284294674033,DOWN,0.48867154212927644,-10.1,-10.0,38.61999999999534,5.005579756823096,0.16355551342227656,2,5-10bps,LOW_PROXY,print-based entry proxy; not executable BBO
btc-updown-15m-1788310800,2026-09-01,2026-08-31,weekday,UP,180,0,0.146347957938886,UP,0.49122205008786035,10.257392340615395,10.357392340615394,1.1199999999953434,0.14505282448224152,0.009743650317284325,2,<1bps,LOW_PROXY,print-based entry proxy; not executable BBO
btc-updown-15m-1788332400,2026-09-02,2026-08-31,weekday,UP,180,0,2.4416475232480472,UP,0.6120044876029993,6.239749466815825,6.3397494668158245,18.94000000000233,2.4403587404659577,0.1661672247244695,1,2-5bps,LOW_PROXY,print-based entry proxy; not executable BBO
btc-updown-15m-1788332400,2026-09-02,2026-08-31,weekday,UP,180,2,2.4416475232480472,UP,0.6120044876029993,6.239749466815825,6.3397494668158245,18.94000000000233,2.4403587404659577,0.1661672247244695,1,2-5bps,LOW_PROXY,print-based entry proxy; not executable BBO
btc-updown-15m-1788354000,2026-09-02,2026-08-31,weekday,UP,180,0,17.57253614782961,UP,0.817796057330299,2.1279875408608233,2.2279875408608234,134.61999999999534,17.571228607661606,1.3206318918639937,0,>10bps,LOW_PROXY,print-based entry proxy; not executable BBO
btc-updown-15m-1788354000,2026-09-02,2026-08-31,weekday,UP,180,2,17.57253614782961,UP,0.817796057330299,2.1279875408608233,2.2279875408608234,134.61999999999534,17.571228607661606,1.3206318918639937,0,>10bps,LOW_PROXY,print-based entry proxy; not executable BBO
btc-updown-15m-1788354000,2026-09-02,2026-08-31,weekday,UP,180,5,17.57253614782961,UP,0.817796057330299,2.1279875408608233,2.2279875408608234,134.61999999999534,17.571228607661606,1.3206318918639937,0,>10bps,LOW_PROXY,print-based entry proxy; not executable BBO
btc-updown-15m-1788397200,2026-09-02,2026-08-31,weekday,UP,180,0,6.6356983443194295,UP,0.6490616596842604,5.306856730475429,5.406856730475429,51.13000000000466,6.634399928064143,0.4718057195009337,3,5-10bps,LOW_PROXY,print-based entry proxy; not executable BBO
btc-updown-15m-1788397200,2026-09-02,2026-08-31,weekday,UP,180,2,6.6356983443194295,UP,0.6490616596842604,5.306856730475429,5.406856730475429,51.13000000000466,6.634399928064143,0.4718057195009337,3,5-10bps,LOW_PROXY,print-based entry proxy; not executable BBO
btc-updown-15m-1788397200,2026-09-02,2026-08-31,weekday,UP,180,5,6.6356983443194295,UP,0.6490616596842604,5.306856730475429,5.406856730475429,51.13000000000466,6.634399928064143,0.4718057195009337,3,5-10bps,LOW_PROXY,print-based entry proxy; not executable BBO
btc-updown-15m-1788418800,2026-09-03,2026-08-31,weekday,UP,180,0,4.726653236581946,UP,0.6887667557149677,4.418703054446343,4.518703054446343,36.80000000000291,4.727938609773152,0.5144732862639372,1,2-5bps,LOW_PROXY,print-based entry proxy; not executable BBO
btc-updown-15m-1788418800,2026-09-03,2026-08-31,weekday,UP,180,2,4.726653236581946,UP,0.6887667557149677,4.418703054446343,4.518703054446343,36.80000000000291,4.727938609773152,0.5144732862639372,1,2-5bps,LOW_PROXY,print-based entry proxy; not executable BBO
btc-updown-15m-1788526800,2026-09-04,2026-08-31,weekday,DOWN,180,0,11.334867555357064,UP,0.6516229664862512,-10.1,-10.0,90.04999999998836,11.333607538250876,0.14920163099644265,3,>10bps,LOW_PROXY,print-based entry proxy; not executable BBO
btc-updown-15m-1788526800,2026-09-04,2026-08-31,weekday,DOWN,180,2,11.334867555357064,UP,0.6516229664862512,-10.1,-10.0,90.04999999998836,11.333607538250876,0.14920163099644265,3,>10bps,LOW_PROXY,print-based entry proxy; not executable BBO
btc-updown-15m-1788526800,2026-09-04,2026-08-31,weekday,DOWN,180,5,11.334867555357064,UP,0.6516229664862512,-10.1,-10.0,90.04999999998836,11.333607538250876,0.14920163099644265,3,>10bps,LOW_PROXY,print-based entry proxy; not executable BBO
btc-updown-15m-1788548400,2026-09-04,2026-08-31,weekday,UP,180,0,12.288655287771011,UP,0.8493082272661823,1.6742883901981709,1.774288390198171,97.84000000001106,12.288655287771828,1.217723903608671,1,>10bps,LOW_PROXY,print-based entry proxy; not executable BBO
btc-updown-15m-1788548400,2026-09-04,2026-08-31,weekday,UP,180,2,12.288655287771011,UP,0.8493082272661823,1.6742883901981709,1.774288390198171,97.84000000001106,12.288655287771828,1.217723903608671,1,>10bps,LOW_PROXY,print-based entry proxy; not executable BBO
btc-updown-15m-1788548400,2026-09-04,2026-08-31,weekday,UP,180,5,12.288655287771011,UP,0.8493082272661823,1.6742883901981709,1.774288390198171,97.84000000001106,12.288655287771828,1.217723903608671,1,>10bps,LOW_PROXY,print-based entry proxy; not executable BBO
btc-updown-15m-1788570000,2026-09-04,2026-08-31,weekday,UP,180,0,-1.3132534163118326,DOWN,0.4816361256623692,-10.1,-10.0,10.440000000002328,1.3119968793579067,0.1518845313104676,3,1-2bps,LOW_PROXY,print-based entry proxy; not executable BBO
btc-updown-15m-1788586200,2026-09-05,2026-08-31,weekend,DOWN,180,0,0.9989189058789982,UP,0.5875421209021561,-10.1,-10.0,7.9500000000116415,0.9989189058799309,0.13884674949831904,1,<1bps,LOW_PROXY,print-based entry proxy; not executable BBO
btc-updown-15m-1788597000,2026-09-05,2026-08-31,weekend,DOWN,180,0,-5.7898448306514805,DOWN,0.7099999935095325,3.984507171007093,4.084507171007093,46.09999999999127,5.788589898244032,0.7634167941788642,2,5-10bps,LOW_PROXY,print-based entry proxy; not executable BBO
btc-updown-15m-1788597000,2026-09-05,2026-08-31,weekend,DOWN,180,2,-5.7898448306514805,DOWN,0.7099999935095325,3.984507171007093,4.084507171007093,46.09999999999127,5.788589898244032,0.7634167941788642,2,5-10bps,LOW_PROXY,print-based entry proxy; not executable BBO
btc-updown-15m-1788597000,2026-09-05,2026-08-31,weekend,DOWN,180,5,-5.7898448306514805,DOWN,0.7099999935095325,3.984507171007093,4.084507171007093,46.09999999999127,5.788589898244032,0.7634167941788642,2,5-10bps,LOW_PROXY,print-based entry proxy; not executable BBO
btc-updown-15m-1788607800,2026-09-05,2026-08-31,weekend,DOWN,180,0,1.0122583735494572,UP,0.6499999409090991,-10.1,-10.0,8.05000000000291,1.0110023428884036,0.17767130676170975,1,1-2bps,LOW_PROXY,print-based entry proxy; not executable BBO
btc-updown-15m-1788629400,2026-09-05,2026-08-31,weekend,UP,180,0,9.51651457653746,UP,0.8341965462603343,1.8875825964870638,1.987582596487064,76.1700000000128,9.517765308178145,0.6442699454129442,2,5-10bps,LOW_PROXY,print-based entry proxy; not executable BBO
btc-updown-15m-1788629400,2026-09-05,2026-08-31,weekend,UP,180,2,9.51651457653746,UP,0.8341965462603343,1.8875825964870638,1.987582596487064,76.1700000000128,9.517765308178145,0.6442699454129442,2,5-10bps,LOW_PROXY,print-based entry proxy; not executable BBO
btc-updown-15m-1788629400,2026-09-05,2026-08-31,weekend,UP,180,5,9.51651457653746,UP,0.8341965462603343,1.8875825964870638,1.987582596487064,76.1700000000128,9.517765308178145,0.6442699454129442,2,5-10bps,LOW_PROXY,print-based entry proxy; not executable BBO
btc-updown-15m-1788640200,2026-09-05,2026-08-31,weekend,UP,180,0,-0.2521324636217681,DOWN,0.4730434782608695,-10.1,-10.0,2.0,0.2508781047263052,0.016641358027399845,3,<1bps,LOW_PROXY,print-based entry proxy; not executable BBO
btc-updown-15m-1788651000,2026-09-05,2026-08-31,weekend,UP,180,0,1.511203771544789,UP,0.6102915790512923,6.285610326698519,6.385610326698519,12.05000000000291,1.5099505112157257,0.2932245597166683,1,1-2bps,LOW_PROXY,print-based entry proxy; not executable BBO
btc-updown-15m-1788661800,2026-09-05,2026-08-31,weekend,DOWN,180,0,3.108440266264001,UP,0.6052154446834779,-10.1,-10.0,24.839999999996508,3.1084402662642514,0.3038115820842617,0,2-5bps,LOW_PROXY,print-based entry proxy; not executable BBO
btc-updown-15m-1788661800,2026-09-05,2026-08-31,weekend,DOWN,180,2,3.108440266264001,UP,0.6052154446834779,-10.1,-10.0,24.839999999996508,3.1084402662642514,0.3038115820842617,0,2-5bps,LOW_PROXY,print-based entry proxy; not executable BBO
btc-updown-15m-1788672600,2026-09-06,2026-08-31,weekend,UP,180,0,2.3808629219113087,UP,0.6799998805975656,4.60588493517421,4.705884935174209,19.00999999999476,2.3808629219105466,0.43295494983383825,1,2-5bps,LOW_PROXY,print-based entry proxy; not executable BBO
btc-updown-15m-1788672600,2026-09-06,2026-08-31,weekend,UP,180,2,2.3808629219113087,UP,0.6799998805975656,4.60588493517421,4.705884935174209,19.00999999999476,2.3808629219105466,0.43295494983383825,1,2-5bps,LOW_PROXY,print-based entry proxy; not executable BBO
btc-updown-15m-1788683400,2026-09-06,2026-08-31,weekend,DOWN,180,0,-1.6302440980398014,DOWN,0.5999999799999971,6.566667222222323,6.666667222222323,13.009999999994761,1.630244098039542,0.29324100173372053,1,1-2bps,LOW_PROXY,print-based entry proxy; not executable BBO
btc-updown-15m-1788705000,2026-09-06,2026-08-31,weekend,UP,180,0,-25.345222438750703,DOWN,0.7563107240505068,-10.1,-10.0,201.93000000000757,25.34522243875031,1.9996289275782244,1,>10bps,LOW_PROXY,print-based entry proxy; not executable BBO
btc-updown-15m-1788705000,2026-09-06,2026-08-31,weekend,UP,180,2,-25.345222438750703,DOWN,0.7563107240505068,-10.1,-10.0,201.93000000000757,25.34522243875031,1.9996289275782244,1,>10bps,LOW_PROXY,print-based entry proxy; not executable BBO
btc-updown-15m-1788705000,2026-09-06,2026-08-31,weekend,UP,180,5,-25.345222438750703,DOWN,0.7563107240505068,-10.1,-10.0,201.93000000000757,25.34522243875031,1.9996289275782244,1,>10bps,LOW_PROXY,print-based entry proxy; not executable BBO
btc-updown-15m-1788737400,2026-09-06,2026-08-31,weekend,UP,180,0,9.235916382006604,UP,0.7024002183758209,4.136897623869297,4.236897623869297,73.99000000000524,9.234667132623404,0.5512147031700483,0,5-10bps,LOW_PROXY,print-based entry proxy; not executable BBO
btc-updown-15m-1788737400,2026-09-06,2026-08-31,weekend,UP,180,2,9.235916382006604,UP,0.7024002183758209,4.136897623869297,4.236897623869297,73.99000000000524,9.234667132623404,0.5512147031700483,0,5-10bps,LOW_PROXY,print-based entry proxy; not executable BBO
btc-updown-15m-1788737400,2026-09-06,2026-08-31,weekend,UP,180,5,9.235916382006604,UP,0.7024002183758209,4.136897623869297,4.236897623869297,73.99000000000524,9.234667132623404,0.5512147031700483,0,5-10bps,LOW_PROXY,print-based entry proxy; not executable BBO
btc-updown-15m-1788764400,2026-09-07,2026-09-07,weekday,DOWN,180,0,-3.9267239171625334,DOWN,0.6700240733471551,4.8248368794336844,4.924836879433684,31.270000000004075,3.9254690634252705,0.622231311958392,1,2-5bps,LOW_PROXY,print-based entry proxy; not executable BBO
btc-updown-15m-1788764400,2026-09-07,2026-09-07,weekday,DOWN,180,2,-3.9267239171625334,DOWN,0.6700240733471551,4.8248368794336844,4.924836879433684,31.270000000004075,3.9254690634252705,0.622231311958392,1,2-5bps,LOW_PROXY,print-based entry proxy; not executable BBO
btc-updown-15m-1788807600,2026-09-07,2026-09-07,weekday,DOWN,180,0,-3.301928187164904,DOWN,0.6566467383572772,5.128888557364716,5.228888557364716,17.1537100521673,2.166223844207924,0.3177709983801206,2,2-5bps,HIGH,print-based entry proxy; not executable BBO
btc-updown-15m-1788807600,2026-09-07,2026-09-07,weekday,DOWN,180,2,-3.301928187164904,DOWN,0.6566467383572772,5.128888557364716,5.228888557364716,17.1537100521673,2.166223844207924,0.3177709983801206,2,2-5bps,HIGH,print-based entry proxy; not executable BBO
btc-updown-15m-1788850800,2026-09-08,2026-09-07,weekday,UP,180,0,-0.9690567043718623,DOWN,0.5581395348837209,-10.1,-10.0,7.5899999999965075,0.9690567043717617,0.05961701524964767,3,<1bps,LOW_PROXY,print-based entry proxy; not executable BBO
btc-updown-15m-1788872400,2026-09-08,2026-09-07,weekday,UP,180,0,7.0924155513063525,UP,0.7300000000000001,3.598630136986299,3.6986301369862993,106.40218216374342,13.571838850139477,1.042247330954221,0,>10bps,HIGH,print-based entry proxy; not executable BBO
btc-updown-15m-1788872400,2026-09-08,2026-09-07,weekday,UP,180,2,7.0924155513063525,UP,0.7300000000000001,3.598630136986299,3.6986301369862993,106.40218216374342,13.571838850139477,1.042247330954221,0,>10bps,HIGH,print-based entry proxy; not executable BBO
btc-updown-15m-1788872400,2026-09-08,2026-09-07,weekday,UP,180,5,7.0924155513063525,UP,0.7300000000000001,3.598630136986299,3.6986301369862993,106.40218216374342,13.571838850139477,1.042247330954221,0,>10bps,HIGH,print-based entry proxy; not executable BBO
btc-updown-15m-1788915600,2026-09-08,2026-09-07,weekday,DOWN,180,0,-1.117110502286689,DOWN,0.6086706257905862,6.3292469133223985,6.429246913322398,8.789999999993597,1.115841200182241,0.10266663732141826,1,1-2bps,LOW_PROXY,print-based entry proxy; not executable BBO
btc-updown-15m-1788937200,2026-09-09,2026-09-07,weekday,UP,180,0,2.4545525633667964,UP,0.5380669456866373,8.485047976211982,8.585047976211982,19.430000000007567,2.454552563366121,0.19845121762818785,1,2-5bps,LOW_PROXY,print-based entry proxy; not executable BBO
btc-updown-15m-1788937200,2026-09-09,2026-09-07,weekday,UP,180,2,2.4545525633667964,UP,0.5380669456866373,8.485047976211982,8.585047976211982,19.430000000007567,2.454552563366121,0.19845121762818785,1,2-5bps,LOW_PROXY,print-based entry proxy; not executable BBO
btc-updown-15m-1788958800,2026-09-09,2026-09-07,weekday,DOWN,180,0,-7.0534751397965945,DOWN,0.649999805,5.284620000001386,5.3846200000013855,18.90993911276746,2.3765487207550797,0.18176336209410748,1,2-5bps,HIGH,print-based entry proxy; not executable BBO
btc-updown-15m-1788958800,2026-09-09,2026-09-07,weekday,DOWN,180,2,-7.0534751397965945,DOWN,0.649999805,5.284620000001386,5.3846200000013855,18.90993911276746,2.3765487207550797,0.18176336209410748,1,2-5bps,HIGH,print-based entry proxy; not executable BBO
btc-updown-15m-1788958800,2026-09-09,2026-09-07,weekday,DOWN,180,5,-7.0534751397965945,DOWN,0.649999805,5.284620000001386,5.3846200000013855,18.90993911276746,2.3765487207550797,0.18176336209410748,1,2-5bps,HIGH,print-based entry proxy; not executable BBO
btc-updown-15m-1789045200,2026-09-10,2026-09-07,weekday,DOWN,180,0,23.148145137830145,UP,0.8099040325808107,-10.1,-10.0,214.62189996874076,27.923966775459338,0.9480300304920789,3,>10bps,HIGH,print-based entry proxy; not executable BBO
btc-updown-15m-1789045200,2026-09-10,2026-09-07,weekday,DOWN,180,2,23.148145137830145,UP,0.8099040325808107,-10.1,-10.0,214.62189996874076,27.923966775459338,0.9480300304920789,3,>10bps,HIGH,print-based entry proxy; not executable BBO
btc-updown-15m-1789045200,2026-09-10,2026-09-07,weekday,DOWN,180,5,23.148145137830145,UP,0.8099040325808107,-10.1,-10.0,214.62189996874076,27.923966775459338,0.9480300304920789,3,>10bps,HIGH,print-based entry proxy; not executable BBO
btc-updown-15m-1789066800,2026-09-10,2026-09-07,weekday,DOWN,180,0,-8.02568218298605,DOWN,0.7199999844,3.7888891898148205,3.8888891898148206,62.0,8.025682182985554,0.5890372789293681,0,5-10bps,LOW_PROXY,print-based entry proxy; not executable BBO
btc-updown-15m-1789066800,2026-09-10,2026-09-07,weekday,DOWN,180,2,-8.02568218298605,DOWN,0.7199999844,3.7888891898148205,3.8888891898148206,62.0,8.025682182985554,0.5890372789293681,0,5-10bps,LOW_PROXY,print-based entry proxy; not executable BBO
btc-updown-15m-1789066800,2026-09-10,2026-09-07,weekday,DOWN,180,5,-8.02568218298605,DOWN,0.7199999844,3.7888891898148205,3.8888891898148206,62.0,8.025682182985554,0.5890372789293681,0,5-10bps,LOW_PROXY,print-based entry proxy; not executable BBO
btc-updown-15m-1789088400,2026-09-10,2026-09-07,weekday,UP,180,0,9.024999678188816,UP,0.7299999903446306,3.598630318171693,3.698630318171693,69.41000000000349,9.024999678189847,0.6228811706840192,2,5-10bps,LOW_PROXY,print-based entry proxy; not executable BBO
btc-updown-15m-1789088400,2026-09-10,2026-09-07,weekday,UP,180,2,9.024999678188816,UP,0.7299999903446306,3.598630318171693,3.698630318171693,69.41000000000349,9.024999678189847,0.6228811706840192,2,5-10bps,LOW_PROXY,print-based entry proxy; not executable BBO
btc-updown-15m-1789088400,2026-09-10,2026-09-07,weekday,UP,180,5,9.024999678188816,UP,0.7299999903446306,3.598630318171693,3.698630318171693,69.41000000000349,9.024999678189847,0.6228811706840192,2,5-10bps,LOW_PROXY,print-based entry proxy; not executable BBO
btc-updown-15m-1789153200,2026-09-11,2026-09-07,weekday,UP,180,0,4.672048174008125,UP,0.6140899406266868,6.184259582228085,6.284259582228085,58.675499987846706,7.617096079898957,0.3522212946253797,2,5-10bps,HIGH,print-based entry proxy; not executable BBO
btc-updown-15m-1789153200,2026-09-11,2026-09-07,weekday,UP,180,2,4.672048174008125,UP,0.6140899406266868,6.184259582228085,6.284259582228085,58.675499987846706,7.617096079898957,0.3522212946253797,2,5-10bps,HIGH,print-based entry proxy; not executable BBO
btc-updown-15m-1789212600,2026-09-12,2026-09-07,weekend,UP,180,0,0.998806090337645,UP,0.619999939,6.0290338449533305,6.12903384495333,7.7299999999959255,1.0001000100004729,0.2322290949906412,1,1-2bps,LOW_PROXY,print-based entry proxy; not executable BBO
btc-updown-15m-1789234200,2026-09-12,2026-09-07,weekend,DOWN,180,0,-3.631866647484383,DOWN,0.6498944300055681,5.287114488601361,5.387114488601361,28.060000000012224,3.630573256650376,0.709336729975026,1,2-5bps,LOW_PROXY,print-based entry proxy; not executable BBO
btc-updown-15m-1789234200,2026-09-12,2026-09-07,weekend,DOWN,180,2,-3.631866647484383,DOWN,0.6498944300055681,5.287114488601361,5.387114488601361,28.060000000012224,3.630573256650376,0.709336729975026,1,2-5bps,LOW_PROXY,print-based entry proxy; not executable BBO
btc-updown-15m-1789245000,2026-09-12,2026-09-07,weekend,DOWN,180,0,0.35494986657003125,UP,0.5125128651473391,-10.1,-10.0,2.7400000000052387,0.3549498665706193,0.06794753489769469,1,<1bps,LOW_PROXY,print-based entry proxy; not executable BBO
btc-updown-15m-1789309800,2026-09-13,2026-09-07,weekend,UP,180,0,1.3863312151474183,UP,0.48,10.733333333333336,10.833333333333336,10.680000000007567,1.3850341868724394,0.17701315658404473,3,1-2bps,LOW_PROXY,print-based entry proxy; not executable BBO
btc-updown-15m-1789320600,2026-09-13,2026-09-07,weekend,DOWN,180,0,-3.5121979994845454,DOWN,0.7499999999999999,3.2333333333333356,3.3333333333333357,27.15000000000873,3.512197999484196,0.46046306435334533,1,2-5bps,LOW_PROXY,print-based entry proxy; not executable BBO
btc-updown-15m-1789320600,2026-09-13,2026-09-07,weekend,DOWN,180,2,-3.5121979994845454,DOWN,0.7499999999999999,3.2333333333333356,3.3333333333333357,27.15000000000873,3.512197999484196,0.46046306435334533,1,2-5bps,LOW_PROXY,print-based entry proxy; not executable BBO
btc-updown-15m-1789331400,2026-09-13,2026-09-07,weekend,DOWN,180,0,4.633629051031818,UP,0.7438853948287911,-10.1,-10.0,35.820000000006985,4.632335225884148,1.2892843917913483,1,2-5bps,LOW_PROXY,print-based entry proxy; not executable BBO
btc-updown-15m-1789331400,2026-09-13,2026-09-07,weekend,DOWN,180,2,4.633629051031818,UP,0.7438853948287911,-10.1,-10.0,35.820000000006985,4.632335225884148,1.2892843917913483,1,2-5bps,LOW_PROXY,print-based entry proxy; not executable BBO
btc-updown-15m-1789342200,2026-09-13,2026-09-07,weekend,UP,180,0,11.254324940519478,UP,0.7899999997,2.5582278529081868,2.658227852908187,86.36999999999534,11.254324940519043,0.7456767289520665,1,>10bps,LOW_PROXY,print-based entry proxy; not executable BBO
btc-updown-15m-1789342200,2026-09-13,2026-09-07,weekend,UP,180,2,11.254324940519478,UP,0.7899999997,2.5582278529081868,2.658227852908187,86.36999999999534,11.254324940519043,0.7456767289520665,1,>10bps,LOW_PROXY,print-based entry proxy; not executable BBO
btc-updown-15m-1789342200,2026-09-13,2026-09-07,weekend,UP,180,5,11.254324940519478,UP,0.7899999997,2.5582278529081868,2.658227852908187,86.36999999999534,11.254324940519043,0.7456767289520665,1,>10bps,LOW_PROXY,print-based entry proxy; not executable BBO
btc-updown-15m-1789353000,2026-09-13,2026-09-07,weekend,DOWN,180,0,10.087187556426791,UP,0.6659467623321168,-10.1,-10.0,78.22000000000116,10.088478614347224,0.4693011826070068,2,>10bps,LOW_PROXY,print-based entry proxy; not executable BBO
btc-updown-15m-1789353000,2026-09-13,2026-09-07,weekend,DOWN,180,2,10.087187556426791,UP,0.6659467623321168,-10.1,-10.0,78.22000000000116,10.088478614347224,0.4693011826070068,2,>10bps,LOW_PROXY,print-based entry proxy; not executable BBO
btc-updown-15m-1789353000,2026-09-13,2026-09-07,weekend,DOWN,180,5,10.087187556426791,UP,0.6659467623321168,-10.1,-10.0,78.22000000000116,10.088478614347224,0.4693011826070068,2,>10bps,LOW_PROXY,print-based entry proxy; not executable BBO
btc-updown-15m-1789369200,2026-09-14,2026-09-14,weekday,UP,180,0,9.39000414340807,UP,0.74,3.413513513513514,3.513513513513514,72.86000000000058,9.390004143407065,0.5563803772866012,2,5-10bps,LOW_PROXY,print-based entry proxy; not executable BBO
btc-updown-15m-1789369200,2026-09-14,2026-09-14,weekday,UP,180,2,9.39000414340807,UP,0.74,3.413513513513514,3.513513513513514,72.86000000000058,9.390004143407065,0.5563803772866012,2,5-10bps,LOW_PROXY,print-based entry proxy; not executable BBO
btc-updown-15m-1789369200,2026-09-14,2026-09-14,weekday,UP,180,5,9.39000414340807,UP,0.74,3.413513513513514,3.513513513513514,72.86000000000058,9.390004143407065,0.5563803772866012,2,5-10bps,LOW_PROXY,print-based entry proxy; not executable BBO
btc-updown-15m-1789390800,2026-09-14,2026-09-14,weekday,UP,180,0,-8.677184911171087,DOWN,0.6717633332162609,-10.1,-10.0,67.41999999999825,8.677184911170603,0.4965243447804318,0,5-10bps,LOW_PROXY,print-based entry proxy; not executable BBO
btc-updown-15m-1789390800,2026-09-14,2026-09-14,weekday,UP,180,2,-8.677184911171087,DOWN,0.6717633332162609,-10.1,-10.0,67.41999999999825,8.677184911170603,0.4965243447804318,0,5-10bps,LOW_PROXY,print-based entry proxy; not executable BBO
btc-updown-15m-1789390800,2026-09-14,2026-09-14,weekday,UP,180,5,-8.677184911171087,DOWN,0.6717633332162609,-10.1,-10.0,67.41999999999825,8.677184911170603,0.4965243447804318,0,5-10bps,LOW_PROXY,print-based entry proxy; not executable BBO
btc-updown-15m-1789434000,2026-09-14,2026-09-14,weekday,DOWN,180,0,-10.780866194620708,DOWN,0.7299999806127988,3.598630500791925,3.698630500791925,84.04999999998836,10.782147637040502,0.8878357714820041,3,>10bps,LOW_PROXY,print-based entry proxy; not executable BBO
btc-updown-15m-1789434000,2026-09-14,2026-09-14,weekday,DOWN,180,2,-10.780866194620708,DOWN,0.7299999806127988,3.598630500791925,3.698630500791925,84.04999999998836,10.782147637040502,0.8878357714820041,3,>10bps,LOW_PROXY,print-based entry proxy; not executable BBO
btc-updown-15m-1789434000,2026-09-14,2026-09-14,weekday,DOWN,180,5,-10.780866194620708,DOWN,0.7299999806127988,3.598630500791925,3.698630500791925,84.04999999998836,10.782147637040502,0.8878357714820041,3,>10bps,LOW_PROXY,print-based entry proxy; not executable BBO
btc-updown-15m-1789498800,2026-09-15,2026-09-14,weekday,DOWN,180,0,-0.7907894736836063,DOWN,0.53,8.767924528301885,8.867924528301884,6.009999999994761,0.7907894736835211,0.013656933219035782,2,<1bps,LOW_PROXY,print-based entry proxy; not executable BBO
btc-updown-15m-1789563600,2026-09-16,2026-09-14,weekday,DOWN,180,0,-22.111947691645373,DOWN,0.8183967425190357,2.1190124672538047,2.2190124672538047,167.99000000000524,22.113261124850773,1.2040459623357207,1,>10bps,LOW_PROXY,print-based entry proxy; not executable BBO
btc-updown-15m-1789563600,2026-09-16,2026-09-14,weekday,DOWN,180,2,-22.111947691645373,DOWN,0.8183967425190357,2.1190124672538047,2.2190124672538047,167.99000000000524,22.113261124850773,1.2040459623357207,1,>10bps,LOW_PROXY,print-based entry proxy; not executable BBO
btc-updown-15m-1789563600,2026-09-16,2026-09-14,weekday,DOWN,180,5,-22.111947691645373,DOWN,0.8183967425190357,2.1190124672538047,2.2190124672538047,167.99000000000524,22.113261124850773,1.2040459623357207,1,>10bps,LOW_PROXY,print-based entry proxy; not executable BBO
btc-updown-15m-1789585200,2026-09-16,2026-09-14,weekday,UP,180,0,49.825464112351895,UP,0.792,2.526262626262626,2.6262626262626263,376.8500000000058,49.82679289189838,0.7761149580446466,1,>10bps,LOW_PROXY,print-based entry proxy; not executable BBO
btc-updown-15m-1789585200,2026-09-16,2026-09-14,weekday,UP,180,2,49.825464112351895,UP,0.792,2.526262626262626,2.6262626262626263,376.8500000000058,49.82679289189838,0.7761149580446466,1,>10bps,LOW_PROXY,print-based entry proxy; not executable BBO
btc-updown-15m-1789585200,2026-09-16,2026-09-14,weekday,UP,180,5,49.825464112351895,UP,0.792,2.526262626262626,2.6262626262626263,376.8500000000058,49.82679289189838,0.7761149580446466,1,>10bps,LOW_PROXY,print-based entry proxy; not executable BBO
btc-updown-15m-1789606800,2026-09-16,2026-09-14,weekday,DOWN,180,0,-14.52396867444139,DOWN,0.8599999623498555,1.527907485805112,1.6279074858051121,110.88000000000466,14.5239686744409,0.8371370079627458,1,>10bps,LOW_PROXY,print-based entry proxy; not executable BBO
btc-updown-15m-1789606800,2026-09-16,2026-09-14,weekday,DOWN,180,2,-14.52396867444139,DOWN,0.8599999623498555,1.527907485805112,1.6279074858051121,110.88000000000466,14.5239686744409,0.8371370079627458,1,>10bps,LOW_PROXY,print-based entry proxy; not executable BBO
btc-updown-15m-1789606800,2026-09-16,2026-09-14,weekday,DOWN,180,5,-14.52396867444139,DOWN,0.8599999623498555,1.527907485805112,1.6279074858051121,110.88000000000466,14.5239686744409,0.8371370079627458,1,>10bps,LOW_PROXY,print-based entry proxy; not executable BBO
btc-updown-15m-1789628400,2026-09-17,2026-09-14,weekday,UP,180,0,7.393027958824128,UP,0.7653048777624926,2.966687918201712,3.066687918201712,56.55000000000291,7.39433650049824,0.7180116612514561,2,5-10bps,LOW_PROXY,print-based entry proxy; not executable BBO
btc-updown-15m-1789628400,2026-09-17,2026-09-14,weekday,UP,180,2,7.393027958824128,UP,0.7653048777624926,2.966687918201712,3.066687918201712,56.55000000000291,7.39433650049824,0.7180116612514561,2,5-10bps,LOW_PROXY,print-based entry proxy; not executable BBO
btc-updown-15m-1789628400,2026-09-17,2026-09-14,weekday,UP,180,5,7.393027958824128,UP,0.7653048777624926,2.966687918201712,3.066687918201712,56.55000000000291,7.39433650049824,0.7180116612514561,2,5-10bps,LOW_PROXY,print-based entry proxy; not executable BBO
btc-updown-15m-1789671600,2026-09-17,2026-09-14,weekday,DOWN,180,0,3.401850476070223,UP,0.5843809423772705,-10.1,-10.0,26.05999999999767,3.4031568131823184,0.26227916940752294,2,2-5bps,LOW_PROXY,print-based entry proxy; not executable BBO
btc-updown-15m-1789671600,2026-09-17,2026-09-14,weekday,DOWN,180,2,3.401850476070223,UP,0.5843809423772705,-10.1,-10.0,26.05999999999767,3.4031568131823184,0.26227916940752294,2,2-5bps,LOW_PROXY,print-based entry proxy; not executable BBO
btc-updown-15m-1789714800,2026-09-18,2026-09-14,weekday,UP,180,0,5.4984272075619955,UP,0.6288896751179958,5.801040191387694,5.901040191387693,42.679999999993015,5.499716509457375,0.3632881059811633,1,5-10bps,LOW_PROXY,print-based entry proxy; not executable BBO
btc-updown-15m-1789714800,2026-09-18,2026-09-14,weekday,UP,180,2,5.4984272075619955,UP,0.6288896751179958,5.801040191387694,5.901040191387693,42.679999999993015,5.499716509457375,0.3632881059811633,1,5-10bps,LOW_PROXY,print-based entry proxy; not executable BBO
btc-updown-15m-1789714800,2026-09-18,2026-09-14,weekday,UP,180,5,5.4984272075619955,UP,0.6288896751179958,5.801040191387694,5.901040191387693,42.679999999993015,5.499716509457375,0.3632881059811633,1,5-10bps,LOW_PROXY,print-based entry proxy; not executable BBO
btc-updown-15m-1789736400,2026-09-18,2026-09-14,weekday,DOWN,180,0,-6.8064936409506505,DOWN,0.6899999962831419,4.392753701257259,4.492753701257259,20.57534378458513,2.638899013979699,0.18705212659854484,0,2-5bps,HIGH,print-based entry proxy; not executable BBO
btc-updown-15m-1789736400,2026-09-18,2026-09-14,weekday,DOWN,180,2,-6.8064936409506505,DOWN,0.6899999962831419,4.392753701257259,4.492753701257259,20.57534378458513,2.638899013979699,0.18705212659854484,0,2-5bps,HIGH,print-based entry proxy; not executable BBO
btc-updown-15m-1789736400,2026-09-18,2026-09-14,weekday,DOWN,180,5,-6.8064936409506505,DOWN,0.6899999962831419,4.392753701257259,4.492753701257259,20.57534378458513,2.638899013979699,0.18705212659854484,0,2-5bps,HIGH,print-based entry proxy; not executable BBO
btc-updown-15m-1789779600,2026-09-18,2026-09-14,weekday,DOWN,180,0,-4.078659476505209,DOWN,0.5099998215,9.507850000002401,9.6078500000024,33.30000000000291,4.077435520806421,0.23513327739761167,2,2-5bps,LOW_PROXY,print-based entry proxy; not executable BBO
btc-updown-15m-1789779600,2026-09-18,2026-09-14,weekday,DOWN,180,2,-4.078659476505209,DOWN,0.5099998215,9.507850000002401,9.6078500000024,33.30000000000291,4.077435520806421,0.23513327739761167,2,2-5bps,LOW_PROXY,print-based entry proxy; not executable BBO
btc-updown-15m-1789795800,2026-09-19,2026-09-14,weekend,DOWN,180,0,-0.6549626930307806,DOWN,0.5402001991187183,8.411655523848351,8.51165552384835,5.310000000012224,0.6549626930304845,0.06957605585645837,1,<1bps,LOW_PROXY,print-based entry proxy; not executable BBO
btc-updown-15m-1789806600,2026-09-19,2026-09-14,weekend,UP,180,0,-1.2976949002441174,DOWN,0.47111111111111115,-10.1,-10.0,10.55000000000291,1.2976949002439064,0.12487803193316874,0,1-2bps,LOW_PROXY,print-based entry proxy; not executable BBO
btc-updown-15m-1789817400,2026-09-19,2026-09-14,weekend,UP,180,0,-0.9326704236800598,DOWN,0.550373119971597,-10.1,-10.0,7.570000000006985,0.9314401023731402,0.10698092392572973,3,<1bps,LOW_PROXY,print-based entry proxy; not executable BBO
btc-updown-15m-1789860600,2026-09-19,2026-09-14,weekend,DOWN,180,0,1.469756048786408,UP,0.6485770567323117,-10.1,-10.0,11.960000000006403,1.4709861510843483,0.21532800222375198,1,1-2bps,LOW_PROXY,print-based entry proxy; not executable BBO
btc-updown-15m-1789871400,2026-09-19,2026-09-14,weekend,DOWN,180,0,-3.0573755542584458,DOWN,0.5788888888888888,7.174472168905952,7.274472168905952,24.760000000009313,3.0573755542585146,0.34976058583278846,1,2-5bps,LOW_PROXY,print-based entry proxy; not executable BBO
btc-updown-15m-1789871400,2026-09-19,2026-09-14,weekend,DOWN,180,2,-3.0573755542584458,DOWN,0.5788888888888888,7.174472168905952,7.274472168905952,24.760000000009313,3.0573755542585146,0.34976058583278846,1,2-5bps,LOW_PROXY,print-based entry proxy; not executable BBO
btc-updown-15m-1789882200,2026-09-20,2026-09-14,weekend,DOWN,180,0,8.522182751351526,UP,0.7785626359603486,-10.1,-10.0,68.65000000000873,8.522182751351474,0.6812415988405163,1,5-10bps,LOW_PROXY,print-based entry proxy; not executable BBO
btc-updown-15m-1789882200,2026-09-20,2026-09-14,weekend,DOWN,180,2,8.522182751351526,UP,0.7785626359603486,-10.1,-10.0,68.65000000000873,8.522182751351474,0.6812415988405163,1,5-10bps,LOW_PROXY,print-based entry proxy; not executable BBO
btc-updown-15m-1789882200,2026-09-20,2026-09-14,weekend,DOWN,180,5,8.522182751351526,UP,0.7785626359603486,-10.1,-10.0,68.65000000000873,8.522182751351474,0.6812415988405163,1,5-10bps,LOW_PROXY,print-based entry proxy; not executable BBO
btc-updown-15m-1789893000,2026-09-20,2026-09-14,weekend,DOWN,180,0,-0.9529859438306421,DOWN,0.3621759874725772,17.510886270468628,17.61088627046863,7.6600000000034925,0.9529859438309951,0.11154616724001373,1,<1bps,LOW_PROXY,print-based entry proxy; not executable BBO
btc-updown-15m-1789903800,2026-09-20,2026-09-14,weekend,UP,180,0,11.82494747889562,UP,0.8648948431476364,1.462099230013576,1.562099230013576,95.04000000000815,11.82494747889459,1.371016151104133,1,>10bps,LOW_PROXY,print-based entry proxy; not executable BBO
btc-updown-15m-1789903800,2026-09-20,2026-09-14,weekend,UP,180,2,11.82494747889562,UP,0.8648948431476364,1.462099230013576,1.562099230013576,95.04000000000815,11.82494747889459,1.371016151104133,1,>10bps,LOW_PROXY,print-based entry proxy; not executable BBO
btc-updown-15m-1789903800,2026-09-20,2026-09-14,weekend,UP,180,5,11.82494747889562,UP,0.8648948431476364,1.462099230013576,1.562099230013576,95.04000000000815,11.82494747889459,1.371016151104133,1,>10bps,LOW_PROXY,print-based entry proxy; not executable BBO
btc-updown-15m-1789914600,2026-09-20,2026-09-14,weekend,UP,180,0,5.478711752704424,UP,0.7054632487462792,4.075082851972228,4.175082851972228,44.11000000000058,5.477469297424917,0.4066565457376134,2,5-10bps,LOW_PROXY,print-based entry proxy; not executable BBO
btc-updown-15m-1789914600,2026-09-20,2026-09-14,weekend,UP,180,2,5.478711752704424,UP,0.7054632487462792,4.075082851972228,4.175082851972228,44.11000000000058,5.477469297424917,0.4066565457376134,2,5-10bps,LOW_PROXY,print-based entry proxy; not executable BBO
btc-updown-15m-1789914600,2026-09-20,2026-09-14,weekend,UP,180,5,5.478711752704424,UP,0.7054632487462792,4.075082851972228,4.175082851972228,44.11000000000058,5.477469297424917,0.4066565457376134,2,5-10bps,LOW_PROXY,print-based entry proxy; not executable BBO
btc-updown-15m-1789925400,2026-09-20,2026-09-14,weekend,UP,180,0,7.726587951821795,UP,0.6733333333333333,4.751485148514853,4.851485148514852,62.7100000000064,7.726587951821675,0.41708527986779814,0,5-10bps,LOW_PROXY,print-based entry proxy; not executable BBO
btc-updown-15m-1789925400,2026-09-20,2026-09-14,weekend,UP,180,2,7.726587951821795,UP,0.6733333333333333,4.751485148514853,4.851485148514852,62.7100000000064,7.726587951821675,0.41708527986779814,0,5-10bps,LOW_PROXY,print-based entry proxy; not executable BBO
btc-updown-15m-1789925400,2026-09-20,2026-09-14,weekend,UP,180,5,7.726587951821795,UP,0.6733333333333333,4.751485148514853,4.851485148514852,62.7100000000064,7.726587951821675,0.41708527986779814,0,5-10bps,LOW_PROXY,print-based entry proxy; not executable BBO
btc-updown-15m-1789947000,2026-09-20,2026-09-14,weekend,UP,180,0,-0.1256729818988056,DOWN,0.5099999776,-10.1,-10.0,1.0200000000040745,0.12567298189878748,0.009037114362685795,1,<1bps,LOW_PROXY,print-based entry proxy; not executable BBO
