market_slug,weekend_et,weekend_utc,entry_edge_samples,local_quote_samples,fill_markout_samples,spread,quote_age_sec,depth_1c,depth_2c,depth_5c,top_bid_size_median,top_ask_size_median,quote_update_rate,depth_source,trade_frequency,recent_volume,liquidity_score,liquidity_score_feature_count,signal_observations,entry_attempts,submitted_orders,filled_orders,cancelled_orders,stop_loss_exits,emergency_exits
btc-updown-15m-1788781500,False,False,170,277,0,0.01,1.0838374000000002,,,,117.0,114.0,0.389245026777068,"LOCAL_RECORDED, fill-conditioned marks; not historical full L2",,,0.375275088938529,3,340,0,0,0,0,0,0
btc-updown-15m-1788782400,False,False,182,326,0,0.01,1.0528670999999998,,,,125.0,125.0,0.3948763253727704,"LOCAL_RECORDED, fill-conditioned marks; not historical full L2",,,0.5321171506577315,3,364,0,0,0,0,0,0
btc-updown-15m-1788783300,False,False,145,206,0,0.01,1.035134,,,,179.74,177.0,0.3954434375974419,"LOCAL_RECORDED, fill-conditioned marks; not historical full L2",,,0.6025730123272938,3,290,0,0,0,0,0,0
btc-updown-15m-1788784200,False,False,205,350,0,0.01,1.1737382,,,,180.5,178.66,0.3885953491458897,"LOCAL_RECORDED, fill-conditioned marks; not historical full L2",,,0.32246008107884505,3,410,0,0,0,0,0,0
btc-updown-15m-1788785100,False,False,218,357,0,0.01,1.1435029499999998,,,,198.35,192.94,0.3963526824548339,"LOCAL_RECORDED, fill-conditioned marks; not historical full L2",,,0.4827521303880202,3,436,0,0,0,0,0,0
btc-updown-15m-1788786000,False,False,224,355,0,0.01,1.0385799,,,,192.45,183.6,0.3944135672348697,"LOCAL_RECORDED, fill-conditioned marks; not historical full L2",,,0.5712314883759412,3,448,0,0,0,0,0,0
btc-updown-15m-1788786900,False,False,80,282,0,0.01,1.0480814999999999,,,,165.0,165.0,0.35980355043695184,"LOCAL_RECORDED, fill-conditioned marks; not historical full L2",,,0.3422685529908166,3,160,0,0,0,0,0,0
btc-updown-15m-1788787800,False,False,0,46,0,,,,,,151.935,151.935,0.3978892488185209,"LOCAL_RECORDED, fill-conditioned marks; not historical full L2",,,,1,0,0,0,0,0,0,0
btc-updown-15m-1788788700,False,False,173,311,0,0.01,1.047434,,,,107.0,113.93,0.39285320785294353,"LOCAL_RECORDED, fill-conditioned marks; not historical full L2",,,0.5081720029784066,3,346,0,0,0,0,0,0
btc-updown-15m-1788789600,False,False,226,351,0,0.01,1.067349,,,,200.53,206.19,0.39067785487675016,"LOCAL_RECORDED, fill-conditioned marks; not historical full L2",,,0.42591834202035245,3,452,0,0,0,0,0,0
btc-updown-15m-1788790500,False,False,244,350,0,0.01,1.0513891000000002,,,,177.04000000000002,176.04000000000002,0.38849894880811575,"LOCAL_RECORDED, fill-conditioned marks; not historical full L2",,,0.4170286257963101,3,488,0,0,0,0,0,0
btc-updown-15m-1788791400,False,False,245,346,0,0.01,1.0467368,,,,108.715,107.38,0.38387882044533395,"LOCAL_RECORDED, fill-conditioned marks; not historical full L2",,,0.39793166211632336,3,490,0,0,0,0,0,0
btc-updown-15m-1788792300,False,False,0,160,0,,,,,,213.13,210.47,0.31991745083497547,"LOCAL_RECORDED, fill-conditioned marks; not historical full L2",,,,1,0,0,0,0,0,0,0
btc-updown-15m-1788794100,False,False,201,298,0,0.01,1.0383409,,,,108.67,108.67,0.39344772871528466,"LOCAL_RECORDED, fill-conditioned marks; not historical full L2",,,0.5524675270952263,3,402,0,0,0,0,0,0
btc-updown-15m-1788795000,False,False,232,352,0,0.01,1.0584424000000001,,,,220.845,220.845,0.3915006031066791,"LOCAL_RECORDED, fill-conditioned marks; not historical full L2",,,0.4533900057913461,3,464,0,0,0,0,0,0
btc-updown-15m-1788795900,False,False,247,354,0,0.01,1.049169,,,,160.0,155.865,0.3930349306810695,"LOCAL_RECORDED, fill-conditioned marks; not historical full L2",,,0.5079300074460164,3,494,0,0,0,0,0,0
btc-updown-15m-1788796800,False,False,245,352,0,0.01,1.0544898,,,,178.96499999999997,178.96499999999997,0.39147571948639354,"LOCAL_RECORDED, fill-conditioned marks; not historical full L2",,,0.4601679490361546,3,490,0,0,0,0,0,0
btc-updown-15m-1788797700,False,False,178,301,0,0.01,1.0795655499999999,,,,189.98,190.23,0.33519669586248135,"LOCAL_RECORDED, fill-conditioned marks; not historical full L2",,,0.25857946554149086,3,356,0,0,0,0,0,0
btc-updown-15m-1788798600,False,False,220,358,0,0.01,1.13152685,,,,240.39,240.39,0.39853265945784566,"LOCAL_RECORDED, fill-conditioned marks; not historical full L2",,,0.5220753702324812,3,440,0,0,0,0,0,0
btc-updown-15m-1788799500,False,False,229,358,0,0.01,1.0234628,,,,130.0,130.0,0.39830364374811694,"LOCAL_RECORDED, fill-conditioned marks; not historical full L2",,,0.6985811202117979,3,458,0,0,0,0,0,0
btc-updown-15m-1788800400,False,False,165,354,0,0.01,1.0640912,,,,172.82,172.82,0.3946729963777706,"LOCAL_RECORDED, fill-conditioned marks; not historical full L2",,,0.5061450318524034,3,330,0,0,0,0,0,0
btc-updown-15m-1788801300,False,False,134,330,0,0.01,1.0364786,,,,175.0,175.0,0.36622618854510136,"LOCAL_RECORDED, fill-conditioned marks; not historical full L2",,,0.3998510796723753,3,268,0,0,0,0,0,0
btc-updown-15m-1788802200,False,False,232,356,0,0.01,1.0524594999999999,,,,160.0,160.0,0.3953600693720383,"LOCAL_RECORDED, fill-conditioned marks; not historical full L2",,,0.5435819475469512,3,464,0,0,0,0,0,0
btc-updown-15m-1788803100,False,False,221,356,0,0.01,1.0295911,,,,182.3,182.3,0.3962938173533995,"LOCAL_RECORDED, fill-conditioned marks; not historical full L2",,,0.6422995780590718,3,442,0,0,0,0,0,0
btc-updown-15m-1788804000,False,False,142,356,0,0.01,1.0316925499999998,,,,155.54000000000002,155.54000000000002,0.39518189205593707,"LOCAL_RECORDED, fill-conditioned marks; not historical full L2",,,0.6086952924629768,3,284,0,0,0,0,0,0
btc-updown-15m-1788804900,False,False,140,328,0,0.01,1.07248545,,,,184.125,184.125,0.3645920180030053,"LOCAL_RECORDED, fill-conditioned marks; not historical full L2",,,0.311297261520642,3,280,0,0,0,0,0,0
btc-updown-15m-1788805800,False,False,216,357,0,0.01,1.04404955,,,,180.0,178.52,0.3969129418077117,"LOCAL_RECORDED, fill-conditioned marks; not historical full L2",,,0.6098556300157194,3,432,0,0,0,0,0,0
btc-updown-15m-1788806700,False,False,189,356,0,0.01,1.057813,,,,186.125,186.125,0.3951524368702936,"LOCAL_RECORDED, fill-conditioned marks; not historical full L2",,,0.5285802928766443,3,378,0,0,0,0,0,0
btc-updown-15m-1788807600,False,False,229,354,0,0.01,1.0974342,,,,210.2,210.2,0.3941234949819348,"LOCAL_RECORDED, fill-conditioned marks; not historical full L2",,,0.454964010920824,3,458,0,0,0,0,0,0
btc-updown-15m-1788808500,False,False,171,332,0,0.01,1.2889911,,,,193.685,193.685,0.36828546502019316,"LOCAL_RECORDED, fill-conditioned marks; not historical full L2",,,0.24528625796310088,3,342,0,0,0,0,0,0
btc-updown-15m-1788809400,False,False,208,358,0,0.01,1.1886060999999999,,,,207.5,207.5,0.3976253595225196,"LOCAL_RECORDED, fill-conditioned marks; not historical full L2",,,0.4963721353520311,3,416,0,0,0,0,0,0
btc-updown-15m-1788810300,False,False,185,356,0,0.01,1.106407,,,,137.495,137.495,0.3955698186022668,"LOCAL_RECORDED, fill-conditioned marks; not historical full L2",,,0.482580458343675,3,370,0,0,0,0,0,0
btc-updown-15m-1788811200,False,False,178,356,0,0.01,1.2661056,,,,193.41,193.41,0.39682685487354347,"LOCAL_RECORDED, fill-conditioned marks; not historical full L2",,,0.47575908000330935,3,356,0,0,0,0,0,0
btc-updown-15m-1788812100,False,False,166,326,0,0.01,1.073497,,,,186.5,186.5,0.36307576003827446,"LOCAL_RECORDED, fill-conditioned marks; not historical full L2",,,0.3063684123438405,3,332,0,0,0,0,0,0
btc-updown-15m-1788813000,False,False,213,356,0,0.01,1.086297,,,,162.825,162.825,0.3969482551057623,"LOCAL_RECORDED, fill-conditioned marks; not historical full L2",,,0.5287891950028957,3,426,0,0,0,0,0,0
btc-updown-15m-1788813900,False,False,222,356,0,0.01,1.20058,,,,175.0,175.0,0.3962419542443343,"LOCAL_RECORDED, fill-conditioned marks; not historical full L2",,,0.4693575742533301,3,444,0,0,0,0,0,0
btc-updown-15m-1788814800,False,False,204,358,0,0.01,1.1026625,,,,191.5,191.5,0.39792655963274476,"LOCAL_RECORDED, fill-conditioned marks; not historical full L2",,,0.532497724828328,3,408,0,0,0,0,0,0
btc-updown-15m-1788815700,False,False,77,331,0,0.01,1.0426932,,,,156.94,161.93,0.36794045936643854,"LOCAL_RECORDED, fill-conditioned marks; not historical full L2",,,0.38202200711508233,3,154,0,0,0,0,0,0
btc-updown-15m-1788816600,False,False,199,358,0,0.01,1.1607371,,,,174.825,174.825,0.3982958667010437,"LOCAL_RECORDED, fill-conditioned marks; not historical full L2",,,0.5104223545958468,3,398,0,0,0,0,0,0
btc-updown-15m-1788817500,False,False,211,358,0,0.01,1.0678121,,,,121.745,121.745,0.3981875821858612,"LOCAL_RECORDED, fill-conditioned marks; not historical full L2",,,0.574584264085381,3,422,0,0,0,0,0,0
btc-updown-15m-1788818400,False,False,208,354,0,0.01,1.1157845499999999,,,,126.89,126.89,0.39471908666145106,"LOCAL_RECORDED, fill-conditioned marks; not historical full L2",,,0.45205592785637466,3,416,0,0,0,0,0,0
btc-updown-15m-1788819300,False,False,196,327,0,0.01,1.0740650500000002,,,,132.34,132.34,0.3632178791081878,"LOCAL_RECORDED, fill-conditioned marks; not historical full L2",,,0.3054976420948126,3,392,0,0,0,0,0,0
btc-updown-15m-1788820200,False,False,215,354,0,0.01,1.198583,,,,205.53,205.53,0.3929720276966774,"LOCAL_RECORDED, fill-conditioned marks; not historical full L2",,,0.3974890378092165,3,430,0,0,0,0,0,0
btc-updown-15m-1788821100,False,False,233,354,0,0.01,1.106588,,,,227.64499999999998,227.64499999999998,0.39291198838577984,"LOCAL_RECORDED, fill-conditioned marks; not historical full L2",,,0.42373004053942254,3,466,0,0,0,0,0,0
btc-updown-15m-1788822000,False,False,209,356,0,0.01,1.118181,,,,285.0,285.0,0.39656064892889686,"LOCAL_RECORDED, fill-conditioned marks; not historical full L2",,,0.4952759162736825,3,418,0,0,0,0,0,0
btc-updown-15m-1788822900,False,False,207,328,0,0.01,1.131623,,,,196.0,196.0,0.3642522080952146,"LOCAL_RECORDED, fill-conditioned marks; not historical full L2",,,0.2581595929511045,3,414,0,0,0,0,0,0
btc-updown-15m-1788823800,False,False,224,354,0,0.01,1.057174,,,,182.57,182.57,0.39780036636760135,"LOCAL_RECORDED, fill-conditioned marks; not historical full L2",,,0.5874575990733846,3,448,0,0,0,0,0,0
btc-updown-15m-1788824700,False,False,236,356,0,0.01,1.030757,,,,155.64,153.09,0.39226686559731216,"LOCAL_RECORDED, fill-conditioned marks; not historical full L2",,,0.5515595267642922,3,472,0,0,0,0,0,0
btc-updown-15m-1788825600,False,False,182,270,0,0.01,1.0388549,,,,141.575,141.575,0.38637948928295907,"LOCAL_RECORDED, fill-conditioned marks; not historical full L2",,,0.43961487548605943,3,364,0,0,0,0,0,0
btc-updown-15m-1788863400,False,False,64,124,0,0.01,1.2993036,,,,143.14999999999998,187.155,0.3752036326202966,"LOCAL_RECORDED, fill-conditioned marks; not historical full L2",,,0.25340241581864814,3,128,0,0,0,0,0,0
btc-updown-15m-1788864300,False,False,154,349,0,0.01,1.1746861499999999,,,,209.73,215.46,0.38803332175046434,"LOCAL_RECORDED, fill-conditioned marks; not historical full L2",,,0.31508025150988667,3,308,0,0,0,0,0,0
btc-updown-15m-1788865200,False,False,220,356,0,0.01,1.18239615,,,,225.0,225.0,0.3958958708479986,"LOCAL_RECORDED, fill-conditioned marks; not historical full L2",,,0.46701414743112435,3,440,0,0,0,0,0,0
btc-updown-15m-1788866100,False,False,230,358,0,0.01,1.0969779499999999,,,,289.65,289.65,0.39737591379429776,"LOCAL_RECORDED, fill-conditioned marks; not historical full L2",,,0.5277302060064533,3,460,0,0,0,0,0,0
btc-updown-15m-1788867000,False,False,184,324,0,0.01,1.06672895,,,,158.51,159.805,0.3612747121648031,"LOCAL_RECORDED, fill-conditioned marks; not historical full L2",,,0.30998593530239105,3,368,0,0,0,0,0,0
btc-updown-15m-1788867900,False,False,134,202,0,0.01,1.1089596,,,,171.0,171.0,0.39519096868231113,"LOCAL_RECORDED, fill-conditioned marks; not historical full L2",,,0.4677401340282949,3,268,0,0,0,0,0,0
btc-updown-15m-1788869700,False,False,0,42,0,,,,,,110.5,0.0,0.38063190745371506,"LOCAL_RECORDED, fill-conditioned marks; not historical full L2",,,,1,0,0,0,0,0,0,0
btc-updown-15m-1788870600,False,False,237,354,0,0.01,1.067191,,,,126.19,126.19,0.3936685719281338,"LOCAL_RECORDED, fill-conditioned marks; not historical full L2",,,0.48479564821709276,3,474,0,0,0,0,0,0
btc-updown-15m-1788871500,False,False,238,356,0,0.01,1.0891885000000001,,,,180.215,180.215,0.3957843446383133,"LOCAL_RECORDED, fill-conditioned marks; not historical full L2",,,0.502564738975759,3,476,0,0,0,0,0,0
btc-updown-15m-1788872400,False,False,240,355,0,0.01,1.06824545,,,,203.0,202.31,0.39407269953794327,"LOCAL_RECORDED, fill-conditioned marks; not historical full L2",,,0.48626830479027056,3,480,0,0,0,0,0,0
btc-updown-15m-1788873300,False,False,165,246,0,0.01,1.1091578,,,,219.7,219.7,0.3949771239567574,"LOCAL_RECORDED, fill-conditioned marks; not historical full L2",,,0.4619942913874411,3,330,0,0,0,0,0,0
btc-updown-15m-1788874200,False,False,225,358,0,0.01,1.127322,,,,191.88,188.85500000000002,0.3943615458732667,"LOCAL_RECORDED, fill-conditioned marks; not historical full L2",,,0.43961280714817574,3,450,0,0,0,0,0,0
btc-updown-15m-1788875100,False,False,224,354,0,0.01,1.0488650000000002,,,,182.0,179.0,0.3941170370935854,"LOCAL_RECORDED, fill-conditioned marks; not historical full L2",,,0.5292525026888393,3,448,0,0,0,0,0,0
btc-updown-15m-1788876000,False,False,232,346,0,0.01,1.095467,,,,209.975,209.975,0.3842554088364946,"LOCAL_RECORDED, fill-conditioned marks; not historical full L2",,,0.32024075452966,3,464,0,0,0,0,0,0
btc-updown-15m-1788876900,False,False,225,328,0,0.01,1.0780742,,,,251.9,251.9,0.38771046420891636,"LOCAL_RECORDED, fill-conditioned marks; not historical full L2",,,0.36160130718954253,3,450,0,0,0,0,0,0
btc-updown-15m-1788877800,False,False,235,330,0,0.01,1.090582,,,,185.0,186.935,0.3748618811998687,"LOCAL_RECORDED, fill-conditioned marks; not historical full L2",,,0.30153057003392075,3,470,0,0,0,0,0,0
btc-updown-15m-1788878700,False,False,245,345,0,0.01,1.068191,,,,235.0,259.92,0.38467283823915044,"LOCAL_RECORDED, fill-conditioned marks; not historical full L2",,,0.3556031273268801,3,490,0,0,0,0,0,0
btc-updown-15m-1788879600,False,False,245,347,0,0.01,1.080761,,,,201.99,202.76,0.3854764110540053,"LOCAL_RECORDED, fill-conditioned marks; not historical full L2",,,0.33943493009017955,3,490,0,0,0,0,0,0
btc-updown-15m-1788880500,False,False,133,219,0,0.01,1.1031684,,,,201.46,201.54,0.2434501229684439,"LOCAL_RECORDED, fill-conditioned marks; not historical full L2",,,0.21874534623976175,3,266,0,0,0,0,0,0
btc-updown-15m-1788881400,False,False,47,357,0,0.01,1.0442541,,,,219.1,226.0,0.3978800419368694,"LOCAL_RECORDED, fill-conditioned marks; not historical full L2",,,0.6241126830479027,3,94,0,1,0,0,0,0
btc-updown-15m-1788882300,False,False,3,218,5,0.01,1.400075,,,96.84,125.78999999999999,154.05,0.389025996848685,"LOCAL_RECORDED, fill-conditioned marks; not historical full L2",,,0.26042474951339634,4,6,0,1,1,0,0,0
btc-updown-15m-1788884100,False,False,48,80,0,0.01,0.8256094999999999,,,,140.225,140.225,0.39935678080339065,"LOCAL_RECORDED, fill-conditioned marks; not historical full L2",,,0.8181703483080996,3,96,0,0,0,0,0,0
btc-updown-15m-1788885000,False,False,216,357,0,0.01,1.1167459,,,,186.83,185.0,0.3964635888881239,"LOCAL_RECORDED, fill-conditioned marks; not historical full L2",,,0.4945126995946058,3,432,0,0,0,0,0,0
btc-updown-15m-1788885900,False,False,221,356,0,0.01,1.068221,,,,185.13,185.0,0.39538681641177925,"LOCAL_RECORDED, fill-conditioned marks; not historical full L2",,,0.5157069578886407,3,442,0,0,0,0,0,0
btc-updown-15m-1788886800,False,False,247,358,0,0.01,1.055432,,,,178.495,178.495,0.39742848009826626,"LOCAL_RECORDED, fill-conditioned marks; not historical full L2",,,0.5867750475717713,3,494,0,0,0,0,0,0
btc-updown-15m-1788887700,False,False,143,326,0,0.01,1.076408,,,,208.0,208.0,0.36202624305957404,"LOCAL_RECORDED, fill-conditioned marks; not historical full L2",,,0.29381773806569045,3,286,0,0,0,0,0,0
btc-updown-15m-1788888600,False,False,245,355,0,0.01,1.0819232,,,,175.65,171.0,0.3944870870870228,"LOCAL_RECORDED, fill-conditioned marks; not historical full L2",,,0.4750020683378837,3,490,0,0,0,0,0,0
btc-updown-15m-1788889500,False,False,184,358,0,0.01,1.11215945,,,,164.5,164.5,0.3980646063160055,"LOCAL_RECORDED, fill-conditioned marks; not historical full L2",,,0.5231881360138992,3,368,0,0,0,0,0,0
btc-updown-15m-1788890400,False,False,218,357,0,0.01,1.1152164,,,,277.52,276.51,0.3965847816344983,"LOCAL_RECORDED, fill-conditioned marks; not historical full L2",,,0.4994684371638951,3,436,0,0,0,0,0,0
btc-updown-15m-1788891300,False,False,181,330,0,0.01,1.0747739,,,,227.42000000000002,227.42000000000002,0.36658804181428445,"LOCAL_RECORDED, fill-conditioned marks; not historical full L2",,,0.31031893770166297,3,362,0,0,0,0,0,0
btc-updown-15m-1788892200,False,False,218,358,0,0.01,1.0974452000000001,,,,205.5,205.5,0.3978585824596265,"LOCAL_RECORDED, fill-conditioned marks; not historical full L2",,,0.5317345081492513,3,436,0,0,0,0,0,0
btc-updown-15m-1788893100,False,False,224,357,0,0.01,1.1231963999999999,,,,228.97,228.27,0.397289172326541,"LOCAL_RECORDED, fill-conditioned marks; not historical full L2",,,0.5058699429138744,3,448,0,0,0,0,0,0
btc-updown-15m-1788894000,False,False,247,356,0,0.01,1.0506098,,,,175.5,175.5,0.39567118646841365,"LOCAL_RECORDED, fill-conditioned marks; not historical full L2",,,0.5576052783982791,3,494,0,0,0,0,0,0
btc-updown-15m-1788894900,False,False,192,322,0,0.01,1.056584,,,,180.82999999999998,180.82999999999998,0.35947660985031715,"LOCAL_RECORDED, fill-conditioned marks; not historical full L2",,,0.3195375196492099,3,384,0,0,0,0,0,0
btc-updown-15m-1788895800,False,False,219,350,0,0.01,1.075755,,,,183.285,183.285,0.38978189770666627,"LOCAL_RECORDED, fill-conditioned marks; not historical full L2",,,0.391120625465376,3,438,0,0,0,0,0,0
btc-updown-15m-1788896700,False,False,248,354,0,0.01,1.0785565,,,,179.965,179.965,0.39361926139036046,"LOCAL_RECORDED, fill-conditioned marks; not historical full L2",,,0.46206461487548606,3,496,0,0,0,0,0,0
btc-updown-15m-1788897600,False,False,216,355,0,0.01,1.28976915,,,,204.0,201.0,0.3957315704196885,"LOCAL_RECORDED, fill-conditioned marks; not historical full L2",,,0.45195871597584186,3,432,0,0,0,0,0,0
btc-updown-15m-1788898500,False,False,195,327,0,0.01,1.1063548,,,,183.28,184.58,0.36327828754252495,"LOCAL_RECORDED, fill-conditioned marks; not historical full L2",,,0.2750910068668818,3,390,0,0,0,0,0,0
btc-updown-15m-1788899400,False,False,235,353,0,0.01,1.108615,,,,209.74,201.66,0.39140501322148896,"LOCAL_RECORDED, fill-conditioned marks; not historical full L2",,,0.3901526433358154,3,470,0,0,0,0,0,0
btc-updown-15m-1788900300,False,False,232,356,0,0.01,1.08576845,,,,176.0,176.0,0.39671146489350334,"LOCAL_RECORDED, fill-conditioned marks; not historical full L2",,,0.5239141226110697,3,464,0,0,0,0,0,0
btc-updown-15m-1788901200,False,False,225,358,0,0.01,1.160121,,,,192.635,192.635,0.3976417265953961,"LOCAL_RECORDED, fill-conditioned marks; not historical full L2",,,0.5030963018118639,3,450,0,0,0,0,0,0
btc-updown-15m-1788902100,False,False,206,330,0,0.01,1.0853517,,,,190.0,190.0,0.36645815665371995,"LOCAL_RECORDED, fill-conditioned marks; not historical full L2",,,0.2959998345329693,3,412,0,0,0,0,0,0
btc-updown-15m-1788903000,False,False,217,351,0,0.01,1.0745329,,,,165.0,165.0,0.38968937321176556,"LOCAL_RECORDED, fill-conditioned marks; not historical full L2",,,0.3928621659634318,3,434,0,0,0,0,0,0
btc-updown-15m-1788903900,False,False,176,354,0,0.01,1.2799255,,,,171.32,171.32,0.3946549750290561,"LOCAL_RECORDED, fill-conditioned marks; not historical full L2",,,0.42262761644742286,3,352,0,0,0,0,0,0
btc-updown-15m-1788904800,False,False,233,350,0,0.01,1.0632158,,,,154.67000000000002,154.67000000000002,0.38924286065829533,"LOCAL_RECORDED, fill-conditioned marks; not historical full L2",,,0.40736948787954,3,466,0,0,0,0,0,0
btc-updown-15m-1788905700,False,False,132,310,0,0.01,1.0865874500000001,,,,146.14,146.14,0.3963359869297473,"LOCAL_RECORDED, fill-conditioned marks; not historical full L2",,,0.5148465293290312,3,264,0,0,0,0,0,0
btc-updown-15m-1788906600,False,False,87,252,0,0.01,1.1265951,,,,179.425,179.425,0.39451805934001455,"LOCAL_RECORDED, fill-conditioned marks; not historical full L2",,,0.4429076693968727,3,174,0,0,0,0,0,0
btc-updown-15m-1788954300,False,False,149,238,0,0.008,1.2506492,,,,283.76,270.0,0.3806924508474966,"LOCAL_RECORDED, fill-conditioned marks; not historical full L2",,,0.43657028212128735,3,298,0,0,0,0,0,0
btc-updown-15m-1788955200,False,False,123,349,5,0.01,1.016858,,,61.5,175.12,180.0,0.38983999061274266,"LOCAL_RECORDED, fill-conditioned marks; not historical full L2",,,0.422280816057269,4,246,0,2,1,0,0,0
btc-updown-15m-1788956100,False,False,214,352,0,0.01,1.0341985500000002,,,,115.695,115.695,0.392263711602346,"LOCAL_RECORDED, fill-conditioned marks; not historical full L2",,,0.5397720691652188,3,428,0,0,0,0,0,0
btc-updown-15m-1788957000,False,False,210,350,0,0.01,1.07903715,,,,113.0,113.0,0.38865618826568127,"LOCAL_RECORDED, fill-conditioned marks; not historical full L2",,,0.3705344585091421,3,420,0,0,0,0,0,0
btc-updown-15m-1788957900,False,False,106,321,0,0.01,1.0397465000000001,,,,183.0,183.0,0.35631965891354095,"LOCAL_RECORDED, fill-conditioned marks; not historical full L2",,,0.3619736080086043,3,212,0,1,0,0,0,0
btc-updown-15m-1788958800,False,False,86,356,0,0.01,0.98639135,,,,202.7,202.7,0.3956149420215326,"LOCAL_RECORDED, fill-conditioned marks; not historical full L2",,,0.7348473566641847,3,172,0,2,0,1,0,0
btc-updown-15m-1788959700,False,False,236,354,0,0.01,1.0433625,,,,190.07999999999998,190.07999999999998,0.3950535070598104,"LOCAL_RECORDED, fill-conditioned marks; not historical full L2",,,0.566581864813436,3,472,0,0,0,0,0,0
btc-updown-15m-1788960600,False,False,84,346,0,0.01,0.96442545,,,,180.765,180.765,0.3858395899729873,"LOCAL_RECORDED, fill-conditioned marks; not historical full L2",,,0.5916749400182013,3,168,0,1,0,0,0,0
btc-updown-15m-1788961500,False,False,181,321,0,0.01,1.025888,,,,150.0,150.0,0.35661566575643083,"LOCAL_RECORDED, fill-conditioned marks; not historical full L2",,,0.40667245801274093,3,362,0,0,0,0,0,0
btc-updown-15m-1788962400,False,False,83,341,0,0.01,1.0863158,,,,238.14,253.83,0.38006846009965906,"LOCAL_RECORDED, fill-conditioned marks; not historical full L2",,,0.31389302556465626,3,166,0,1,0,0,0,0
btc-updown-15m-1788963300,False,False,28,276,0,0.01,0.7987960999999999,,,,188.5,188.5,0.34647717249701043,"LOCAL_RECORDED, fill-conditioned marks; not historical full L2",,,0.5191776288574501,3,56,0,2,0,1,0,0
btc-updown-15m-1788964200,False,False,199,325,0,0.01,1.0268288,,,,181.23,184.0,0.3925620302833255,"LOCAL_RECORDED, fill-conditioned marks; not historical full L2",,,0.5691197153967072,3,398,0,0,0,0,0,0
btc-updown-15m-1788965100,False,False,217,346,0,0.01,1.044326,,,,209.13,209.13,0.38473794316597576,"LOCAL_RECORDED, fill-conditioned marks; not historical full L2",,,0.40958467775295776,3,434,0,0,0,0,0,0
btc-updown-15m-1788966000,False,False,192,341,0,0.01,1.069248,,,,188.15,200.0,0.38153556094284513,"LOCAL_RECORDED, fill-conditioned marks; not historical full L2",,,0.34242367833209236,3,384,0,0,0,0,0,0
btc-updown-15m-1788966900,False,False,0,349,0,,,,,,212.63,214.93,0.38778256917685844,"LOCAL_RECORDED, fill-conditioned marks; not historical full L2",,,,1,0,0,0,0,0,0,0
btc-updown-15m-1788967800,False,False,0,0,0,,,,,,,,,"LOCAL_RECORDED, fill-conditioned marks; not historical full L2",,,,0,0,0,0,0,0,0,0
btc-updown-15m-1788968700,False,False,132,181,0,0.01,1.0482939500000001,,,,192.0,193.75,0.3927187268821622,"LOCAL_RECORDED, fill-conditioned marks; not historical full L2",,,0.5040063704806818,3,264,0,0,0,0,0,0
btc-updown-15m-1788969600,False,False,202,356,0,0.01,1.0139936,,,,186.63,186.63,0.3955883042893719,"LOCAL_RECORDED, fill-conditioned marks; not historical full L2",,,0.6673636965334657,3,404,0,0,0,0,0,0
btc-updown-15m-1788970500,False,False,239,350,0,0.01,1.032896,,,,206.57999999999998,206.57999999999998,0.39013650057874677,"LOCAL_RECORDED, fill-conditioned marks; not historical full L2",,,0.5072536609580541,3,478,0,0,0,0,0,0
btc-updown-15m-1788971400,False,False,214,356,0,0.01,1.097124,,,,244.775,244.775,0.39550223759067415,"LOCAL_RECORDED, fill-conditioned marks; not historical full L2",,,0.48603665094729875,3,428,0,0,0,0,0,0
btc-updown-15m-1788972300,False,False,163,326,0,0.01,1.0496021,,,,170.0,170.0,0.3637180883947338,"LOCAL_RECORDED, fill-conditioned marks; not historical full L2",,,0.3510134855630016,3,326,0,0,0,0,0,0
btc-updown-15m-1788973200,False,False,227,352,0,0.01,1.034737,,,,190.495,196.155,0.3926142696645116,"LOCAL_RECORDED, fill-conditioned marks; not historical full L2",,,0.545464135021097,3,454,0,0,0,0,0,0
btc-updown-15m-1788974100,False,False,191,354,0,0.01,1.0609742,,,,206.54000000000002,206.54000000000002,0.39412653390613744,"LOCAL_RECORDED, fill-conditioned marks; not historical full L2",,,0.502194506494581,3,382,0,0,0,0,0,0
btc-updown-15m-1788975000,False,False,211,356,0,0.01,1.250924,,,,197.91000000000003,197.91000000000003,0.3971943960135807,"LOCAL_RECORDED, fill-conditioned marks; not historical full L2",,,0.48232191610821545,3,422,0,0,0,0,0,0
btc-updown-15m-1788975900,False,False,204,328,0,0.01,1.10698985,,,,148.85,148.27499999999998,0.3648500661372753,"LOCAL_RECORDED, fill-conditioned marks; not historical full L2",,,0.2758273351534707,3,408,0,0,0,0,0,0
btc-updown-15m-1788976800,False,False,194,358,0,0.01,1.10966295,,,,240.83999999999997,240.83999999999997,0.39860327492026393,"LOCAL_RECORDED, fill-conditioned marks; not historical full L2",,,0.5346798212956069,3,388,0,0,0,0,0,0
btc-updown-15m-1788977700,False,False,197,358,0,0.01,1.0478048,,,,207.5,207.5,0.3984546339939656,"LOCAL_RECORDED, fill-conditioned marks; not historical full L2",,,0.6217072060891867,3,394,0,0,0,0,0,0
btc-updown-15m-1788978600,False,False,204,356,0,0.01,1.0595255,,,,209.04500000000002,209.04500000000002,0.39695793755755704,"LOCAL_RECORDED, fill-conditioned marks; not historical full L2",,,0.570956399437412,3,408,0,0,0,0,0,0
btc-updown-15m-1788979500,False,False,197,324,0,0.01,1.0632815500000001,,,,236.095,236.095,0.3605136095645533,"LOCAL_RECORDED, fill-conditioned marks; not historical full L2",,,0.3093033838007777,3,394,0,0,0,0,0,0
btc-updown-15m-1788980400,False,False,202,354,0,0.01,1.04072,,,,90.0,90.0,0.3938626048305769,"LOCAL_RECORDED, fill-conditioned marks; not historical full L2",,,0.5529887482419128,3,404,0,0,0,0,0,0
btc-updown-15m-1788981300,False,False,227,356,0,0.01,1.0932811,,,,194.76999999999998,194.76999999999998,0.3952852935640905,"LOCAL_RECORDED, fill-conditioned marks; not historical full L2",,,0.4828762306610408,3,454,0,0,0,0,0,0
btc-updown-15m-1788982200,False,False,170,356,0,0.01,1.0558939,,,,261.14,261.14,0.39671438641955425,"LOCAL_RECORDED, fill-conditioned marks; not historical full L2",,,0.5736762637544469,3,340,0,0,0,0,0,0
btc-updown-15m-1788983100,False,False,132,324,0,0.01,1.061942,,,,166.365,166.365,0.36113493390438006,"LOCAL_RECORDED, fill-conditioned marks; not historical full L2",,,0.31425912137006706,3,264,0,0,0,0,0,0
btc-updown-15m-1788984000,False,False,234,356,0,0.01,1.054187,,,,217.055,217.055,0.39650366331074827,"LOCAL_RECORDED, fill-conditioned marks; not historical full L2",,,0.5721229420038058,3,468,0,0,0,0,0,0
btc-updown-15m-1788984900,False,False,228,358,0,0.01,1.071056,,,,219.45999999999998,219.45999999999998,0.3980984534095879,"LOCAL_RECORDED, fill-conditioned marks; not historical full L2",,,0.5678869860180359,3,456,0,0,0,0,0,0
btc-updown-15m-1788985800,False,False,214,354,0,0.01,1.130838,,,,439.65,439.65,0.3947114683430545,"LOCAL_RECORDED, fill-conditioned marks; not historical full L2",,,0.4436708860759494,3,428,0,0,0,0,0,0
btc-updown-15m-1788986700,False,False,173,324,0,0.01,1.0504240500000002,,,,209.625,209.625,0.3609949797277569,"LOCAL_RECORDED, fill-conditioned marks; not historical full L2",,,0.3370708198891371,3,346,0,0,0,0,0,0
btc-updown-15m-1788987600,False,False,205,353,0,0.01,1.05679,,,,249.0,249.0,0.39317927823809584,"LOCAL_RECORDED, fill-conditioned marks; not historical full L2",,,0.4935302390998593,3,410,0,0,0,0,0,0
btc-updown-15m-1788988500,False,False,225,358,0,0.01,1.036028,,,,201.75,201.75,0.3981855880654718,"LOCAL_RECORDED, fill-conditioned marks; not historical full L2",,,0.656467692562257,3,450,0,0,0,0,0,0
btc-updown-15m-1788989400,False,False,214,356,0,0.01,1.04533305,,,,178.82999999999998,178.82999999999998,0.39743636082459044,"LOCAL_RECORDED, fill-conditioned marks; not historical full L2",,,0.612064614875486,3,428,0,0,0,0,0,0
btc-updown-15m-1788990300,False,False,189,324,0,0.01,1.1615891,,,,180.0,180.0,0.3606409994715783,"LOCAL_RECORDED, fill-conditioned marks; not historical full L2",,,0.23751964920989496,3,378,0,0,0,0,0,0
btc-updown-15m-1788991200,False,False,201,358,0,0.01,1.049013,,,,204.0,204.0,0.39844941924083027,"LOCAL_RECORDED, fill-conditioned marks; not historical full L2",,,0.6158269214858939,3,402,0,0,0,0,0,0
btc-updown-15m-1788992100,False,False,207,356,0,0.01,1.1244469,,,,174.445,174.445,0.3955622241775253,"LOCAL_RECORDED, fill-conditioned marks; not historical full L2",,,0.4674443617109291,3,414,0,0,0,0,0,0
btc-updown-15m-1788993000,False,False,109,176,0,0.01,1.0452432,,,,164.785,164.785,0.3976218360679514,"LOCAL_RECORDED, fill-conditioned marks; not historical full L2",,,0.6145424836601308,3,218,0,0,0,0,0,0
btc-updown-15m-1789040700,False,False,201,291,0,0.01,1.036792,,,,285.24,275.0,0.3920826289642138,"LOCAL_RECORDED, fill-conditioned marks; not historical full L2",,,0.5264044014230165,3,402,0,0,0,0,0,0
btc-updown-15m-1789041600,False,False,44,352,0,0.01,0.87542155,,,,225.065,225.065,0.39248822050319215,"LOCAL_RECORDED, fill-conditioned marks; not historical full L2",,,0.6890047158103748,3,88,0,1,0,0,0,0
btc-updown-15m-1789042500,False,False,74,350,10,0.01,0.854951,,,191.88,177.47500000000002,177.47500000000002,0.38938106469515515,"LOCAL_RECORDED, fill-conditioned marks; not historical full L2",,,0.5596860263092579,4,148,0,2,2,0,0,0
btc-updown-15m-1789043400,False,False,4,352,5,0.01,0.715954,,,108.035,304.5,304.5,0.39176608105811433,"LOCAL_RECORDED, fill-conditioned marks; not historical full L2",,,0.5433274059123983,4,8,0,1,1,0,0,0
btc-updown-15m-1789044300,False,False,117,208,0,0.01,1.040894,,,,255.49,267.89,0.23057942971010204,"LOCAL_RECORDED, fill-conditioned marks; not historical full L2",,,0.32009183420203524,3,234,0,0,0,0,0,0
btc-updown-15m-1789045200,False,False,156,348,10,0.01,0.9413505500000001,,,47.5,188.49,188.49,0.3878526044172171,"LOCAL_RECORDED, fill-conditioned marks; not historical full L2",,,0.4628682185732388,4,312,0,2,2,1,0,0
btc-updown-15m-1789046100,False,False,79,348,10,0.01,1.0136371,,,134.5,180.0,180.0,0.3871344438108952,"LOCAL_RECORDED, fill-conditioned marks; not historical full L2",,,0.43104474468001724,4,158,0,2,2,0,0,0
btc-updown-15m-1789047000,False,False,1,332,0,0.01,2.086627,,,,200.58499999999998,200.58499999999998,0.3700306075791791,"LOCAL_RECORDED, fill-conditioned marks; not historical full L2",,,0.2434909406800695,3,2,0,1,0,0,0,0
btc-updown-15m-1789047900,False,False,1,352,5,0.01,2.552157,,,287.56,210.0,210.0,0.3776497065410014,"LOCAL_RECORDED, fill-conditioned marks; not historical full L2",,,0.3547390791759742,4,2,0,1,1,0,0,0
btc-updown-15m-1789048800,False,False,152,236,0,0.01,1.0108865,,,,170.65,170.65,0.39210636559589734,"LOCAL_RECORDED, fill-conditioned marks; not historical full L2",,,0.5955489368743278,3,304,0,0,0,0,0,0
btc-updown-15m-1789049700,False,False,89,346,0,0.01,0.9976459,,,,209.285,209.285,0.3858697572891082,"LOCAL_RECORDED, fill-conditioned marks; not historical full L2",,,0.5486100769421693,3,178,0,1,0,0,0,0
btc-updown-15m-1789050600,False,False,125,349,0,0.01,1.007009,,,,183.0,193.21,0.38761456300659963,"LOCAL_RECORDED, fill-conditioned marks; not historical full L2",,,0.5363117398858277,3,250,0,1,0,0,0,0
btc-updown-15m-1789051500,False,False,114,352,10,0.01,1.0406985,,,234.29500000000002,249.215,249.215,0.39111490432396784,"LOCAL_RECORDED, fill-conditioned marks; not historical full L2",,,0.49092353463703936,4,228,0,2,2,1,0,0
btc-updown-15m-1789052400,False,False,132,322,10,0.01,1.0372124,,,256.44,211.755,215.075,0.35873839003688857,"LOCAL_RECORDED, fill-conditioned marks; not historical full L2",,,0.4287098633590678,4,264,0,3,2,0,0,0
btc-updown-15m-1789053300,False,False,10,352,10,0.01,1.00837205,,,194.22500000000002,212.5,215.5,0.39168677822044484,"LOCAL_RECORDED, fill-conditioned marks; not historical full L2",,,0.537702805972489,4,20,0,2,2,0,0,0
btc-updown-15m-1789054200,False,False,68,354,10,0.01,1.0276480000000001,,,189.53500000000003,184.765,184.765,0.3950140065364501,"LOCAL_RECORDED, fill-conditioned marks; not historical full L2",,,0.5418786168697992,4,136,0,2,2,0,0,0
btc-updown-15m-1789055100,False,False,228,346,0,0.01,1.0230394999999999,,,,130.9,130.9,0.38592124098955144,"LOCAL_RECORDED, fill-conditioned marks; not historical full L2",,,0.48782369487879546,3,456,0,0,0,0,0,0
btc-updown-15m-1789056000,False,False,8,192,10,0.01,0.7638098499999999,,,165.65,184.49,184.49,0.38571455926293574,"LOCAL_RECORDED, fill-conditioned marks; not historical full L2",,,0.515262047523873,4,16,0,2,2,0,0,0
btc-updown-15m-1789129800,False,False,153,214,0,0.01,1.026023,,,,112.89,112.89,0.3952452728498362,"LOCAL_RECORDED, fill-conditioned marks; not historical full L2",,,0.627206916521883,3,306,0,0,0,0,0,0
btc-updown-15m-1789130700,False,False,213,306,0,0.01,1.028677,,,,290.615,289.615,0.39152432053316155,"LOCAL_RECORDED, fill-conditioned marks; not historical full L2",,,0.5419707123355672,3,426,0,0,0,0,0,0
btc-updown-15m-1789131600,False,False,114,189,0,0.01,1.06545145,,,,442.8,453.37,0.3930045893842583,"LOCAL_RECORDED, fill-conditioned marks; not historical full L2",,,0.4750723918259287,3,228,0,0,0,0,0,0
btc-updown-15m-1789132500,False,False,87,356,5,0.01,0.996279,,,442.305,279.19,279.19,0.3968305450651755,"LOCAL_RECORDED, fill-conditioned marks; not historical full L2",,,0.7792175314496218,4,174,0,4,1,3,0,0
btc-updown-15m-1789133400,False,False,19,128,5,0.01,1.036763,,,344.20500000000004,269.41499999999996,286.0,0.3899833231769291,"LOCAL_RECORDED, fill-conditioned marks; not historical full L2",,,0.5596196489921752,4,38,0,2,1,0,0,0
btc-updown-15m-1789134300,False,False,150,257,0,0.001,1.0759601,,,,1000.0,1000.0,0.38888921988357644,"LOCAL_RECORDED, fill-conditioned marks; not historical full L2",,,0.546430048812774,3,300,0,0,0,0,0,0
btc-updown-15m-1789135200,False,False,28,310,0,0.01,0.73363285,,,,248.64,248.64,0.3520601891761132,"LOCAL_RECORDED, fill-conditioned marks; not historical full L2",,,0.523343261355175,3,56,0,1,0,0,0,0
btc-updown-15m-1789136100,False,False,57,262,5,0.01,1.3683808,,,265.13,240.0,240.0,0.32024362309088006,"LOCAL_RECORDED, fill-conditioned marks; not historical full L2",,,0.30696921006910427,4,114,0,1,1,0,0,0
btc-updown-15m-1789137000,False,False,18,40,0,0.01,2.12404205,,,,206.5,206.5,0.2801551013349017,"LOCAL_RECORDED, fill-conditioned marks; not historical full L2",,,0.17892156862745098,3,36,0,0,0,0,0,0
btc-updown-15m-1789138800,False,False,0,0,0,,,,,,,,,"LOCAL_RECORDED, fill-conditioned marks; not historical full L2",,,,0,0,0,0,0,0,0,0
btc-updown-15m-1789139700,False,False,109,302,0,0.01,1.0076132,,,,349.5,344.5,0.3839309083141511,"LOCAL_RECORDED, fill-conditioned marks; not historical full L2",,,0.5084532969305866,3,218,0,1,0,0,0,0
btc-updown-15m-1789140600,False,False,38,347,6,0.01,0.9351110499999999,,,110.0,298.0,302.66,0.38683787225414035,"LOCAL_RECORDED, fill-conditioned marks; not historical full L2",,,0.48684994317513813,4,76,0,2,2,1,0,0
btc-updown-15m-1789141500,False,False,77,350,10,0.01,1.0348128,,,243.25,245.24,245.24,0.39020461942274043,"LOCAL_RECORDED, fill-conditioned marks; not historical full L2",,,0.5175660670664002,4,154,0,2,2,0,0,0
btc-updown-15m-1789142400,False,False,62,348,0,0.01,0.8558124,,,,266.54999999999995,266.54999999999995,0.3883887735492999,"LOCAL_RECORDED, fill-conditioned marks; not historical full L2",,,0.6195871597584182,3,124,0,1,0,0,0,0
btc-updown-15m-1789143300,False,False,107,323,0,0.01,1.0335108,,,,244.0,242.78,0.3599536608624281,"LOCAL_RECORDED, fill-conditioned marks; not historical full L2",,,0.3920306941341938,3,214,0,0,0,0,0,0
btc-updown-15m-1789144200,False,False,0,343,0,,,,,,280.0,283.93,0.3822210534155733,"LOCAL_RECORDED, fill-conditioned marks; not historical full L2",,,,1,0,0,0,0,0,0,0
btc-updown-15m-1789145100,False,False,212,355,0,0.01,1.0495869999999998,,,,213.21,214.0,0.39546161635699306,"LOCAL_RECORDED, fill-conditioned marks; not historical full L2",,,0.5552887399685613,3,424,0,0,0,0,0,0
btc-updown-15m-1789146000,False,False,225,356,0,0.01,1.0323349,,,,299.81,299.81,0.39556731324732847,"LOCAL_RECORDED, fill-conditioned marks; not historical full L2",,,0.6159406800694962,3,450,0,0,0,0,0,0
btc-updown-15m-1789146900,False,False,74,322,5,0.01,1.0372727,,,155.0,215.91500000000002,213.005,0.35947427055909364,"LOCAL_RECORDED, fill-conditioned marks; not historical full L2",,,0.34158314391712713,4,148,0,2,2,1,1,0
btc-updown-15m-1789147800,False,False,143,356,0,0.01,1.066202,,,,208.0,208.0,0.3973105189202179,"LOCAL_RECORDED, fill-conditioned marks; not historical full L2",,,0.5649147844791925,3,286,0,0,0,0,0,0
btc-updown-15m-1789148700,False,False,205,354,0,0.01,1.089852,,,,218.485,218.485,0.39516497893831115,"LOCAL_RECORDED, fill-conditioned marks; not historical full L2",,,0.4812960205179118,3,410,0,0,0,0,0,0
btc-updown-15m-1789149600,False,False,194,354,0,0.009,1.1120866,,,,191.12,191.12,0.394265850632856,"LOCAL_RECORDED, fill-conditioned marks; not historical full L2",,,0.608891784561926,3,388,0,0,0,0,0,0
btc-updown-15m-1789150500,False,False,203,326,0,0.01,1.0443318,,,,282.185,272.0,0.36264437879755473,"LOCAL_RECORDED, fill-conditioned marks; not historical full L2",,,0.3646231488375941,3,406,0,0,0,0,0,0
btc-updown-15m-1789151400,False,False,215,354,0,0.01,1.0289761,,,,240.0,240.0,0.39366705555024,"LOCAL_RECORDED, fill-conditioned marks; not historical full L2",,,0.5852444775378506,3,430,0,0,0,0,0,0
btc-updown-15m-1789152300,False,False,232,350,0,0.01,1.0238920500000002,,,,292.13,292.13,0.3900949378074044,"LOCAL_RECORDED, fill-conditioned marks; not historical full L2",,,0.5342847687598247,3,464,0,0,0,0,0,0
btc-updown-15m-1789153200,False,False,213,352,0,0.01,1.060857,,,,284.675,284.675,0.39288484603591717,"LOCAL_RECORDED, fill-conditioned marks; not historical full L2",,,0.4760776040373956,3,426,0,0,0,0,0,0
btc-updown-15m-1789154100,False,False,203,324,0,0.01,1.025116,,,,265.98,265.98,0.360623879221735,"LOCAL_RECORDED, fill-conditioned marks; not historical full L2",,,0.41982501861504096,3,406,0,0,0,0,0,0
btc-updown-15m-1789155000,False,False,244,356,0,0.01,1.0216001000000001,,,,220.92000000000002,220.92000000000002,0.39572558227352,"LOCAL_RECORDED, fill-conditioned marks; not historical full L2",,,0.65536113179449,3,488,0,0,0,0,0,0
btc-updown-15m-1789155900,False,False,234,350,0,0.01,1.02684945,,,,231.615,234.69,0.3891128325532197,"LOCAL_RECORDED, fill-conditioned marks; not historical full L2",,,0.5070013237362456,3,468,0,0,0,0,0,0
btc-updown-15m-1789156800,False,False,210,354,0,0.01,1.0562350500000002,,,,287.97,287.97,0.3937796671844308,"LOCAL_RECORDED, fill-conditioned marks; not historical full L2",,,0.5066559113096716,3,420,0,0,0,0,0,0
btc-updown-15m-1789157700,False,False,214,325,0,0.01,1.0442541,,,,221.22,216.25,0.36171880496779163,"LOCAL_RECORDED, fill-conditioned marks; not historical full L2",,,0.363491768015223,3,428,0,0,0,0,0,0
btc-updown-15m-1789158600,False,False,224,352,0,0.01,1.0362049,,,,177.25,177.25,0.39184895409307086,"LOCAL_RECORDED, fill-conditioned marks; not historical full L2",,,0.5289898237776124,3,448,0,0,0,0,0,0
btc-updown-15m-1789159500,False,False,219,354,0,0.01,1.0214878,,,,216.845,216.845,0.39540664988675844,"LOCAL_RECORDED, fill-conditioned marks; not historical full L2",,,0.6447939935467858,3,438,0,0,0,0,0,0
btc-updown-15m-1789160400,False,False,124,352,0,0.01,1.0243030499999999,,,,182.58999999999997,184.08499999999998,0.39209889668062253,"LOCAL_RECORDED, fill-conditioned marks; not historical full L2",,,0.5685716058575329,3,248,0,0,0,0,0,0
btc-updown-15m-1789161300,False,False,215,326,0,0.01,1.052452,,,,239.785,239.785,0.3622163107504864,"LOCAL_RECORDED, fill-conditioned marks; not historical full L2",,,0.33936046992636715,3,430,0,0,0,0,0,0
btc-updown-15m-1789162200,False,False,162,358,0,0.01,1.008673,,,,235.075,235.075,0.39855994508813003,"LOCAL_RECORDED, fill-conditioned marks; not historical full L2",,,0.7321750641184744,3,324,0,0,0,0,0,0
btc-updown-15m-1789163100,False,False,217,356,0,0.01,1.075149,,,,290.0,290.0,0.39688139765126934,"LOCAL_RECORDED, fill-conditioned marks; not historical full L2",,,0.5398403243153802,3,434,0,0,0,0,0,0
btc-updown-15m-1789164000,False,False,224,354,0,0.01,1.02567005,,,,237.5,228.18,0.3933850285911403,"LOCAL_RECORDED, fill-conditioned marks; not historical full L2",,,0.5913667576735335,3,448,0,0,0,0,0,0
btc-updown-15m-1789164900,False,False,169,320,0,0.01,1.0294552,,,,218.32,218.32,0.35730131019332667,"LOCAL_RECORDED, fill-conditioned marks; not historical full L2",,,0.3939873417721519,3,338,0,0,0,0,0,0
btc-updown-15m-1789165800,False,False,226,352,0,0.01,1.0509593000000002,,,,187.67000000000002,187.67000000000002,0.3925292350853697,"LOCAL_RECORDED, fill-conditioned marks; not historical full L2",,,0.4881339455613469,3,452,0,0,0,0,0,0
btc-updown-15m-1789166700,False,False,175,348,0,0.01,1.045228,,,,61.0,61.0,0.3875003626115605,"LOCAL_RECORDED, fill-conditioned marks; not historical full L2",,,0.4266608753205924,3,350,0,0,0,0,0,0
btc-updown-15m-1789167600,False,False,130,338,0,0.02,1.14890195,,,,94.7,94.7,0.3758351593949978,"LOCAL_RECORDED, fill-conditioned marks; not historical full L2",,,0.10864978902953586,3,260,0,0,0,0,0,0
btc-updown-15m-1789168500,False,False,203,326,0,0.01,1.0672788,,,,154.99,163.47,0.3617137543591655,"LOCAL_RECORDED, fill-conditioned marks; not historical full L2",,,0.3099321585174154,3,406,0,0,0,0,0,0
btc-updown-15m-1789169400,False,False,191,354,0,0.01,1.027089,,,,169.5,169.5,0.3958083301323316,"LOCAL_RECORDED, fill-conditioned marks; not historical full L2",,,0.6425953503764376,3,382,0,0,0,0,0,0
btc-updown-15m-1789170300,False,False,181,306,0,0.01,1.0500429,,,,170.5,170.5,0.395892996706496,"LOCAL_RECORDED, fill-conditioned marks; not historical full L2",,,0.5683068586084222,3,362,0,0,0,0,0,0
btc-updown-15m-1789385400,False,False,0,23,0,,,,,,0.0,18924.97,0.381534156125615,"LOCAL_RECORDED, fill-conditioned marks; not historical full L2",,,,1,0,0,0,0,0,0,0
btc-updown-15m-1789386300,False,False,185,352,0,0.01,1.107929,,,,216.375,216.35500000000002,0.39173937680599946,"LOCAL_RECORDED, fill-conditioned marks; not historical full L2",,,0.39998345329693064,3,370,0,0,0,0,0,0
btc-updown-15m-1789387200,False,False,74,353,10,0.01,1.040608,,,257.98,232.78,231.0,0.393617200978646,"LOCAL_RECORDED, fill-conditioned marks; not historical full L2",,,0.5646343614061214,4,148,0,2,2,0,0,0
btc-updown-15m-1789388100,False,False,214,356,0,0.01,1.14141,,,,195.825,195.825,0.3969332396731897,"LOCAL_RECORDED, fill-conditioned marks; not historical full L2",,,0.49421692727724004,3,428,0,0,0,0,0,0
btc-updown-15m-1789389000,False,False,68,366,10,0.01,1.03376465,,,84.38499999999999,197.29000000000002,197.29000000000002,0.39375690168871536,"LOCAL_RECORDED, fill-conditioned marks; not historical full L2",,,0.44692304803333727,4,136,0,2,2,0,0,0
btc-updown-15m-1789392600,False,False,93,142,0,0.01,1.046488,,,,324.0,330.85,0.3881539820280687,"LOCAL_RECORDED, fill-conditioned marks; not historical full L2",,,0.43145528253495496,3,186,0,0,0,0,0,0
btc-updown-15m-1789393500,False,False,56,340,0,0.01,1.0505854000000001,,,,222.87,222.87,0.3789557679306401,"LOCAL_RECORDED, fill-conditioned marks; not historical full L2",,,0.3721746504508977,3,112,0,1,0,0,0,0
btc-updown-15m-1789394400,False,False,30,344,0,0.01,1.0946365,,,,291.85,291.85,0.38682686573888414,"LOCAL_RECORDED, fill-conditioned marks; not historical full L2",,,0.3374245056672458,3,60,0,1,0,0,0,0
btc-updown-15m-1789395300,False,False,34,346,10,0.01,1.041179,,,29.18,247.94,246.935,0.3823879602528309,"LOCAL_RECORDED, fill-conditioned marks; not historical full L2",,,0.3086559940431869,4,68,0,9,2,8,1,0
btc-updown-15m-1789396200,False,False,107,310,7,0.01,1.0420558,,,136.0,207.315,207.315,0.37443832252193776,"LOCAL_RECORDED, fill-conditioned marks; not historical full L2",,,0.342768138234641,4,214,0,2,2,1,0,0
btc-updown-15m-1789397100,False,False,199,342,0,0.01,1.044666,,,,221.115,224.75,0.3880771160942947,"LOCAL_RECORDED, fill-conditioned marks; not historical full L2",,,0.43485769835360305,3,398,0,0,0,0,0,0
btc-updown-15m-1789398000,False,False,52,100,0,0.01,1.034141,,,,225.55,225.55,0.392713794530199,"LOCAL_RECORDED, fill-conditioned marks; not historical full L2",,,0.5487858856622818,3,104,0,0,0,0,0,0
btc-updown-15m-1789735500,False,False,83,276,10,0.01,1.0470919,,,237.375,231.5,231.5,0.3936725731672365,"LOCAL_RECORDED, fill-conditioned marks; not historical full L2",,,0.5186620684249716,4,166,0,2,2,0,0,0
btc-updown-15m-1789736400,False,False,216,352,0,0.01,1.0055144999999999,,,,277.51,270.75,0.39296902419315705,"LOCAL_RECORDED, fill-conditioned marks; not historical full L2",,,0.6304273186067676,3,432,0,0,0,0,0,0
btc-updown-15m-1789737300,False,False,39,353,10,0.01,1.0057501,,,242.535,245.24,246.0,0.39410460047760887,"LOCAL_RECORDED, fill-conditioned marks; not historical full L2",,,0.6246966074904312,4,78,0,2,2,0,0,0
btc-updown-15m-1789738200,False,False,24,354,10,0.01,1.06829645,,,152.655,284.98,291.645,0.3948692890479797,"LOCAL_RECORDED, fill-conditioned marks; not historical full L2",,,0.43334076302073127,4,48,0,2,2,0,0,0
btc-updown-15m-1789739100,False,False,163,318,0,0.008,1.031857,,,,485.0,485.0,0.35426598623949773,"LOCAL_RECORDED, fill-conditioned marks; not historical full L2",,,0.5498179862662365,3,326,0,0,0,0,0,0
btc-updown-15m-1789740000,False,False,49,336,10,0.01,1.003487,,,125.87,241.845,241.845,0.3735232526843706,"LOCAL_RECORDED, fill-conditioned marks; not historical full L2",,,0.41502903293229354,4,98,0,2,2,0,0,0
btc-updown-15m-1789740900,False,False,1,20,0,0.01,31.8620168,,,,233.65,233.65,0.23443478569014511,"LOCAL_RECORDED, fill-conditioned marks; not historical full L2",,,0.16816621163233228,3,2,0,0,0,0,0,0
btc-updown-15m-1789741800,False,False,0,0,0,,,,,,,,,"LOCAL_RECORDED, fill-conditioned marks; not historical full L2",,,,0,0,0,0,0,0,0,0
btc-updown-15m-1789742700,False,False,175,246,0,0.01,1.0491568,,,,234.0,234.0,0.37761230535977575,"LOCAL_RECORDED, fill-conditioned marks; not historical full L2",,,0.37315297426987676,3,350,0,0,0,0,0,0
btc-updown-15m-1789743600,False,False,0,86,0,,,,,,303.025,321.155,0.09537188066825242,"LOCAL_RECORDED, fill-conditioned marks; not historical full L2",,,,1,0,0,0,0,0,0,0
btc-updown-15m-1789744500,False,False,204,358,0,0.01,1.0166195,,,,330.0,330.0,0.39850984465883094,"LOCAL_RECORDED, fill-conditioned marks; not historical full L2",,,0.7195706130553488,3,408,0,0,0,0,0,0
btc-updown-15m-1789745400,False,False,76,334,10,0.01,1.0737884,,,328.21500000000003,326.89,322.5,0.3717229449363408,"LOCAL_RECORDED, fill-conditioned marks; not historical full L2",,,0.42061011613172916,4,152,0,2,2,0,0,0
btc-updown-15m-1789746300,False,False,14,238,5,0.01,1.0213335,,,362.63,316.22,316.22,0.3456161038414871,"LOCAL_RECORDED, fill-conditioned marks; not historical full L2",,,0.5138981691943934,4,28,0,2,2,0,0,0
btc-updown-15m-1789747200,False,False,0,50,0,,,,,,2.7,2.7,0.39609785731753283,"LOCAL_RECORDED, fill-conditioned marks; not historical full L2",,,,1,0,0,0,0,0,0,0
btc-updown-15m-1789748100,False,False,28,233,5,0.01,0.9208361,,,590.335,286.21,286.0,0.32486150856333607,"LOCAL_RECORDED, fill-conditioned marks; not historical full L2",,,0.6181588091599065,4,56,0,2,2,0,0,0
btc-updown-15m-1789750800,False,False,0,40,0,,,,,,121.24,121.24,0.3960088924101413,"LOCAL_RECORDED, fill-conditioned marks; not historical full L2",,,,1,0,0,0,0,0,0,0
btc-updown-15m-1789751700,False,False,31,354,10,0.01,0.989082,,,336.35,297.125,297.125,0.3938112897198025,"LOCAL_RECORDED, fill-conditioned marks; not historical full L2",,,0.7039911300962757,4,62,0,2,2,0,0,0
btc-updown-15m-1789752600,False,False,116,354,5,0.01,1.009082,,,400.445,290.91499999999996,290.91499999999996,0.39567219492123307,"LOCAL_RECORDED, fill-conditioned marks; not historical full L2",,,0.7223365795352119,4,232,0,2,2,1,0,0
btc-updown-15m-1789753500,False,False,32,356,10,0.01,0.9875164,,,241.63,293.34000000000003,293.34000000000003,0.3965279233148506,"LOCAL_RECORDED, fill-conditioned marks; not historical full L2",,,0.6973598483364032,4,64,0,2,2,0,0,0
btc-updown-15m-1789754400,False,False,26,370,10,0.01,1.0202707,,,253.535,301.0,301.0,0.397567097520258,"LOCAL_RECORDED, fill-conditioned marks; not historical full L2",,,0.6664233648156132,4,52,0,2,2,0,0,0
btc-updown-15m-1789991100,False,False,246,358,0,0.01,1.00585255,,,,281.1,281.1,0.3889747845210986,"LOCAL_RECORDED, fill-conditioned marks; not historical full L2",,,0.5552101431289815,3,492,0,0,0,0,0,0
btc-updown-15m-1789992000,False,False,215,332,0,0.01,1.0597151,,,,258.585,247.625,0.3702401454315819,"LOCAL_RECORDED, fill-conditioned marks; not historical full L2",,,0.3413543476462315,3,430,0,0,0,0,0,0
btc-updown-15m-1789992900,False,False,83,136,0,0.01,1.1175269,,,,299.33000000000004,299.33000000000004,0.3364630545122986,"LOCAL_RECORDED, fill-conditioned marks; not historical full L2",,,0.22732894845701995,3,166,0,0,0,0,0,0
btc-updown-15m-1789993800,False,False,220,295,0,0.01,1.00626745,,,,250.0,277.61,0.38982573242391166,"LOCAL_RECORDED, fill-conditioned marks; not historical full L2",,,0.5657772813766857,3,440,0,0,0,0,0,0
btc-updown-15m-1789994700,False,False,235,346,0,0.01,1.025877,,,,256.75,256.75,0.38739152774751273,"LOCAL_RECORDED, fill-conditioned marks; not historical full L2",,,0.49166666666666664,3,470,0,0,0,0,0,0
btc-updown-15m-1789995600,False,False,75,140,0,0.01,1.036666,,,,311.445,311.5,0.31624621224631105,"LOCAL_RECORDED, fill-conditioned marks; not historical full L2",,,0.3491705965086457,3,150,0,0,0,0,0,0
btc-updown-15m-1789996500,False,False,198,310,0,0.01,1.00807985,,,,387.745,363.57,0.39394009875876845,"LOCAL_RECORDED, fill-conditioned marks; not historical full L2",,,0.6415694547861339,3,396,0,0,0,0,0,0
btc-updown-15m-1789997400,False,False,102,180,0,0.01,1.06037595,,,,405.78999999999996,405.78999999999996,0.32501673727252794,"LOCAL_RECORDED, fill-conditioned marks; not historical full L2",,,0.2898299826259618,3,204,0,1,0,0,0,0
btc-updown-15m-1790000100,False,False,93,155,0,0.009,1.0573882,,,,320.14,412.0,0.39170752523774127,"LOCAL_RECORDED, fill-conditioned marks; not historical full L2",,,0.6249048564573508,3,186,0,0,0,0,0,0
btc-updown-15m-1790001000,False,False,212,316,0,0.01,1.02808205,,,,256.20500000000004,256.20500000000004,0.35278656029964467,"LOCAL_RECORDED, fill-conditioned marks; not historical full L2",,,0.39333167866302643,3,424,0,0,0,0,0,0
btc-updown-15m-1790001900,False,False,13,60,0,0.01,1.0827279,,,,302.41499999999996,302.41499999999996,0.3959968184944421,"LOCAL_RECORDED, fill-conditioned marks; not historical full L2",,,0.5133738727558534,3,26,0,0,0,0,0,0
btc-updown-15m-1790005500,False,False,66,100,0,0.01,1.02944355,,,,196.625,196.625,0.3994593982809931,"LOCAL_RECORDED, fill-conditioned marks; not historical full L2",,,0.6864978902953587,3,132,0,0,0,0,0,0
btc-updown-15m-1790006400,False,False,233,354,0,0.01,1.019797,,,,333.4,330.99,0.39331051591585486,"LOCAL_RECORDED, fill-conditioned marks; not historical full L2",,,0.6065835194837429,3,466,0,0,0,0,0,0
btc-updown-15m-1790007300,False,False,241,350,0,0.01,1.034895,,,,272.755,272.755,0.3899194367117902,"LOCAL_RECORDED, fill-conditioned marks; not historical full L2",,,0.49312277653677505,3,482,0,0,0,0,0,0
btc-updown-15m-1790008200,False,False,252,348,0,0.01,1.0062134999999999,,,,245.26999999999998,240.575,0.3887737839014591,"LOCAL_RECORDED, fill-conditioned marks; not historical full L2",,,0.5510982874162323,3,504,0,0,0,0,0,0
btc-updown-15m-1790009100,False,False,217,319,0,0.01,1.05156,,,,259.9,263.53,0.35481060502789724,"LOCAL_RECORDED, fill-conditioned marks; not historical full L2",,,0.3189625217175478,3,434,0,0,0,0,0,0
btc-updown-15m-1790010000,False,False,192,350,0,0.01,1.0245771,,,,250.58499999999998,253.83499999999998,0.38921312833145527,"LOCAL_RECORDED, fill-conditioned marks; not historical full L2",,,0.5162571357656986,3,384,0,0,0,0,0,0
btc-updown-15m-1790010900,False,False,247,350,0,0.01,1.0210552,,,,323.89,323.89,0.389357842953623,"LOCAL_RECORDED, fill-conditioned marks; not historical full L2",,,0.5296785802928766,3,494,0,0,0,0,0,0
btc-updown-15m-1790011800,False,False,223,341,0,0.01,1.0640098,,,,208.13,208.0,0.3779142753751863,"LOCAL_RECORDED, fill-conditioned marks; not historical full L2",,,0.3452242078265906,3,446,0,0,0,0,0,0
btc-updown-15m-1790012700,False,False,208,302,0,0.01,1.0723105,,,,286.0,286.5,0.33697695053476606,"LOCAL_RECORDED, fill-conditioned marks; not historical full L2",,,0.27455944403077687,3,416,0,0,0,0,0,0
btc-updown-15m-1790013600,False,False,232,348,0,0.01,1.0406035999999999,,,,312.485,312.485,0.38669695908743834,"LOCAL_RECORDED, fill-conditioned marks; not historical full L2",,,0.43871721684454373,3,464,0,0,0,0,0,0
btc-updown-15m-1790014500,False,False,246,348,0,0.01,1.02768255,,,,266.66499999999996,260.5,0.3859612990866039,"LOCAL_RECORDED, fill-conditioned marks; not historical full L2",,,0.4726069330685861,3,492,0,0,0,0,0,0
btc-updown-15m-1790015400,False,False,213,346,0,0.01,1.043221,,,,261.08500000000004,261.08500000000004,0.38460265971267005,"LOCAL_RECORDED, fill-conditioned marks; not historical full L2",,,0.41301398196409367,3,426,0,0,0,0,0,0
btc-updown-15m-1790016300,False,False,173,324,0,0.01,1.0237691,,,,316.52,311.0,0.35879405762615796,"LOCAL_RECORDED, fill-conditioned marks; not historical full L2",,,0.4183254736493754,3,346,0,0,0,0,0,0
btc-updown-15m-1790017200,False,False,230,350,0,0.01,1.00539365,,,,246.09,246.09,0.3927553951348457,"LOCAL_RECORDED, fill-conditioned marks; not historical full L2",,,0.6271862331430462,3,460,0,0,0,0,0,0
btc-updown-15m-1790018100,False,False,233,352,0,0.01,1.038791,,,,276.0,276.0,0.3906903285396116,"LOCAL_RECORDED, fill-conditioned marks; not historical full L2",,,0.4984652932903119,3,466,0,0,0,0,0,0
btc-updown-15m-1790019000,False,False,242,350,0,0.01,1.0292774,,,,301.15999999999997,301.15999999999997,0.39006020553566473,"LOCAL_RECORDED, fill-conditioned marks; not historical full L2",,,0.5157731447009184,3,484,0,0,0,0,0,0
btc-updown-15m-1790019900,False,False,179,312,0,0.01,1.0428711,,,,256.53999999999996,256.53999999999996,0.3469356598280907,"LOCAL_RECORDED, fill-conditioned marks; not historical full L2",,,0.34277943244808473,3,358,0,0,0,0,0,0
btc-updown-15m-1790020800,False,False,234,349,0,0.01,1.0483380000000002,,,,334.33,333.6,0.38856717115131545,"LOCAL_RECORDED, fill-conditioned marks; not historical full L2",,,0.42881608339538346,3,468,0,0,0,0,0,0
btc-updown-15m-1790021700,False,False,219,354,0,0.01,1.036288,,,,254.5,253.91,0.39356881924917936,"LOCAL_RECORDED, fill-conditioned marks; not historical full L2",,,0.5600086870191114,3,438,0,0,0,0,0,0
btc-updown-15m-1790022600,False,False,230,354,0,0.01,1.0402705,,,,263.055,264.475,0.3949106864174217,"LOCAL_RECORDED, fill-conditioned marks; not historical full L2",,,0.5776329941259204,3,460,0,0,0,0,0,0
btc-updown-15m-1790023500,False,False,165,324,0,0.01,1.019512,,,,223.825,220.325,0.3616630814117111,"LOCAL_RECORDED, fill-conditioned marks; not historical full L2",,,0.44160461653015637,3,330,0,0,0,0,0,0
btc-updown-15m-1790024400,False,False,217,352,0,0.01,1.0407028,,,,374.345,374.345,0.3923972809927114,"LOCAL_RECORDED, fill-conditioned marks; not historical full L2",,,0.522786878464466,3,434,0,0,0,0,0,0
btc-updown-15m-1790025300,False,False,247,352,0,0.01,1.0113808,,,,290.0,291.25,0.3915487493252477,"LOCAL_RECORDED, fill-conditioned marks; not historical full L2",,,0.584084139985108,3,494,0,0,0,0,0,0
btc-updown-15m-1790026200,False,False,228,352,0,0.01,1.016885,,,,298.855,282.875,0.393139343462135,"LOCAL_RECORDED, fill-conditioned marks; not historical full L2",,,0.6100128236948789,3,456,0,0,0,0,0,0
btc-updown-15m-1790027100,False,False,182,324,0,0.01,1.0595046,,,,316.02,316.02,0.36235560942301387,"LOCAL_RECORDED, fill-conditioned marks; not historical full L2",,,0.3275192355423182,3,364,0,0,0,0,0,0
btc-updown-15m-1790028000,False,False,216,350,0,0.01,1.0092335000000001,,,,269.15,259.695,0.3899202896900838,"LOCAL_RECORDED, fill-conditioned marks; not historical full L2",,,0.5580747910978737,3,432,0,0,0,0,0,0
btc-updown-15m-1790028900,False,False,232,342,0,0.01,1.05981645,,,,256.565,256.565,0.3806630493927833,"LOCAL_RECORDED, fill-conditioned marks; not historical full L2",,,0.35685033507073716,3,464,0,0,0,0,0,0
btc-updown-15m-1790029800,False,False,145,214,0,0.01,1.020173,,,,222.60000000000002,228.5,0.3860630576439578,"LOCAL_RECORDED, fill-conditioned marks; not historical full L2",,,0.4978965003723008,3,290,0,0,0,0,0,0
btc-updown-15m-1790077500,False,False,232,363,0,0.01,1.0237891000000001,,,,266.81,239.0,0.39154586498768484,"LOCAL_RECORDED, fill-conditioned marks; not historical full L2",,,0.5588214610738811,3,464,4,4,0,3,0,0
btc-updown-15m-1790078400,False,False,219,353,0,0.01,1.028491,,,,209.45,210.0,0.39471788570207783,"LOCAL_RECORDED, fill-conditioned marks; not historical full L2",,,0.6073570778522379,3,438,0,0,0,0,0,0
btc-updown-15m-1790079300,False,False,231,339,0,0.01,1.029834,,,,197.51,206.0,0.37628546532119145,"LOCAL_RECORDED, fill-conditioned marks; not historical full L2",,,0.4339393563332506,3,462,0,0,0,0,0,0
btc-updown-15m-1790080200,False,False,230,314,0,0.01,1.0335109,,,,240.5,240.5,0.38435674907918005,"LOCAL_RECORDED, fill-conditioned marks; not historical full L2",,,0.4451083809051047,3,460,0,0,0,0,0,0
btc-updown-15m-1790081100,False,False,170,342,0,0.01,1.0423833999999998,,,,219.5,210.565,0.37968201889235154,"LOCAL_RECORDED, fill-conditioned marks; not historical full L2",,,0.40083974518077276,3,340,0,0,0,0,0,0
btc-updown-15m-1790082000,False,False,39,78,0,0.01,1.388302,,,,258.5,258.5,0.2687433102111708,"LOCAL_RECORDED, fill-conditioned marks; not historical full L2",,,0.1790022338049144,3,78,0,0,0,0,0,0
btc-updown-15m-1790082900,False,False,0,70,0,,,,,,125.41,125.41,0.3984288023696189,"LOCAL_RECORDED, fill-conditioned marks; not historical full L2",,,,1,0,0,0,0,0,0,0
btc-updown-15m-1790083800,False,False,116,178,0,0.01,1.0173364,,,,159.5,159.5,0.3696218655966605,"LOCAL_RECORDED, fill-conditioned marks; not historical full L2",,,0.4612662364523869,3,232,0,0,0,0,0,0
btc-updown-15m-1790089200,False,False,0,38,0,,,,,,170.025,73.025,0.3787249130570429,"LOCAL_RECORDED, fill-conditioned marks; not historical full L2",,,,1,0,0,0,0,0,0,0
btc-updown-15m-1790090100,False,False,250,345,0,0.01,1.0408674,,,,238.32,237.0,0.384764768762509,"LOCAL_RECORDED, fill-conditioned marks; not historical full L2",,,0.4238768925291636,3,500,0,0,0,0,0,0
btc-updown-15m-1790091000,False,False,205,332,0,0.01,1.080985,,,,271.065,271.065,0.3691036464694854,"LOCAL_RECORDED, fill-conditioned marks; not historical full L2",,,0.3026433358153388,3,410,0,0,0,0,0,0
btc-updown-15m-1790091900,False,False,166,274,0,0.01,1.28868495,,,,268.935,268.935,0.304124037244812,"LOCAL_RECORDED, fill-conditioned marks; not historical full L2",,,0.18894059733598081,3,332,0,0,0,0,0,0
btc-updown-15m-1790092800,False,False,46,104,0,0.01,2.1990755,,,,287.855,287.855,0.30745375847712697,"LOCAL_RECORDED, fill-conditioned marks; not historical full L2",,,0.18297964755522467,3,92,0,0,0,0,0,0
btc-updown-15m-1790163900,False,False,188,271,0,0.01,1.03370055,,,,260.8,266.0,0.38638985470411996,"LOCAL_RECORDED, fill-conditioned marks; not historical full L2",,,0.45815338793745347,3,376,0,0,0,0,0,0
btc-updown-15m-1790164800,False,False,30,352,10,0.01,1.0067504999999999,,,293.045,259.625,256.17,0.39140116965411154,"LOCAL_RECORDED, fill-conditioned marks; not historical full L2",,,0.6199719794646706,4,60,1,2,2,0,0,0
btc-updown-15m-1790165700,False,False,18,258,5,0.01,0.7016600500000001,,,291.86,293.875,293.875,0.32412477976178394,"LOCAL_RECORDED, fill-conditioned marks; not historical full L2",,,0.5580857043017073,4,36,1,2,1,0,0,0
btc-updown-15m-1790167500,False,False,0,50,0,,,,,,158.4,171.35000000000002,0.39736799013671015,"LOCAL_RECORDED, fill-conditioned marks; not historical full L2",,,,1,0,0,0,0,0,0,0
btc-updown-15m-1790168400,False,False,48,348,10,0.01,0.99961505,,,345.24,179.85000000000002,179.85000000000002,0.38720002244555013,"LOCAL_RECORDED, fill-conditioned marks; not historical full L2",,,0.6142600194641481,4,96,1,2,2,0,0,0
btc-updown-15m-1790169300,False,False,231,352,0,0.01,1.026612,,,,298.95500000000004,298.305,0.3918090844130972,"LOCAL_RECORDED, fill-conditioned marks; not historical full L2",,,0.557708695292463,3,462,0,0,0,0,0,0
btc-updown-15m-1790170200,False,False,17,62,0,0.01,3.239381,,,,226.525,226.525,0.23917627096300126,"LOCAL_RECORDED, fill-conditioned marks; not historical full L2",,,0.17067096880946475,3,34,0,0,0,0,0,0
btc-updown-15m-1790171100,False,False,77,106,0,0.01,0.996354,,,,263.5,248.965,0.3917873418009821,"LOCAL_RECORDED, fill-conditioned marks; not historical full L2",,,0.6328410689170183,3,154,0,0,0,0,0,0
btc-updown-15m-1790172000,False,False,78,126,0,0.01,0.993484,,,,279.83500000000004,279.83500000000004,0.383501613329927,"LOCAL_RECORDED, fill-conditioned marks; not historical full L2",,,0.5456378754033259,3,156,0,0,0,0,0,0
btc-updown-15m-1790174700,False,False,139,320,10,0.01,0.989309,,,404.395,249.925,249.925,0.344588573746435,"LOCAL_RECORDED, fill-conditioned marks; not historical full L2",,,0.5808736985800316,4,278,1,2,2,0,0,0
btc-updown-15m-1790175600,False,False,42,78,0,0.01,1.0412115000000002,,,,335.5,335.5,0.12638459971153618,"LOCAL_RECORDED, fill-conditioned marks; not historical full L2",,,0.31347522131215355,3,84,0,0,0,0,0,0
btc-updown-15m-1790181900,False,False,171,234,0,0.01,1.0029839,,,,232.55,236.075,0.3923808404517716,"LOCAL_RECORDED, fill-conditioned marks; not historical full L2",,,0.6274551170679242,3,342,0,0,0,0,0,0
btc-updown-15m-1790182800,False,False,238,350,0,0.01,1.0046754,,,,259.0,259.0,0.390427295490435,"LOCAL_RECORDED, fill-conditioned marks; not historical full L2",,,0.5847294614048151,3,476,2,2,0,0,0,0
btc-updown-15m-1790183700,False,False,225,355,0,0.01,1.016712,,,,236.11,236.11,0.3964043957874696,"LOCAL_RECORDED, fill-conditioned marks; not historical full L2",,,0.6844130057086125,3,450,0,0,0,0,0,0
btc-updown-15m-1790184600,False,False,235,350,0,0.01,1.0031932,,,,245.815,239.5,0.3900836842280445,"LOCAL_RECORDED, fill-conditioned marks; not historical full L2",,,0.5849445685447174,3,470,0,0,0,0,0,0
btc-updown-15m-1790185500,False,False,222,322,0,0.01,1.0093609,,,,292.495,292.495,0.3573629232030618,"LOCAL_RECORDED, fill-conditioned marks; not historical full L2",,,0.44121783734590886,3,444,0,0,0,0,0,0
btc-updown-15m-1790186400,False,False,228,350,0,0.01,1.0035880499999998,,,,392.61,392.48,0.390187837990432,"LOCAL_RECORDED, fill-conditioned marks; not historical full L2",,,0.5856808968313064,3,456,0,0,0,0,0,0
btc-updown-15m-1790187300,False,False,248,346,0,0.01,1.009758,,,,219.635,219.635,0.3861837703313134,"LOCAL_RECORDED, fill-conditioned marks; not historical full L2",,,0.5139033672540746,3,496,0,0,0,0,0,0
btc-updown-15m-1790188200,False,False,201,350,0,0.01,1.021286,,,,228.70999999999998,228.70999999999998,0.3889419402104341,"LOCAL_RECORDED, fill-conditioned marks; not historical full L2",,,0.5206647637958137,3,402,0,0,0,0,0,0
btc-updown-15m-1790189100,False,False,184,320,0,0.01,1.0310385,,,,284.335,287.385,0.3575785312737354,"LOCAL_RECORDED, fill-conditioned marks; not historical full L2",,,0.3914019194175561,3,368,0,0,0,0,0,0
btc-updown-15m-1790190000,False,False,249,346,0,0.01,1.002016,,,,250.435,250.435,0.39265404421931455,"LOCAL_RECORDED, fill-conditioned marks; not historical full L2",,,0.6374203689914785,3,498,0,0,0,0,0,0
btc-updown-15m-1790190900,False,False,243,358,0,0.01,0.9893409,,,,281.87,281.87,0.3908116810826532,"LOCAL_RECORDED, fill-conditioned marks; not historical full L2",,,0.6266815586994291,3,486,0,0,0,0,0,0
btc-updown-15m-1790191800,False,False,223,350,0,0.01,0.9864781,,,,320.20000000000005,319.295,0.39057914113708314,"LOCAL_RECORDED, fill-conditioned marks; not historical full L2",,,0.632696285265161,3,446,0,0,0,0,0,0
btc-updown-15m-1790192700,False,False,222,318,0,0.01,1.0083514500000001,,,,296.345,291.73,0.3544841996859147,"LOCAL_RECORDED, fill-conditioned marks; not historical full L2",,,0.4421961611648879,3,444,0,0,0,0,0,0
btc-updown-15m-1790193600,False,False,230,350,0,0.01,1.0322300000000002,,,,369.07,369.07,0.3890335582197738,"LOCAL_RECORDED, fill-conditioned marks; not historical full L2",,,0.4893335815338794,3,460,0,0,0,0,0,0
btc-updown-15m-1790194500,False,False,230,352,0,0.01,1.010642,,,,219.745,219.745,0.3938079646195564,"LOCAL_RECORDED, fill-conditioned marks; not historical full L2",,,0.6315235376851163,3,460,0,0,0,0,0,0
btc-updown-15m-1790195400,False,False,225,352,0,0.01,1.0295789,,,,234.89,234.89,0.3915461989727414,"LOCAL_RECORDED, fill-conditioned marks; not historical full L2",,,0.5393852899809713,3,450,0,0,0,0,0,0
btc-updown-15m-1790196300,False,False,188,324,0,0.01,1.0195551,,,,241.5,241.5,0.3611938466184314,"LOCAL_RECORDED, fill-conditioned marks; not historical full L2",,,0.43912674774551175,3,376,0,0,0,0,0,0
btc-updown-15m-1790197200,False,False,220,350,0,0.01,1.0025366500000001,,,,338.5,338.5,0.3906958661009993,"LOCAL_RECORDED, fill-conditioned marks; not historical full L2",,,0.6013919913957144,3,440,0,0,0,0,0,0
btc-updown-15m-1790198100,False,False,206,354,0,0.01,0.98824205,,,,346.515,346.515,0.39435673633479645,"LOCAL_RECORDED, fill-conditioned marks; not historical full L2",,,0.6995553073550095,3,412,0,0,0,0,0,0
btc-updown-15m-1790199000,False,False,235,356,0,0.01,0.9803567,,,,367.005,367.005,0.3962203816782231,"LOCAL_RECORDED, fill-conditioned marks; not historical full L2",,,0.7588359394390668,3,470,0,0,0,0,0,0
btc-updown-15m-1790199900,False,False,186,321,0,0.01,1.0458894,,,,336.0,334.0,0.35779731595369246,"LOCAL_RECORDED, fill-conditioned marks; not historical full L2",,,0.34242988334574337,3,372,0,0,0,0,0,0
btc-updown-15m-1790200800,False,False,217,351,0,0.01,1.0032211,,,,315.0,315.0,0.39125988728826633,"LOCAL_RECORDED, fill-conditioned marks; not historical full L2",,,0.60289153636138,3,434,0,0,0,0,0,0
btc-updown-15m-1790201700,False,False,237,356,0,0.01,0.999684,,,,303.9,303.9,0.3959826398890549,"LOCAL_RECORDED, fill-conditioned marks; not historical full L2",,,0.7167762885745015,3,474,0,0,0,0,0,0
btc-updown-15m-1790202600,False,False,205,322,0,0.01,0.97899,,,,282.245,282.245,0.36643184656119154,"LOCAL_RECORDED, fill-conditioned marks; not historical full L2",,,0.5415963431786217,3,410,0,0,0,0,0,0
btc-updown-15m-1790252100,False,False,0,62,0,,,,,,226.5,226.5,0.3990946622639503,"LOCAL_RECORDED, fill-conditioned marks; not historical full L2",,,,1,0,0,0,0,0,0,0
btc-updown-15m-1790253000,False,False,37,350,10,0.01,0.992839,,,501.725,258.32,258.32,0.39048649844596334,"LOCAL_RECORDED, fill-conditioned marks; not historical full L2",,,0.6962793595119594,4,74,1,2,2,0,0,0
btc-updown-15m-1790253900,False,False,227,342,0,0.01,1.0023528,,,,271.0,273.86,0.3816187635199988,"LOCAL_RECORDED, fill-conditioned marks; not historical full L2",,,0.5229875072391826,3,454,0,0,0,0,0,0
btc-updown-15m-1790254800,False,False,42,246,5,0.01,0.98010095,,,711.76,266.03499999999997,260.28499999999997,0.2735551412283183,"LOCAL_RECORDED, fill-conditioned marks; not historical full L2",,,0.6070405677260912,4,84,1,2,1,0,0,0
btc-updown-15m-1790255700,False,False,102,180,5,0.01,1.00725605,,,175.88,315.53999999999996,315.53999999999996,0.25868467648845944,"LOCAL_RECORDED, fill-conditioned marks; not historical full L2",,,0.3873142578150514,4,204,1,2,1,0,0,0
btc-updown-15m-1790256600,False,False,12,52,0,0.01,5.6057541,,,,387.0,387.0,0.2502913759691834,"LOCAL_RECORDED, fill-conditioned marks; not historical full L2",,,0.1714610738810292,3,24,0,0,0,0,0,0
btc-updown-15m-1790257500,False,False,109,181,0,0.01,0.982137,,,,381.94,365.41,0.21137106929133984,"LOCAL_RECORDED, fill-conditioned marks; not historical full L2",,,0.4678518242740134,3,218,0,0,0,0,0,0
btc-updown-15m-1790258400,False,False,48,98,0,0.01,1.04098445,,,,255.61,255.61,0.30722615327939107,"LOCAL_RECORDED, fill-conditioned marks; not historical full L2",,,0.3306858608422272,3,96,0,0,0,0,0,0
btc-updown-15m-1790262900,False,False,224,315,0,0.01,1.00430345,,,,286.0,322.61,0.3901543525294647,"LOCAL_RECORDED, fill-conditioned marks; not historical full L2",,,0.5831761396541739,3,448,1,1,0,0,0,0
btc-updown-15m-1790263800,False,False,205,299,0,0.01,1.01925,,,,362.41,351.95,0.38911091692735367,"LOCAL_RECORDED, fill-conditioned marks; not historical full L2",,,0.5315007859683958,3,410,0,0,0,0,0,0
btc-updown-15m-1790264700,False,False,214,299,0,0.01,0.9862849499999999,,,,165.0,162.5,0.391227597579134,"LOCAL_RECORDED, fill-conditioned marks; not historical full L2",,,0.6409199966906594,3,428,0,0,0,0,0,0
btc-updown-15m-1790265600,False,False,201,306,0,0.01,1.021526,,,,178.93,178.93,0.3929897260863413,"LOCAL_RECORDED, fill-conditioned marks; not historical full L2",,,0.5949305038471084,3,402,0,0,0,0,0,0
btc-updown-15m-1790266500,False,False,195,311,0,0.003,1.015029,,,,122.9,122.9,0.39724200361393347,"LOCAL_RECORDED, fill-conditioned marks; not historical full L2",,,0.8687929180110863,3,390,0,0,0,0,0,0
btc-updown-15m-1790267400,False,False,165,290,10,0.01,0.979445,,,349.885,235.0,235.0,0.37335225825356017,"LOCAL_RECORDED, fill-conditioned marks; not historical full L2",,,0.614671673132944,4,330,1,2,2,0,0,0
btc-updown-15m-1790268300,False,False,104,249,5,0.01,1.0591244,,,813.835,160.0,155.99,0.3184646081580963,"LOCAL_RECORDED, fill-conditioned marks; not historical full L2",,,0.4650223380491437,4,208,1,2,1,0,0,0
btc-updown-15m-1790269200,False,False,72,210,5,0.01,0.986823,,,192.625,176.3,176.3,0.2702659679631894,"LOCAL_RECORDED, fill-conditioned marks; not historical full L2",,,0.4396723262922757,4,144,1,2,1,0,0,0
btc-updown-15m-1790270100,False,False,219,300,0,0.01,1.002253,,,,166.875,166.875,0.3889444392894491,"LOCAL_RECORDED, fill-conditioned marks; not historical full L2",,,0.5695830230826509,3,438,0,0,0,0,0,0
btc-updown-15m-1790271000,False,False,105,304,10,0.01,0.977074,,,371.925,239.0,239.0,0.3898530935887088,"LOCAL_RECORDED, fill-conditioned marks; not historical full L2",,,0.6841860328408512,4,210,1,2,2,0,0,0
btc-updown-15m-1790271900,False,False,228,300,0,0.01,0.9943545,,,,216.32999999999998,216.32999999999998,0.38972403302331154,"LOCAL_RECORDED, fill-conditioned marks; not historical full L2",,,0.5970546868536444,3,456,0,0,0,0,0,0
btc-updown-15m-1790272800,False,False,171,246,0,0.01,1.038619,,,,221.245,221.245,0.3158749090596137,"LOCAL_RECORDED, fill-conditioned marks; not historical full L2",,,0.3424464300488128,3,342,0,0,0,0,0,0
btc-updown-15m-1790273700,False,False,213,303,0,0.01,1.026459,,,,249.59,249.59,0.3916176762463162,"LOCAL_RECORDED, fill-conditioned marks; not historical full L2",,,0.5528336229006371,3,426,0,0,0,0,0,0
btc-updown-15m-1790274600,False,False,147,252,0,0.01,1.004127,,,,216.99,216.99,0.3216465782894211,"LOCAL_RECORDED, fill-conditioned marks; not historical full L2",,,0.4426801522296683,3,294,0,0,0,0,0,0
btc-updown-15m-1790275500,False,False,218,300,0,0.01,1.03197595,,,,221.0,221.0,0.3851517294546684,"LOCAL_RECORDED, fill-conditioned marks; not historical full L2",,,0.4542297509721188,3,436,0,0,0,0,0,0
btc-updown-15m-1790276400,False,False,218,300,0,0.01,0.9993048499999999,,,,200.67000000000002,201.405,0.38345132671421017,"LOCAL_RECORDED, fill-conditioned marks; not historical full L2",,,0.5330065359477124,3,436,0,0,0,0,0,0
btc-updown-15m-1790277300,False,False,165,232,0,0.01,1.008912,,,,169.99,160.0,0.37147891359849944,"LOCAL_RECORDED, fill-conditioned marks; not historical full L2",,,0.4788802018697775,3,330,0,0,0,0,0,0
btc-updown-15m-1790278200,False,False,215,341,0,0.01,1.0744378,,,,291.62,295.0,0.38475888139774667,"LOCAL_RECORDED, fill-conditioned marks; not historical full L2",,,0.3479544138330438,3,430,0,0,0,0,0,0
btc-updown-15m-1790279100,False,False,175,302,0,0.01,0.989833,,,,227.24,232.035,0.388034751706534,"LOCAL_RECORDED, fill-conditioned marks; not historical full L2",,,0.5817200297840656,3,350,0,0,0,0,0,0
btc-updown-15m-1790280000,False,False,184,300,0,0.01,0.98059045,,,,204.0,204.0,0.38832581580659503,"LOCAL_RECORDED, fill-conditioned marks; not historical full L2",,,0.6027364110201042,3,368,0,0,0,0,0,0
btc-updown-15m-1790280900,False,False,194,300,0,0.01,0.98323345,,,,219.245,219.245,0.3875259904382459,"LOCAL_RECORDED, fill-conditioned marks; not historical full L2",,,0.5895031852403408,3,388,0,0,0,0,0,0
btc-updown-15m-1790281800,False,False,204,304,0,0.01,0.9966211,,,,249.72,267.175,0.3905137462746149,"LOCAL_RECORDED, fill-conditioned marks; not historical full L2",,,0.6099383635310665,3,408,0,0,0,0,0,0
btc-updown-15m-1790282700,False,False,219,302,0,0.01,0.9810688,,,,240.465,240.465,0.3934265651644602,"LOCAL_RECORDED, fill-conditioned marks; not historical full L2",,,0.6925788036733681,3,438,0,0,0,0,0,0
btc-updown-15m-1790283600,False,False,203,302,0,0.01,0.9760309,,,,252.35,241.85,0.39000084023802284,"LOCAL_RECORDED, fill-conditioned marks; not historical full L2",,,0.636502026971126,3,406,0,0,0,0,0,0
btc-updown-15m-1790284500,False,False,202,306,0,0.01,1.0259250999999998,,,,254.305,254.305,0.39271394698204376,"LOCAL_RECORDED, fill-conditioned marks; not historical full L2",,,0.5757632166790767,3,404,0,0,0,0,0,0
btc-updown-15m-1790285400,False,False,228,306,0,0.01,0.9786828999999999,,,,206.79500000000002,218.995,0.39613800615855105,"LOCAL_RECORDED, fill-conditioned marks; not historical full L2",,,0.7613944734011748,3,456,0,0,0,0,0,0
btc-updown-15m-1790286300,False,False,204,308,0,0.01,1.004375,,,,254.16500000000002,254.16500000000002,0.39567349565997023,"LOCAL_RECORDED, fill-conditioned marks; not historical full L2",,,0.6934164805162571,3,408,0,0,0,0,0,0
btc-updown-15m-1790287200,False,False,228,298,0,0.01,0.982664,,,,145.0,145.0,0.3855938997933711,"LOCAL_RECORDED, fill-conditioned marks; not historical full L2",,,0.5740071978158352,3,456,0,0,0,0,0,0
btc-updown-15m-1790288100,False,False,214,302,0,0.01,0.99448245,,,,201.25,201.25,0.39002294308019037,"LOCAL_RECORDED, fill-conditioned marks; not historical full L2",,,0.603563746173575,3,428,0,0,0,0,0,0
btc-updown-15m-1790289000,False,False,219,305,0,0.01,0.978217,,,,201.7,210.0,0.392077360360942,"LOCAL_RECORDED, fill-conditioned marks; not historical full L2",,,0.6707350872838587,3,438,0,0,0,0,0,0
btc-updown-15m-1790289900,False,False,218,298,0,0.01,0.9961229,,,,275.565,275.565,0.38775642405761646,"LOCAL_RECORDED, fill-conditioned marks; not historical full L2",,,0.5700132373624556,3,436,0,0,0,0,0,0
btc-updown-15m-1790290800,False,False,213,306,0,0.01,0.9885518,,,,225.0,223.95,0.3934615072421293,"LOCAL_RECORDED, fill-conditioned marks; not historical full L2",,,0.6807106808968313,3,426,0,0,0,0,0,0
btc-updown-15m-1790291700,False,False,202,306,0,0.01,0.98339715,,,,200.57,200.57,0.39339513355051514,"LOCAL_RECORDED, fill-conditioned marks; not historical full L2",,,0.6866985190700753,3,404,0,0,0,0,0,0
btc-updown-15m-1790292600,False,False,140,297,0,0.01,0.9707234499999999,,,,259.0,259.0,0.3828526332891904,"LOCAL_RECORDED, fill-conditioned marks; not historical full L2",,,0.5769152808802847,3,280,0,0,0,0,0,0
btc-updown-15m-1790293500,False,False,112,230,0,0.01,0.9930493,,,,281.82,281.82,0.29659643865258517,"LOCAL_RECORDED, fill-conditioned marks; not historical full L2",,,0.4606974435343758,3,224,0,0,0,0,0,0
btc-updown-15m-1790294400,False,False,206,298,0,0.01,1.0210435,,,,263.93,263.93,0.38683737307602034,"LOCAL_RECORDED, fill-conditioned marks; not historical full L2",,,0.5011106974435344,3,412,0,0,0,0,0,0
btc-updown-15m-1790295300,False,False,206,302,0,0.01,0.9929945,,,,192.47,182.065,0.38962943197767114,"LOCAL_RECORDED, fill-conditioned marks; not historical full L2",,,0.5987962273517002,3,412,0,0,0,0,0,0
btc-updown-15m-1790296200,False,False,67,88,0,0.01,1.0043692,,,,243.5,243.5,0.38719739555543853,"LOCAL_RECORDED, fill-conditioned marks; not historical full L2",,,0.5398485976669148,3,134,0,0,0,0,0,0
btc-updown-15m-1790303400,False,False,57,99,0,0.0,1.218431,,,,30.0,57.96,0.35287798081116517,"LOCAL_RECORDED, fill-conditioned marks; not historical full L2",,,0.3861317944899479,3,114,0,0,0,0,0,0
btc-updown-15m-1790304300,False,False,199,299,0,0.01,1.0764059,,,,167.7,150.82,0.3873635505231409,"LOCAL_RECORDED, fill-conditioned marks; not historical full L2",,,0.35920410358236127,3,398,0,0,0,0,0,0
btc-updown-15m-1790305200,False,False,67,176,0,0.01,1.044273,,,,140.04000000000002,143.5,0.22792835014744928,"LOCAL_RECORDED, fill-conditioned marks; not historical full L2",,,0.3083043766029619,3,134,0,0,0,0,0,0
btc-updown-15m-1790306100,False,False,58,106,0,0.01,1.14539005,,,,136.7,136.7,0.31962023028637593,"LOCAL_RECORDED, fill-conditioned marks; not historical full L2",,,0.20984942500206835,3,116,0,0,0,0,0,0
btc-updown-15m-1790312400,False,False,102,171,0,0.01,0.9876149,,,,107.99,112.08,0.3921698256088377,"LOCAL_RECORDED, fill-conditioned marks; not historical full L2",,,0.6571254240092662,3,204,0,0,0,0,0,0
btc-updown-15m-1790313300,False,False,139,305,10,0.01,0.9762391,,,90.68,147.41,145.41,0.39489458509230674,"LOCAL_RECORDED, fill-conditioned marks; not historical full L2",,,0.5703646098679312,4,278,2,3,2,0,0,0
btc-updown-15m-1790314200,False,False,208,306,0,0.01,1.0162955999999999,,,,140.625,140.625,0.39580457172370553,"LOCAL_RECORDED, fill-conditioned marks; not historical full L2",,,0.6738458674609085,3,416,1,1,0,1,0,0
btc-updown-15m-1790315100,False,False,208,306,0,0.01,0.9822425,,,,95.2,86.95,0.39625929047121056,"LOCAL_RECORDED, fill-conditioned marks; not historical full L2",,,0.7554066352279308,3,416,0,0,0,0,0,0
btc-updown-15m-1790316000,False,False,91,302,10,0.01,0.988629,,,221.61,140.0,131.51,0.3909964933511969,"LOCAL_RECORDED, fill-conditioned marks; not historical full L2",,,0.5865577360191245,4,182,1,2,2,0,0,0
btc-updown-15m-1790316900,False,False,216,302,0,0.008,1.000005,,,,60.0,60.0,0.39117697906479554,"LOCAL_RECORDED, fill-conditioned marks; not historical full L2",,,0.7755460412012907,3,432,1,1,0,1,0,0
btc-updown-15m-1790317800,False,False,205,305,0,0.01,0.9984652,,,,110.79,120.78,0.39479174009760565,"LOCAL_RECORDED, fill-conditioned marks; not historical full L2",,,0.6874451890460825,3,410,2,2,0,2,0,0
btc-updown-15m-1790318700,False,False,157,302,0,0.01,0.997778,,,,134.435,134.435,0.39032144575136124,"LOCAL_RECORDED, fill-conditioned marks; not historical full L2",,,0.6033217506411848,3,314,2,2,0,1,0,0
btc-updown-15m-1790319600,False,False,169,304,0,0.01,1.098035,,,,140.5,140.5,0.3957040684262863,"LOCAL_RECORDED, fill-conditioned marks; not historical full L2",,,0.4916749400182014,3,338,0,0,0,0,0,0
btc-updown-15m-1790320500,False,False,30,300,10,0.01,0.7981024999999999,,,264.065,283.31,267.46000000000004,0.39134344478323896,"LOCAL_RECORDED, fill-conditioned marks; not historical full L2",,,0.6600432228187744,4,60,1,2,2,0,0,0
btc-updown-15m-1790321400,False,False,116,183,0,0.003,1.2265805,,,,70.0,75.0,0.3619220398091614,"LOCAL_RECORDED, fill-conditioned marks; not historical full L2",,,0.40523703152146934,3,232,0,0,0,0,0,0
btc-updown-15m-1790322300,False,False,204,303,0,0.01,1.00109525,,,,164.95,155.0,0.39534478116547095,"LOCAL_RECORDED, fill-conditioned marks; not historical full L2",,,0.6938198064035741,3,408,4,4,0,4,0,0
btc-updown-15m-1790323200,False,False,188,307,10,0.01,0.9753894999999999,,,168.985,116.29,123.12,0.39477401971431275,"LOCAL_RECORDED, fill-conditioned marks; not historical full L2",,,0.6174250662956722,4,376,1,2,2,0,0,0
btc-updown-15m-1790324100,False,False,42,301,10,0.01,0.99624965,,,475.28,183.41,193.0,0.39229223433396165,"LOCAL_RECORDED, fill-conditioned marks; not historical full L2",,,0.7107069959896017,4,84,1,2,2,0,0,0
btc-updown-15m-1790325000,False,False,116,306,10,0.01,0.9914625,,,208.24,143.35,136.95,0.3941715601267314,"LOCAL_RECORDED, fill-conditioned marks; not historical full L2",,,0.6186421470653551,4,232,2,3,2,1,0,0
btc-updown-15m-1790325900,False,False,197,298,0,0.01,1.0027972,,,,179.16000000000003,179.37,0.3912413981676079,"LOCAL_RECORDED, fill-conditioned marks; not historical full L2",,,0.6054500703234881,3,394,1,1,0,1,0,0
btc-updown-15m-1790326800,False,False,196,305,0,0.01,1.000651,,,,231.99,230.21,0.39726500450875524,"LOCAL_RECORDED, fill-conditioned marks; not historical full L2",,,0.7379643418548855,3,392,0,0,0,0,0,0
btc-updown-15m-1790327700,False,False,217,306,0,0.01,0.9821312,,,,169.04500000000002,170.32,0.3956749448961342,"LOCAL_RECORDED, fill-conditioned marks; not historical full L2",,,0.7440225035161744,3,434,1,1,0,0,0,0
btc-updown-15m-1790328600,False,False,66,304,10,0.01,0.9672245,,,213.855,115.41,115.41,0.39292828983237205,"LOCAL_RECORDED, fill-conditioned marks; not historical full L2",,,0.6262050789669632,4,132,1,2,2,0,0,0
btc-updown-15m-1790329500,False,False,202,294,0,0.01,0.9881506,,,,168.41000000000003,169.60500000000002,0.377762388594729,"LOCAL_RECORDED, fill-conditioned marks; not historical full L2",,,0.5427194506494581,3,404,0,0,0,0,0,0
btc-updown-15m-1790330400,False,False,208,301,0,0.009,1.07486405,,,,81.02,86.0,0.3904429600369969,"LOCAL_RECORDED, fill-conditioned marks; not historical full L2",,,0.571622404235956,3,416,3,3,0,2,0,0
btc-updown-15m-1790331300,False,False,206,304,0,0.01,0.9885343,,,,143.235,143.235,0.39548380725160803,"LOCAL_RECORDED, fill-conditioned marks; not historical full L2",,,0.7240382228840904,3,412,2,2,0,2,0,0
btc-updown-15m-1790332200,False,False,226,300,0,0.01,0.9949135,,,,169.82,162.76,0.38940275893625903,"LOCAL_RECORDED, fill-conditioned marks; not historical full L2",,,0.5929159427484074,3,452,1,1,0,0,0,0
btc-updown-15m-1790333100,False,False,189,287,0,0.01,1.007936,,,,155.53,150.76,0.3699729091735537,"LOCAL_RECORDED, fill-conditioned marks; not historical full L2",,,0.48064863076032105,3,378,0,0,0,0,0,0
btc-updown-15m-1790334000,False,False,175,303,0,0.01,1.137058,,,,145.0,143.08,0.3904977568877856,"LOCAL_RECORDED, fill-conditioned marks; not historical full L2",,,0.3627078679573095,3,350,1,1,0,1,0,0
btc-updown-15m-1790334900,False,False,43,306,10,0.01,1.0169341,,,60.585,197.83499999999998,174.865,0.39302365487605795,"LOCAL_RECORDED, fill-conditioned marks; not historical full L2",,,0.464423146007237,4,86,2,3,2,0,0,0
btc-updown-15m-1790335800,False,False,219,305,0,0.01,0.9968,,,,161.41,168.0,0.3943038093470522,"LOCAL_RECORDED, fill-conditioned marks; not historical full L2",,,0.6801729130470754,3,438,3,3,0,1,0,0
btc-updown-15m-1790336700,False,False,212,304,0,0.01,0.9940266,,,,146.625,145.2,0.3902923669300687,"LOCAL_RECORDED, fill-conditioned marks; not historical full L2",,,0.6117874575990734,3,424,1,1,0,1,0,0
btc-updown-15m-1790337600,False,False,144,306,6,0.01,0.9804429,,,149.5,140.83499999999998,143.33499999999998,0.39221460086955623,"LOCAL_RECORDED, fill-conditioned marks; not historical full L2",,,0.5549491515460281,4,288,1,3,2,2,2,0
btc-updown-15m-1790338500,False,False,160,250,0,0.01,1.0075006000000002,,,,168.66,168.66,0.3235458815723892,"LOCAL_RECORDED, fill-conditioned marks; not historical full L2",,,0.4316827997021594,3,320,3,3,0,3,0,0
btc-updown-15m-1790339400,False,False,161,242,5,0.01,1.022358,,,220.175,150.5,157.85000000000002,0.3521089977509586,"LOCAL_RECORDED, fill-conditioned marks; not historical full L2",,,0.4173262759467545,4,322,5,6,1,3,0,0
btc-updown-15m-1790340300,False,False,83,180,0,0.01,1.185502,,,,145.37,145.37,0.2077098481775499,"LOCAL_RECORDED, fill-conditioned marks; not historical full L2",,,0.18349052701249277,3,166,0,0,0,0,0,0
btc-updown-15m-1790341200,False,False,218,296,0,0.01,1.0484393500000002,,,,164.275,163.26,0.3801041049222982,"LOCAL_RECORDED, fill-conditioned marks; not historical full L2",,,0.3822205675519153,3,436,0,0,0,0,0,0
btc-updown-15m-1790342100,False,False,152,221,0,0.01,0.35254835,,,,178.8,173.0,0.2850744246910444,"LOCAL_RECORDED, fill-conditioned marks; not historical full L2",,,0.5054769587159759,3,304,3,3,0,3,0,0
btc-updown-15m-1790343000,False,False,7,144,5,0.01,0.076587,,,203.29000000000002,197.71,197.71,0.34290458769769844,"LOCAL_RECORDED, fill-conditioned marks; not historical full L2",,,0.4909982397356011,4,14,2,3,2,2,1,0
btc-updown-15m-1790343900,False,False,20,52,0,0.01,1.00292935,,,,145.42000000000002,145.42000000000002,0.21776816580406988,"LOCAL_RECORDED, fill-conditioned marks; not historical full L2",,,0.4273186067676016,3,40,4,4,0,0,0,0
btc-updown-15m-1790344800,False,False,91,151,0,0.005,0.2594314,,,,66.05,60.0,0.39166586734190906,"LOCAL_RECORDED, fill-conditioned marks; not historical full L2",,,0.8519628526516091,3,182,0,0,0,0,0,0
btc-updown-15m-1790345700,False,False,42,232,5,0.01,0.27040949999999997,,,241.05,183.925,183.925,0.35949029766188817,"LOCAL_RECORDED, fill-conditioned marks; not historical full L2",,,0.5332816521012136,4,84,3,4,1,2,0,0
btc-updown-15m-1790346600,False,False,7,282,10,0.01,0.633938,,,330.39,122.83,122.83,0.3195945010447317,"LOCAL_RECORDED, fill-conditioned marks; not historical full L2",,,0.5682000398427193,4,14,2,3,2,1,0,0
btc-updown-15m-1790347500,False,False,22,50,5,0.01,0.25913345,,,646.56,91.5,91.5,0.2896682094809315,"LOCAL_RECORDED, fill-conditioned marks; not historical full L2",,,0.6228472684876749,4,44,6,7,1,4,0,0
