run_id,client_order_id,market_slug,weekend_et,weekend_utc,instrument_id,side,entry_source,order_type,intended_price,submitted_size,filled_size,fill_vwap,fill_count,was_submitted,was_filled,was_canceled,partial_fill,fill_rate,entry_slippage,exit_slippage,submit_to_fill_sec,cancel_latency_sec,first_event_ts,first_fill_ts,exit_reason,realized_pnl
run_1788881071_16b48429,BTC-15M-FAST-FOLLOW-BUY-1788881668978,btc-updown-15m-1788881400,False,False,0x412f0628321011f96d92c3faaa094d713b06e0ab966f3602f5893a26d6546c19-66404301571771262401270628566883889226042998715621988363729425685844183933200.POLYMARKET,BUY,outcome_fast_follow,fast_follow,0.66,10.0,0,,0,True,False,False,False,,,,,,2026-09-08T15:34:29.017150+00:00,,outcome_then_twap_confirmed,
run_1788881071_16b48429,BTC-15M-FAST-FOLLOW-BUY-1788882505472,btc-updown-15m-1788882300,False,False,0x279979d91f3bd9ad5eee9b780c62667f6170a94a76dadfe4947e4ef40b61d42f-46455259813213633314306350560074460762489991104223838002036891589753702754836.POLYMARKET,BUY,outcome_fast_follow,fast_follow,0.67,10.0,0,,0,True,False,False,False,,,,,,2026-09-08T15:48:25.503340+00:00,,outcome_then_twap_confirmed,
run_1788881071_16b48429,BTC-15M-TAKER-EXIT-1788882803298,btc-updown-15m-1788882300,False,False,0x279979d91f3bd9ad5eee9b780c62667f6170a94a76dadfe4947e4ef40b61d42f-46455259813213633314306350560074460762489991104223838002036891589753702754836.POLYMARKET,SELL,unknown,other,0.74,10.141362,0,,0,False,False,False,False,,,,,,2026-09-08T15:53:23.323601+00:00,,outcome_fast_follow_reversal,
run_1788881071_16b48429,BTC-15M-TAKER-EXIT-1788882807067,btc-updown-15m-1788882300,False,False,0x279979d91f3bd9ad5eee9b780c62667f6170a94a76dadfe4947e4ef40b61d42f-46455259813213633314306350560074460762489991104223838002036891589753702754836.POLYMARKET,SELL,unknown,other,0.64,10.141362,10.141362,0.64,1,False,True,False,False,1.0,,0.0,,,2026-09-08T15:53:27.071372+00:00,2026-09-08T15:53:27.944436+00:00,outcome_fast_follow_reversal,6.382802543394816
run_1788954525_5165c9e3,BTC-15M-FAST-FOLLOW-BUY-1788955701108,btc-updown-15m-1788955200,False,False,0xd8f641ba4ed57c0006cd56006d59ab3f441292aa53619f8b031c424658df08be-44245793776775665746190833287648642990261003932336448513135212557757185052560.POLYMARKET,BUY,outcome_fast_follow,fast_follow,0.82,5.5,0,,0,True,False,False,False,,,,,,2026-09-09T12:08:21.187116+00:00,,outcome_then_twap_confirmed,
run_1788954525_5165c9e3,BTC-15M-MAKER-SELL-1788955711223,btc-updown-15m-1788955200,False,False,0xd8f641ba4ed57c0006cd56006d59ab3f441292aa53619f8b031c424658df08be-44245793776775665746190833287648642990261003932336448513135212557757185052560.POLYMARKET,SELL,unknown,maker,0.97,5.562332,5.562332,0.9699999999999999,1,True,True,False,False,1.0,,1.1102230246251565e-16,271.904577,,2026-09-09T12:08:31.226598+00:00,2026-09-09T12:13:03.131175+00:00,,0.8343498
run_1788958152_16e70f3b,BTC-15M-FAST-FOLLOW-BUY-1788958415698,btc-updown-15m-1788957900,False,False,0xdc21afc5725ae15fbae72acc47df2054a55d5cdccadcea332973aef3227b5edf-83725297574203481984722840419705286162507692003076796547726980031723048219364.POLYMARKET,BUY,outcome_fast_follow,fast_follow,0.89,5.5,0,,0,True,False,False,False,,,,,,2026-09-09T12:53:35.727363+00:00,,outcome_then_twap_confirmed,
run_1788958152_16e70f3b,BTC-15M-FAST-FOLLOW-BUY-1788959174697,btc-updown-15m-1788958800,False,False,0x5be9b42ea0ed825d179a4b849877906eec6d0b8ac211cf9f842c2aa046e184b6-13917599135288643678725056986733164574134618058463708045096396013132291277112.POLYMARKET,BUY,outcome_fast_follow,fast_follow,0.57,10.0,0,,0,True,False,False,False,,,,,,2026-09-09T13:06:14.742822+00:00,,outcome_then_twap_confirmed,
run_1788958152_16e70f3b,BTC-15M-MAKER-SELL-1788959179977,btc-updown-15m-1788958800,False,False,0x5be9b42ea0ed825d179a4b849877906eec6d0b8ac211cf9f842c2aa046e184b6-13917599135288643678725056986733164574134618058463708045096396013132291277112.POLYMARKET,SELL,unknown,maker,0.97,10.077632,0,,0,True,False,True,False,,,,,0.764819,2026-09-09T13:06:19.979935+00:00,,,
run_1788958152_16e70f3b,BTC-15M-FAST-FOLLOW-BUY-1788960972352,btc-updown-15m-1788960600,False,False,0xaaeff05c4d9b0a526cdcd69dc9886d5fe5b2585752047130f9407c2c348a7c9b-107113571455343947777502178225465504975511585593650256656676954996583412678996.POLYMARKET,BUY,outcome_fast_follow,fast_follow,0.89,5.5,0,,0,True,False,False,False,,,,,,2026-09-09T13:36:12.398273+00:00,,outcome_then_twap_confirmed,
run_1788961778_42bd2ba1,BTC-15M-FAST-FOLLOW-BUY-1788962797757,btc-updown-15m-1788962400,False,False,0x6707fee9bc587e57365196d18f97e9cbb203116dd6b6de49788a8007ebfbcd82-5365446798232125936445759496391006939051303318937969588805879334672688597991.POLYMARKET,BUY,outcome_fast_follow,fast_follow,0.71,10.0,0,,0,True,False,False,False,,,,,,2026-09-09T14:06:37.837303+00:00,,outcome_then_twap_confirmed,
run_1788961778_42bd2ba1,BTC-15M-FAST-FOLLOW-BUY-1788963493473,btc-updown-15m-1788963300,False,False,0xf91f666555283c7a9f3376f906020aed337695cf11513c3e89897ec940856ffc-47729929253699100497733057626431528330381499045404681078454896202159163927828.POLYMARKET,BUY,outcome_fast_follow,fast_follow,0.62,10.0,0,,0,True,False,False,False,,,,,,2026-09-09T14:18:13.527659+00:00,,outcome_then_twap_confirmed,
run_1788961778_42bd2ba1,BTC-15M-MAKER-SELL-1788963501008,btc-updown-15m-1788963300,False,False,0xf91f666555283c7a9f3376f906020aed337695cf11513c3e89897ec940856ffc-47729929253699100497733057626431528330381499045404681078454896202159163927828.POLYMARKET,SELL,unknown,maker,0.97,10.497967,0,,0,True,False,True,False,,,,,0.762812,2026-09-09T14:18:21.012172+00:00,,,
run_1789040817_e7789764,BTC-15M-FAST-FOLLOW-BUY-1789041830616,btc-updown-15m-1789041600,False,False,0x47483ee81451813363dfbfdcbc71b2d35164614e45e222652085256dc07f7bd1-84201768708205956175071563170327985290296695690875254261679091656032226089511.POLYMARKET,BUY,outcome_fast_follow,fast_follow,0.72,5.5,0,,0,True,False,False,False,,,,,,2026-09-10T12:03:50.641570+00:00,,outcome_then_twap_confirmed,
run_1789040817_e7789764,BTC-15M-FAST-FOLLOW-BUY-1789042851327,btc-updown-15m-1789042500,False,False,0xc6fb5427e93aef0669b0f127a563d3fa196e40f5c4acab8c52ce87c96ad9acd8-7697385365869990735206298901277247705988851517179339187393620621685502217080.POLYMARKET,BUY,outcome_fast_follow,fast_follow,0.88,5.5,5.5,0.88,1,True,True,False,False,1.0,0.0,,2.254763,,2026-09-10T12:20:51.354431+00:00,2026-09-10T12:20:53.609194+00:00,outcome_then_twap_confirmed,
run_1789040817_e7789764,BTC-15M-MAKER-SELL-1789042865459,btc-updown-15m-1789042500,False,False,0xc6fb5427e93aef0669b0f127a563d3fa196e40f5c4acab8c52ce87c96ad9acd8-7697385365869990735206298901277247705988851517179339187393620621685502217080.POLYMARKET,SELL,unknown,maker,0.97,5.4581824,5.458182,0.97,1,True,True,False,True,0.9999999267155307,,0.0,366.731504,,2026-09-10T12:21:05.461101+00:00,2026-09-10T12:27:12.192605+00:00,,0.49123638
run_1789040817_e7789764,BTC-15M-FAST-FOLLOW-BUY-1789043580019,btc-updown-15m-1789043400,False,False,0x1b8c9fa5d4b819220b5fa4a1aec664d1a2f25e13467e46e33c5776c0fa1c14a2-29734683213298980633257618859037476523082724358762419566406518155175156054524.POLYMARKET,BUY,outcome_fast_follow,fast_follow,0.82,5.5,5.6375,0.8,1,True,True,False,False,1.0,-0.019999999999999907,,2.243974,,2026-09-10T12:33:00.028929+00:00,2026-09-10T12:33:02.272903+00:00,outcome_then_twap_confirmed,
run_1789044697_07897e6f,BTC-15M-FAST-FOLLOW-BUY-1789045834241,btc-updown-15m-1789045200,False,False,0x04977a733173af4c6399deb690a71015843a40ec5331827288aa7358fc3c8509-57323926388342537956157922536850433698847967357230101200763331289676387230870.POLYMARKET,BUY,outcome_fast_follow,fast_follow,0.9,5.5,5.56179,0.89,1,True,True,False,False,1.0,-0.010000000000000009,,5.252693,,2026-09-10T13:10:34.265167+00:00,2026-09-10T13:10:39.517860+00:00,outcome_then_twap_confirmed,
run_1789044697_07897e6f,BTC-15M-MAKER-SELL-1789045850688,btc-updown-15m-1789045200,False,False,0x04977a733173af4c6399deb690a71015843a40ec5331827288aa7358fc3c8509-57323926388342537956157922536850433698847967357230101200763331289676387230870.POLYMARKET,SELL,unknown,maker,0.97,5.522586054648,0,,0,True,False,True,False,,,,,186.077695,2026-09-10T13:10:50.690425+00:00,,,
run_1789044697_07897e6f,BTC-15M-TAKER-EXIT-1789046035754,btc-updown-15m-1789045200,False,False,0x04977a733173af4c6399deb690a71015843a40ec5331827288aa7358fc3c8509-57323926388342537956157922536850433698847967357230101200763331289676387230870.POLYMARKET,SELL,unknown,other,0.06,5.522586,5.522586,0.04,1,False,True,False,False,1.0,,0.019999999999999997,,,2026-09-10T13:13:55.758200+00:00,2026-09-10T13:13:58.132672+00:00,offside_near_close,-4.694808853830912
run_1789044697_07897e6f,BTC-15M-FAST-FOLLOW-BUY-1789046499223,btc-updown-15m-1789046100,False,False,0x05605d11fd2c76e34c5345e187937812fc427771962bea50bb155bcb6d58aca4-111114097344078426059509941521746227069792247645538568238067242233938753263851.POLYMARKET,BUY,outcome_fast_follow,fast_follow,0.8,5.5,5.866664,0.75,1,True,True,False,False,1.0,-0.050000000000000044,,2.233215,,2026-09-10T13:21:39.242335+00:00,2026-09-10T13:21:41.475550+00:00,outcome_then_twap_confirmed,
run_1789044697_07897e6f,BTC-15M-MAKER-SELL-1789046513115,btc-updown-15m-1789046100,False,False,0x05605d11fd2c76e34c5345e187937812fc427771962bea50bb155bcb6d58aca4-111114097344078426059509941521746227069792247645538568238067242233938753263851.POLYMARKET,SELL,unknown,maker,0.97,5.787464036,5.787464,0.9700000000000001,1,True,True,False,True,0.9999999937796589,,-1.1102230246251565e-16,358.89348,,2026-09-10T13:21:53.119068+00:00,2026-09-10T13:27:52.012548+00:00,,1.27324208
run_1789044697_07897e6f,BTC-15M-FAST-FOLLOW-BUY-1789047453276,btc-updown-15m-1789047000,False,False,0x74cb1a6552b9537ceaf63767567a1f05ffd6faa6844e055b3fd788cdb926fffc-61338684679268028344209262916609234006775315605269435204442719425184904672980.POLYMARKET,BUY,outcome_fast_follow,fast_follow,0.44,10.0,0,,0,True,False,False,False,,,,,,2026-09-10T13:37:33.282412+00:00,,outcome_then_twap_confirmed,
run_1789044697_07897e6f,BTC-15M-FAST-FOLLOW-BUY-1789048099741,btc-updown-15m-1789047900,False,False,0x640320129e152a9ed12ce42d7477cbbbfc3635404fe97b5e7fe3603f45ec1fbb-398077197787463692827700006155922779702922977369773513793753168857613171647.POLYMARKET,BUY,outcome_fast_follow,fast_follow,0.72,5.5,6.092308,0.65,1,True,True,False,False,1.0,-0.06999999999999995,,6.892693,,2026-09-10T13:48:19.742564+00:00,2026-09-10T13:48:26.635257+00:00,outcome_then_twap_confirmed,
run_1789049070_6ff3c321,BTC-15M-FAST-FOLLOW-BUY-1789050093107,btc-updown-15m-1789049700,False,False,0xc6feca83747d43666c73cb40386fa7f81279a831aba2a567bb6f8dd6867bc781-37163439524063149063756980383598421773925223895576763867050111946639001491194.POLYMARKET,BUY,outcome_fast_follow,fast_follow,0.75,5.5,0,,0,True,False,False,False,,,,,,2026-09-10T14:21:33.134958+00:00,,outcome_then_twap_confirmed,
run_1789049070_6ff3c321,BTC-15M-FAST-FOLLOW-BUY-1789051110014,btc-updown-15m-1789050600,False,False,0xc15743b9e12b7092e7c69741b5267719f368af5c62e59ef1c16648d6c0e0d969-57283875155883702400022090246467614028130884254369162309273122797550213532358.POLYMARKET,BUY,outcome_fast_follow,fast_follow,0.69,10.0,0,,0,True,False,False,False,,,,,,2026-09-10T14:38:30.037492+00:00,,outcome_then_twap_confirmed,
run_1789049070_6ff3c321,BTC-15M-FAST-FOLLOW-BUY-1789051960900,btc-updown-15m-1789051500,False,False,0x5785f6365c3bfa8bb7f75aacb85b45c81b1a903e8b01a930283885a6a20e91d3-92976378603322901461781119375416814181094794114880412412586228534429103325623.POLYMARKET,BUY,outcome_fast_follow,fast_follow,0.7,10.0,10.0,0.7,1,True,True,False,False,1.0,0.0,,4.551498,,2026-09-10T14:52:40.920840+00:00,2026-09-10T14:52:45.472338+00:00,outcome_then_twap_confirmed,
run_1789049070_6ff3c321,BTC-15M-MAKER-SELL-1789051976003,btc-updown-15m-1789051500,False,False,0x5785f6365c3bfa8bb7f75aacb85b45c81b1a903e8b01a930283885a6a20e91d3-92976378603322901461781119375416814181094794114880412412586228534429103325623.POLYMARKET,SELL,unknown,maker,0.97,9.8488,7.27,0.9700000000000001,1,True,True,True,True,0.7381609942327998,,-1.1102230246251565e-16,203.70014,204.78496,2026-09-10T14:52:56.012594+00:00,2026-09-10T14:56:19.712734+00:00,,1.9629
run_1789049070_6ff3c321,BTC-15M-FAST-FOLLOW-BUY-1789052580579,btc-updown-15m-1789052400,False,False,0x5e65300019a0ce7c25f6f087101f8e73d1bbc18f9b364ec462530ce7d2735c92-110845505512817174718152644201669940505384312767964789681218885406776591706428.POLYMARKET,BUY,outcome_fast_follow,fast_follow,0.85,5.5,0,,0,True,False,False,False,,,,,,2026-09-10T15:03:00.606551+00:00,,outcome_then_twap_confirmed,
run_1789052696_9f8e0884,BTC-15M-FAST-FOLLOW-BUY-1789053099173,btc-updown-15m-1789052400,False,False,0x5e65300019a0ce7c25f6f087101f8e73d1bbc18f9b364ec462530ce7d2735c92-110845505512817174718152644201669940505384312767964789681218885406776591706428.POLYMARKET,BUY,outcome_fast_follow,fast_follow,0.8,5.5,5.5,0.8,1,True,True,False,False,1.0,0.0,,4.079591,,2026-09-10T15:11:39.264600+00:00,2026-09-10T15:11:43.344191+00:00,outcome_then_twap_confirmed,
run_1789052696_9f8e0884,BTC-15M-MAKER-SELL-1789053117126,btc-updown-15m-1789052400,False,False,0x5e65300019a0ce7c25f6f087101f8e73d1bbc18f9b364ec462530ce7d2735c92-110845505512817174718152644201669940505384312767964789681218885406776591706428.POLYMARKET,SELL,unknown,maker,0.97,5.43664,5.43664,0.9699999999999999,1,True,True,False,False,1.0,,1.1102230246251565e-16,87.109236,,2026-09-10T15:11:57.127925+00:00,2026-09-10T15:13:24.237161+00:00,,0.9242288
run_1789052696_9f8e0884,BTC-15M-FAST-FOLLOW-BUY-1789053482680,btc-updown-15m-1789053300,False,False,0x58609ab4fa1e67924fd93baa43c6f8f1e9390914cf3a986428162e90e3c9bc8d-70910682250766253503283693416193730498081851992634291739646422786706785701098.POLYMARKET,BUY,outcome_fast_follow,fast_follow,0.74,5.5,5.535538,0.7400000000000001,1,True,True,False,False,1.0,1.1102230246251565e-16,,3.281522,,2026-09-10T15:18:02.702490+00:00,2026-09-10T15:18:05.984012+00:00,outcome_then_twap_confirmed,
run_1789052696_9f8e0884,BTC-15M-MAKER-SELL-1789053496641,btc-updown-15m-1789053300,False,False,0x58609ab4fa1e67924fd93baa43c6f8f1e9390914cf3a986428162e90e3c9bc8d-70910682250766253503283693416193730498081851992634291739646422786706785701098.POLYMARKET,SELL,unknown,maker,0.97,5.4588552991936,5.458855,0.97,1,True,True,False,True,0.9999999451911464,,0.0,342.730523,,2026-09-10T15:18:16.642868+00:00,2026-09-10T15:23:59.373391+00:00,,1.25553665
run_1789052696_9f8e0884,BTC-15M-FAST-FOLLOW-BUY-1789054595958,btc-updown-15m-1789054200,False,False,0x3b25efb06baadfb1b98abe114b4c0383b1f3cb313a18ce171e686c09216ae400-112287187494614208179712778869709646806779927263047884358888473756965608986243.POLYMARKET,BUY,outcome_fast_follow,fast_follow,0.9,5.5,5.625,0.88,1,True,True,False,False,1.0,-0.020000000000000018,,2.306239,,2026-09-10T15:36:35.980828+00:00,2026-09-10T15:36:38.287067+00:00,outcome_then_twap_confirmed,
run_1789052696_9f8e0884,BTC-15M-MAKER-SELL-1789054612918,btc-updown-15m-1789054200,False,False,0x3b25efb06baadfb1b98abe114b4c0383b1f3cb313a18ce171e686c09216ae400-112287187494614208179712778869709646806779927263047884358888473756965608986243.POLYMARKET,SELL,unknown,maker,0.97,5.582232,5.582232,0.9699999999999999,1,True,True,False,False,1.0,,1.1102230246251565e-16,54.557202,,2026-09-10T15:36:52.923154+00:00,2026-09-10T15:37:47.480356+00:00,,0.50240088
run_1789052696_9f8e0884,BTC-15M-FAST-FOLLOW-BUY-1789056191425,btc-updown-15m-1789056000,False,False,0xcea5d06410bc7dd2763f799e685e3518aa38045ea3e98a67c2ffbacfb1876124-112210344831971794273661011357643463032417581613172331242889750469801211963251.POLYMARKET,BUY,outcome_fast_follow,fast_follow,0.8,5.5,5.569619,0.79,1,True,True,False,False,1.0,-0.010000000000000009,,2.364233,,2026-09-10T16:03:11.442856+00:00,2026-09-10T16:03:13.807089+00:00,outcome_then_twap_confirmed,
run_1789052696_9f8e0884,BTC-15M-MAKER-SELL-1789056206177,btc-updown-15m-1789056000,False,False,0xcea5d06410bc7dd2763f799e685e3518aa38045ea3e98a67c2ffbacfb1876124-112210344831971794273661011357643463032417581613172331242889750469801211963251.POLYMARKET,SELL,unknown,maker,0.97,5.5030910149688,5.503091,0.9699999999999999,1,True,True,False,True,0.9999999972799287,,1.1102230246251565e-16,275.284217,,2026-09-10T16:03:26.180384+00:00,2026-09-10T16:08:01.464601+00:00,,0.99055638
run_1789131981_3d604955,BTC-15M-FAST-FOLLOW-BUY-1789132907521,btc-updown-15m-1789132500,False,False,0xf599c06482d2ea0ba6d570116e520bd2e340b6baae0ca64bd7e6430f3697a331-11761222765450251939162319259239569441896987057833129979422474394373799988225.POLYMARKET,BUY,outcome_fast_follow,fast_follow,0.61,10.0,10.0,0.61,1,True,True,False,False,1.0,0.0,,4.33427,,2026-09-11T13:21:47.555893+00:00,2026-09-11T13:21:51.890163+00:00,outcome_then_twap_confirmed,
run_1789131981_3d604955,BTC-15M-MAKER-SELL-1789132922452,btc-updown-15m-1789132500,False,False,0xf599c06482d2ea0ba6d570116e520bd2e340b6baae0ca64bd7e6430f3697a331-11761222765450251939162319259239569441896987057833129979422474394373799988225.POLYMARKET,SELL,unknown,maker,0.97,9.828712,0,,0,True,False,True,False,,,,,389.652099,2026-09-11T13:22:02.505075+00:00,,,
run_1789131981_3d604955,BTC-15M-TAKER-EXIT-1789133310824,btc-updown-15m-1789132500,False,False,0xf599c06482d2ea0ba6d570116e520bd2e340b6baae0ca64bd7e6430f3697a331-11761222765450251939162319259239569441896987057833129979422474394373799988225.POLYMARKET,SELL,unknown,other,0.07,9.828712,0,,0,False,False,False,False,,,,,,2026-09-11T13:28:30.846470+00:00,,offside_near_close,
run_1789131981_3d604955,BTC-15M-MAKER-SELL-1789133317494,btc-updown-15m-1789132500,False,False,0xf599c06482d2ea0ba6d570116e520bd2e340b6baae0ca64bd7e6430f3697a331-11761222765450251939162319259239569441896987057833129979422474394373799988225.POLYMARKET,SELL,unknown,maker,0.97,9.828712,0,,0,True,False,True,False,,,,,50.741617,2026-09-11T13:28:37.498964+00:00,,,
run_1789131981_3d604955,BTC-15M-MAKER-SELL-1789133369239,btc-updown-15m-1789132500,False,False,0xf599c06482d2ea0ba6d570116e520bd2e340b6baae0ca64bd7e6430f3697a331-11761222765450251939162319259239569441896987057833129979422474394373799988225.POLYMARKET,SELL,unknown,maker,0.97,9.828712,0,,0,True,False,True,False,,,,,12.140028,2026-09-11T13:29:29.258791+00:00,,,
run_1789131981_3d604955,BTC-15M-TAKER-EXIT-1789133380380,btc-updown-15m-1789132500,False,False,0xf599c06482d2ea0ba6d570116e520bd2e340b6baae0ca64bd7e6430f3697a331-11761222765450251939162319259239569441896987057833129979422474394373799988225.POLYMARKET,SELL,unknown,other,0.001,9.828712,0,,0,False,False,False,False,,,,,,2026-09-11T13:29:40.389802+00:00,,offside_near_close,
run_1789131981_3d604955,BTC-15M-FAST-FOLLOW-BUY-1789133585462,btc-updown-15m-1789133400,False,False,0x675b537f38db6507c21e12214f1bf0889e64cf91e26dcae9403c0319fc8c0455-61102798766437533030244181259040220661249697683908275129345029470498184670546.POLYMARKET,BUY,outcome_fast_follow,fast_follow,0.65,10.0,10.833332,0.6,1,True,True,False,False,1.0,-0.050000000000000044,,2.675586,,2026-09-11T13:33:05.482492+00:00,2026-09-11T13:33:08.158078+00:00,outcome_then_twap_confirmed,
run_1789131981_3d604955,BTC-15M-MAKER-SELL-1789133598848,btc-updown-15m-1789133400,False,False,0x675b537f38db6507c21e12214f1bf0889e64cf91e26dcae9403c0319fc8c0455-61102798766437533030244181259040220661249697683908275129345029470498184670546.POLYMARKET,SELL,unknown,maker,0.97,10.64613202304,0,,0,True,False,False,False,,,,,,2026-09-11T13:33:18.888337+00:00,,,
run_1789134508_bb059b9e,BTC-15M-FAST-FOLLOW-BUY-1789135380259,btc-updown-15m-1789135200,False,False,0x3cbc19996da597651d053882d7f5e1b4eb71a4a703f81dd6533ce44d56832f48-20986723560759271933135091781073124604041830460272420335311023158690784275813.POLYMARKET,BUY,outcome_fast_follow,fast_follow,0.86,5.5,0,,0,True,False,False,False,,,,,,2026-09-11T14:03:00.283529+00:00,,outcome_then_twap_confirmed,
run_1789134508_bb059b9e,BTC-15M-FAST-FOLLOW-BUY-1789136441303,btc-updown-15m-1789136100,False,False,0x323b2b6ba6356ea9c674cc21d85d4b1818919573019b9c0916ae41191f009e21-58704912914925446400627119982497060944085271332002217797850248984026256340713.POLYMARKET,BUY,outcome_fast_follow,fast_follow,0.55,10.0,11.0,0.5,1,True,True,False,False,1.0,-0.050000000000000044,,3.415689,,2026-09-11T14:20:41.324565+00:00,2026-09-11T14:20:44.740254+00:00,outcome_then_twap_confirmed,
run_1789139786_e607c3d1,BTC-15M-FAST-FOLLOW-BUY-1789140226714,btc-updown-15m-1789139700,False,False,0xa9b1daae8040880f05d4461370896f3aadf39e75b6d3800bddbf64e312402f27-9520148807123319792316379783229581244127542888594430085027829994492115732168.POLYMARKET,BUY,outcome_fast_follow,fast_follow,0.89,5.0,0,,0,True,False,False,False,,,,,,2026-09-11T15:23:46.741317+00:00,,outcome_then_twap_confirmed,
run_1789139786_e607c3d1,BTC-15M-FAST-FOLLOW-BUY-1789140811420,btc-updown-15m-1789140600,False,False,0xe4ddcca996be73de5992e7e5e3813db131533c505babd1fd9ad316551c119252-35244619115292700141037218763773395170126082764871982128415335623736789575664.POLYMARKET,BUY,outcome_fast_follow,fast_follow,0.66,10.0,10.476191,0.63,1,True,True,False,False,1.0,-0.030000000000000027,,2.235525,,2026-09-11T15:33:31.451154+00:00,2026-09-11T15:33:33.686679+00:00,outcome_then_twap_confirmed,
run_1789139786_e607c3d1,BTC-15M-MAKER-SELL-1789140828611,btc-updown-15m-1789140600,False,False,0xe4ddcca996be73de5992e7e5e3813db131533c505babd1fd9ad316551c119252-35244619115292700141037218763773395170126082764871982128415335623736789575664.POLYMARKET,SELL,unknown,maker,0.97,10.3003669912088,0,,0,True,False,True,False,,,,,234.559145,2026-09-11T15:33:48.616879+00:00,,,
run_1789139786_e607c3d1,BTC-15M-RECOVERY-PASSIVE-1789141067459,btc-updown-15m-1789140600,False,False,0xe4ddcca996be73de5992e7e5e3813db131533c505babd1fd9ad316551c119252-35244619115292700141037218763773395170126082764871982128415335623736789575664.POLYMARKET,SELL,unknown,other,0.36,10.300366,10.300366,0.39000000000000007,1,False,True,False,False,1.0,,-0.030000000000000082,,,2026-09-11T15:37:47.496352+00:00,2026-09-11T15:37:48.997688+00:00,invalidation_recovery,-2.540896674564912
run_1789139786_e607c3d1,BTC-15M-FAST-FOLLOW-BUY-1789141843282,btc-updown-15m-1789141500,False,False,0xd43f5a98ab9d83e9f7d847af749340d27e824743a21e25337340942587e38414-44355296160661310524286461098052234353387814524822799030007187330414598932933.POLYMARKET,BUY,outcome_fast_follow,fast_follow,0.9,5.5,5.5,0.9,1,True,True,False,False,1.0,0.0,,2.251354,,2026-09-11T15:50:43.303636+00:00,2026-09-11T15:50:45.554990+00:00,outcome_then_twap_confirmed,
run_1789139786_e607c3d1,BTC-15M-MAKER-SELL-1789141856478,btc-updown-15m-1789141500,False,False,0xd43f5a98ab9d83e9f7d847af749340d27e824743a21e25337340942587e38414-44355296160661310524286461098052234353387814524822799030007187330414598932933.POLYMARKET,SELL,unknown,maker,0.97,5.46436,5.46436,0.97,1,True,True,False,False,1.0,,0.0,66.743465,,2026-09-11T15:50:56.480757+00:00,2026-09-11T15:52:03.224222+00:00,,0.3825052
run_1789139786_e607c3d1,BTC-15M-FAST-FOLLOW-BUY-1789142711297,btc-updown-15m-1789142400,False,False,0x93748a596f5b7adec491c032cc1b82c8ba83d41297e723b5df829a89df135a79-74852018422757654682781200701880189527027891877910973953100263262776356666009.POLYMARKET,BUY,outcome_fast_follow,fast_follow,0.8,5.5,0,,0,True,False,False,False,,,,,,2026-09-11T16:05:11.314503+00:00,,outcome_then_twap_confirmed,
run_1789147039_23d7d189,BTC-15M-FAST-FOLLOW-BUY-1789147325115,btc-updown-15m-1789146900,False,False,0xea69cf414ae8f417f3a8263be5302e2c3c06ce0438cf58c5b2316f7503943c6d-34810841080733922797807136372588993831889175475012716365700078136725158474133.POLYMARKET,BUY,outcome_fast_follow,fast_follow,0.75,5.48,6.227273,0.66,1,True,True,False,False,1.0,-0.08999999999999997,,4.228989,,2026-09-11T17:22:05.133636+00:00,2026-09-11T17:22:09.362625+00:00,outcome_then_twap_confirmed,
run_1789147039_23d7d189,BTC-15M-MAKER-SELL-1789147340129,btc-updown-15m-1789146900,False,False,0xea69cf414ae8f417f3a8263be5302e2c3c06ce0438cf58c5b2316f7503943c6d-34810841080733922797807136372588993831889175475012716365700078136725158474133.POLYMARKET,SELL,unknown,maker,0.97,6.1266601955936,0,,0,True,False,True,False,,,,,341.300015,2026-09-11T17:22:20.155808+00:00,,,
run_1789147039_23d7d189,BTC-15M-TAKER-EXIT-1789147680436,btc-updown-15m-1789146900,False,False,0xea69cf414ae8f417f3a8263be5302e2c3c06ce0438cf58c5b2316f7503943c6d-34810841080733922797807136372588993831889175475012716365700078136725158474133.POLYMARKET,SELL,unknown,other,0.01,6.12666,6.12666,0.02,1,False,True,False,False,1.0,,-0.01,,,2026-09-11T17:28:00.439887+00:00,2026-09-11T17:28:02.894655+00:00,endgame_twap_stop_loss,-3.92123531885184
run_1789386194_d77f7168,BTC-15M-FAST-FOLLOW-BUY-1789387534018,btc-updown-15m-1789387200,False,False,0xbeeeef6e1c902dab3c4bfec5858329ebd5f8ae9c4f16a3892c206dd2d8343b0c-28142513493480015907349831123097365123818203354363375047723451850330617413649.POLYMARKET,BUY,outcome_fast_follow,fast_follow,0.84,5.5,5.634147,0.82,1,True,True,False,False,1.0,-0.020000000000000018,,4.494928,,2026-09-14T12:05:34.072674+00:00,2026-09-14T12:05:38.567602+00:00,outcome_then_twap_confirmed,
run_1789386194_d77f7168,BTC-15M-MAKER-SELL-1789387552647,btc-updown-15m-1789387200,False,False,0xbeeeef6e1c902dab3c4bfec5858329ebd5f8ae9c4f16a3892c206dd2d8343b0c-28142513493480015907349831123097365123818203354363375047723451850330617413649.POLYMARKET,SELL,unknown,maker,0.97,5.5742717930016,5.574272,0.9699999999999999,1,True,True,False,False,1.0,,1.1102230246251565e-16,386.644155,,2026-09-14T12:05:52.672589+00:00,2026-09-14T12:12:19.316744+00:00,,0.83614076895024
run_1789386194_d77f7168,BTC-15M-FAST-FOLLOW-BUY-1789389347375,btc-updown-15m-1789389000,False,False,0x4a705f76a1e3da272328159dd02dd9139bcd81ac8f2eabd8df37f2788d972cbc-104277754570978136352681416309548182378348060265478477642660600317871203385435.POLYMARKET,BUY,outcome_fast_follow,fast_follow,0.88,5.5,5.7619,0.8399999999999999,1,True,True,False,False,1.0,-0.04000000000000015,,2.374067,,2026-09-14T12:35:47.401361+00:00,2026-09-14T12:35:49.775428+00:00,outcome_then_twap_confirmed,
run_1789386194_d77f7168,BTC-15M-MAKER-SELL-1789389361665,btc-updown-15m-1789389000,False,False,0x4a705f76a1e3da272328159dd02dd9139bcd81ac8f2eabd8df37f2788d972cbc-104277754570978136352681416309548182378348060265478477642660600317871203385435.POLYMARKET,SELL,unknown,maker,0.97,5.70614324608,5.706143,0.97,1,True,True,False,True,0.9999999568745492,,0.0,315.337682,,2026-09-14T12:36:01.674232+00:00,2026-09-14T12:41:17.011914+00:00,,0.74179859
run_1789393085_ddd3969a,BTC-15M-FAST-FOLLOW-BUY-1789393792695,btc-updown-15m-1789393500,False,False,0xf3a63685956cb9b475d7da356c4b4c5cbb5b47fcbca19506abd966f81e451aee-3323273178368495948369674933105559380876988467887209861110557388717251332010.POLYMARKET,BUY,outcome_fast_follow,fast_follow,0.9,5.5,0,,0,True,False,False,False,,,,,,2026-09-14T13:49:52.741534+00:00,,outcome_then_twap_confirmed,
run_1789393085_ddd3969a,BTC-15M-FAST-FOLLOW-BUY-1789394596376,btc-updown-15m-1789394400,False,False,0x2c26a91c98368d330248247a4bd7ce6d9cac234c6f55f9d499f1ec4faf04e21e-48087117032508445686019288993475760317691569424984587216380460868513192769308.POLYMARKET,BUY,outcome_fast_follow,fast_follow,0.77,5.0,0,,0,True,False,False,False,,,,,,2026-09-14T14:03:16.616002+00:00,,outcome_then_twap_confirmed,
run_1789393085_ddd3969a,BTC-15M-FAST-FOLLOW-BUY-1789395564350,btc-updown-15m-1789395300,False,False,0x084cf7c1de59c3f56772c57bcdbfde3fa87dc3ce23c1405d1ed6cda916a40daa-65487325422763182815466373779556042611874744865387727995857331201067554932860.POLYMARKET,BUY,outcome_fast_follow,fast_follow,0.73,5.0,5.367646,0.68,1,True,True,False,False,1.0,-0.04999999999999993,,3.436655,,2026-09-14T14:19:24.400004+00:00,2026-09-14T14:19:27.836659+00:00,outcome_then_twap_confirmed,
run_1789393085_ddd3969a,BTC-15M-MAKER-SELL-1789395580596,btc-updown-15m-1789395300,False,False,0x084cf7c1de59c3f56772c57bcdbfde3fa87dc3ce23c1405d1ed6cda916a40daa-65487325422763182815466373779556042611874744865387727995857331201067554932860.POLYMARKET,SELL,unknown,maker,0.97,5.2835500165888,0,,0,True,False,True,False,,,,,184.055737,2026-09-14T14:19:40.612557+00:00,,,
run_1789393085_ddd3969a,BTC-15M-MAKER-SELL-1789395765858,btc-updown-15m-1789395300,False,False,0x084cf7c1de59c3f56772c57bcdbfde3fa87dc3ce23c1405d1ed6cda916a40daa-65487325422763182815466373779556042611874744865387727995857331201067554932860.POLYMARKET,SELL,unknown,maker,0.97,5.2835500165888,0,,0,True,False,True,False,,,,,48.287209,2026-09-14T14:22:45.896640+00:00,,,
run_1789393085_ddd3969a,BTC-15M-MAKER-SELL-1789395818658,btc-updown-15m-1789395300,False,False,0x084cf7c1de59c3f56772c57bcdbfde3fa87dc3ce23c1405d1ed6cda916a40daa-65487325422763182815466373779556042611874744865387727995857331201067554932860.POLYMARKET,SELL,unknown,maker,0.97,5.2835500165888,0,,0,True,False,True,False,,,,,49.718014,2026-09-14T14:23:38.676221+00:00,,,
run_1789393085_ddd3969a,BTC-15M-MAKER-SELL-1789395870887,btc-updown-15m-1789395300,False,False,0x084cf7c1de59c3f56772c57bcdbfde3fa87dc3ce23c1405d1ed6cda916a40daa-65487325422763182815466373779556042611874744865387727995857331201067554932860.POLYMARKET,SELL,unknown,maker,0.97,5.2835500165888,0,,0,True,False,True,False,,,,,48.947794,2026-09-14T14:24:30.911633+00:00,,,
run_1789393085_ddd3969a,BTC-15M-MAKER-SELL-1789395920306,btc-updown-15m-1789395300,False,False,0x084cf7c1de59c3f56772c57bcdbfde3fa87dc3ce23c1405d1ed6cda916a40daa-65487325422763182815466373779556042611874744865387727995857331201067554932860.POLYMARKET,SELL,unknown,maker,0.97,5.2835500165888,0,,0,True,False,True,False,,,,,47.776726,2026-09-14T14:25:20.323159+00:00,,,
run_1789393085_ddd3969a,BTC-15M-MAKER-SELL-1789395972274,btc-updown-15m-1789395300,False,False,0x084cf7c1de59c3f56772c57bcdbfde3fa87dc3ce23c1405d1ed6cda916a40daa-65487325422763182815466373779556042611874744865387727995857331201067554932860.POLYMARKET,SELL,unknown,maker,0.97,5.2835500165888,0,,0,True,False,True,False,,,,,47.220364,2026-09-14T14:26:12.324291+00:00,,,
run_1789393085_ddd3969a,BTC-15M-MAKER-SELL-1789396020554,btc-updown-15m-1789395300,False,False,0x084cf7c1de59c3f56772c57bcdbfde3fa87dc3ce23c1405d1ed6cda916a40daa-65487325422763182815466373779556042611874744865387727995857331201067554932860.POLYMARKET,SELL,unknown,maker,0.97,5.2835500165888,0,,0,True,False,True,False,,,,,46.302086,2026-09-14T14:27:00.574503+00:00,,,
run_1789393085_ddd3969a,BTC-15M-MAKER-SELL-1789396067896,btc-updown-15m-1789395300,False,False,0x084cf7c1de59c3f56772c57bcdbfde3fa87dc3ce23c1405d1ed6cda916a40daa-65487325422763182815466373779556042611874744865387727995857331201067554932860.POLYMARKET,SELL,unknown,maker,0.97,5.2835500165888,0,,0,True,False,True,False,,,,,13.700269,2026-09-14T14:27:47.911969+00:00,,,
run_1789393085_ddd3969a,BTC-15M-TAKER-EXIT-1789396080422,btc-updown-15m-1789395300,False,False,0x084cf7c1de59c3f56772c57bcdbfde3fa87dc3ce23c1405d1ed6cda916a40daa-65487325422763182815466373779556042611874744865387727995857331201067554932860.POLYMARKET,SELL,unknown,other,0.02,5.28355,5.28355,0.03,1,False,True,False,False,1.0,,-0.009999999999999998,,,2026-09-14T14:28:00.429173+00:00,2026-09-14T14:28:03.352467+00:00,endgame_twap_stop_loss,-3.4346396028188
run_1789393085_ddd3969a,BTC-15M-FAST-FOLLOW-BUY-1789396670167,btc-updown-15m-1789396200,False,False,0x6477449cd9fde9bab81aec04ca6308d27c56f6b3b45791ea4e2746341f2618ef-22349743748879328302997733495569086868182981845753180483256675313834045873485.POLYMARKET,BUY,outcome_fast_follow,fast_follow,0.73,5.0,5.214286,0.7,1,True,True,False,False,1.0,-0.030000000000000027,,5.181111,,2026-09-14T14:37:50.200834+00:00,2026-09-14T14:37:55.381945+00:00,outcome_then_twap_confirmed,
run_1789393085_ddd3969a,BTC-15M-MAKER-SELL-1789396687272,btc-updown-15m-1789396200,False,False,0x6477449cd9fde9bab81aec04ca6308d27c56f6b3b45791ea4e2746341f2618ef-22349743748879328302997733495569086868182981845753180483256675313834045873485.POLYMARKET,SELL,unknown,maker,0.97,5.13544599568,0,,0,True,False,True,False,,,,,359.832766,2026-09-14T14:38:07.282626+00:00,,,
run_1789393085_ddd3969a,BTC-15M-TAKER-EXIT-1789397044983,btc-updown-15m-1789396200,False,False,0x6477449cd9fde9bab81aec04ca6308d27c56f6b3b45791ea4e2746341f2618ef-22349743748879328302997733495569086868182981845753180483256675313834045873485.POLYMARKET,SELL,unknown,other,0.15,5.135445,5.135445,0.15,1,False,True,False,False,1.0,,0.0,,,2026-09-14T14:44:05.003751+00:00,2026-09-14T14:44:08.177549+00:00,offside_near_close,-2.831566257765
run_1789735663_25955924,BTC-15M-FAST-FOLLOW-BUY-1789735991879,btc-updown-15m-1789735500,False,False,0x785bbfd76937ca05507533e2cc4d0b6e825e5fe1ab01a70821701f7e65b37489-78768562765796151890916386426606648184737744619033092308156863409223387775806.POLYMARKET,BUY,outcome_fast_follow,fast_follow,0.86,5.5,5.564706,0.85,1,True,True,False,False,1.0,-0.010000000000000009,,4.049392,,2026-09-18T12:53:11.942360+00:00,2026-09-18T12:53:15.991752+00:00,outcome_then_twap_confirmed,
run_1789735663_25955924,BTC-15M-MAKER-SELL-1789736011827,btc-updown-15m-1789735500,False,False,0x785bbfd76937ca05507533e2cc4d0b6e825e5fe1ab01a70821701f7e65b37489-78768562765796151890916386426606648184737744619033092308156863409223387775806.POLYMARKET,SELL,unknown,maker,0.97,5.51362199892,5.501856,0.97,2,True,True,False,True,0.9978660127730367,,0.0,157.350081,,2026-09-18T12:53:31.832058+00:00,2026-09-18T12:56:09.182139+00:00,,0.6602227199999999
run_1789735663_25955924,BTC-15M-FAST-FOLLOW-BUY-1789737519791,btc-updown-15m-1789737300,False,False,0x2f7177f0d76a227d14347b6af00edceb8a91afb62b0e83ae1f3bcd586b4356fe-38045006142122670801486879353345706032469377699616225109329481566285301859214.POLYMARKET,BUY,outcome_fast_follow,fast_follow,0.79,5.0,5.0641,0.78,1,True,True,False,False,1.0,-0.010000000000000009,,2.365613,,2026-09-18T13:18:39.824883+00:00,2026-09-18T13:18:42.190496+00:00,outcome_then_twap_confirmed,
run_1789735663_25955924,BTC-15M-MAKER-SELL-1789737532822,btc-updown-15m-1789737300,False,False,0x2f7177f0d76a227d14347b6af00edceb8a91afb62b0e83ae1f3bcd586b4356fe-38045006142122670801486879353345706032469377699616225109329481566285301859214.POLYMARKET,SELL,unknown,maker,0.97,5.00153203168,5.0,0.97,2,True,True,False,True,0.9996936875200846,,0.0,530.109219,,2026-09-18T13:18:52.824633+00:00,2026-09-18T13:27:42.933852+00:00,,0.95
run_1789735663_25955924,BTC-15M-FAST-FOLLOW-BUY-1789738380130,btc-updown-15m-1789738200,False,False,0x7e75490d6218e8155cb25ee52113ee7a09dab3a0c2834e59c79b0e9b1855d2bb-73529352152955595073359364008511155623854487660154377767150165196580737995003.POLYMARKET,BUY,outcome_fast_follow,fast_follow,0.7,10.0,10.44776,0.67,1,True,True,False,False,1.0,-0.029999999999999916,,2.284077,,2026-09-18T13:33:00.162650+00:00,2026-09-18T13:33:02.446727+00:00,outcome_then_twap_confirmed,
run_1789735663_25955924,BTC-15M-MAKER-SELL-1789738393279,btc-updown-15m-1789738200,False,False,0x7e75490d6218e8155cb25ee52113ee7a09dab3a0c2834e59c79b0e9b1855d2bb-73529352152955595073359364008511155623854487660154377767150165196580737995003.POLYMARKET,SELL,unknown,maker,0.97,10.281440019008,10.28,0.9700000000000001,2,True,True,False,True,0.9998599399495266,,-1.1102230246251565e-16,287.125397,,2026-09-18T13:33:13.282854+00:00,2026-09-18T13:38:00.408251+00:00,,3.0839999999999996
run_1789739288_d200e461,BTC-15M-FAST-FOLLOW-BUY-1789740254293,btc-updown-15m-1789740000,False,False,0x68cb2d458749bfb8bcd8917d9599663d9520a3a3d3a99bf235a13cd6aea57ae5-107902098384112912014992372909878871203615887333983240959338756701345607104019.POLYMARKET,BUY,outcome_fast_follow,fast_follow,0.79,5.0,5.197366,0.76,1,True,True,False,False,1.0,-0.030000000000000027,,4.427385,,2026-09-18T14:04:14.325768+00:00,2026-09-18T14:04:18.753153+00:00,outcome_then_twap_confirmed,
run_1789739288_d200e461,BTC-15M-MAKER-SELL-1789740270013,btc-updown-15m-1789740000,False,False,0x68cb2d458749bfb8bcd8917d9599663d9520a3a3d3a99bf235a13cd6aea57ae5-107902098384112912014992372909878871203615887333983240959338756701345607104019.POLYMARKET,SELL,unknown,maker,0.97,5.1291100317952,5.12,0.97,2,True,True,False,True,0.9982238572113432,,0.0,425.041591,,2026-09-18T14:04:30.016672+00:00,2026-09-18T14:11:35.058263+00:00,,1.0752
run_1789744314_58e8299d,BTC-15M-FAST-FOLLOW-BUY-1789745765767,btc-updown-15m-1789745400,False,False,0xd7a92a2f66ecad5099d295f9d4b86a3003c5c406cfe7d55cf8497fde692c5b80-66755980507703833437772387831662226394558181386079747045269743849409900693746.POLYMARKET,BUY,outcome_fast_follow,fast_follow,0.86,5.5,5.839507,0.81,1,True,True,False,False,1.0,-0.04999999999999993,,7.848211,,2026-09-18T15:36:05.822428+00:00,2026-09-18T15:36:13.670639+00:00,outcome_then_twap_confirmed,
run_1789744314_58e8299d,BTC-15M-MAKER-SELL-1789745785619,btc-updown-15m-1789745400,False,False,0xd7a92a2f66ecad5099d295f9d4b86a3003c5c406cfe7d55cf8497fde692c5b80-66755980507703833437772387831662226394558181386079747045269743849409900693746.POLYMARKET,SELL,unknown,maker,0.97,5.7748005908344,5.774801,0.97,1,True,True,False,False,1.0,,0.0,282.467957,,2026-09-18T15:36:25.637824+00:00,2026-09-18T15:41:08.105781+00:00,,0.923968094533504
run_1789744314_58e8299d,BTC-15M-FAST-FOLLOW-BUY-1789746560267,btc-updown-15m-1789746300,False,False,0x582d469051d33d8d365aeb3f441025f16e20efdf71757fa77efe5f6e80495291-112092526830006525831045088623731003969571318943943566113977147037526254241210.POLYMARKET,BUY,outcome_fast_follow,fast_follow,0.66,10.0,10.153845,0.65,1,True,True,False,False,1.0,-0.010000000000000009,,2.298301,,2026-09-18T15:49:20.284866+00:00,2026-09-18T15:49:22.583167+00:00,outcome_then_twap_confirmed,
run_1789744314_58e8299d,BTC-15M-MAKER-SELL-1789746575085,btc-updown-15m-1789746300,False,False,0x582d469051d33d8d365aeb3f441025f16e20efdf71757fa77efe5f6e80495291-112092526830006525831045088623731003969571318943943566113977147037526254241210.POLYMARKET,SELL,unknown,maker,0.97,9.9875250189,19.967525000000002,0.4851827780358356,2,True,True,False,False,1.0,,0.4848172219641644,682.645495,,2026-09-18T15:49:35.086727+00:00,2026-09-18T16:00:57.732222+00:00,,
run_1789747940_38fc3f4b,BTC-15M-FAST-FOLLOW-BUY-1789748316930,btc-updown-15m-1789748100,False,False,0x443162a293ab05e9985d26c1f2a4b38703d31ef2b7a205f2a811974bb06bd282-25771711618212122064013242618825185875546505660570625162111849041221174657451.POLYMARKET,BUY,outcome_fast_follow,fast_follow,0.76,5.5,5.5,0.7599999999999999,1,True,True,False,False,1.0,-1.1102230246251565e-16,,4.618828,,2026-09-18T16:18:36.960834+00:00,2026-09-18T16:18:41.579662+00:00,outcome_then_twap_confirmed,
run_1789747940_38fc3f4b,BTC-15M-MAKER-SELL-1789748336280,btc-updown-15m-1789748100,False,False,0x443162a293ab05e9985d26c1f2a4b38703d31ef2b7a205f2a811974bb06bd282-25771711618212122064013242618825185875546505660570625162111849041221174657451.POLYMARKET,SELL,unknown,maker,0.97,5.4277696,10.84777,0.4853473939805139,2,True,True,False,False,1.0,,0.48465260601948607,679.182024,,2026-09-18T16:18:56.308953+00:00,2026-09-18T16:30:15.490977+00:00,,1.139831616
run_1789751566_210e70da,BTC-15M-FAST-FOLLOW-BUY-1789751981209,btc-updown-15m-1789751700,False,False,0xa86a76f030d5d919a6b41c8be5f33159ba0574d8d04d930548de2b3fe4c95947-106708415503747309974977241846718483813245410609357926632226776805046071439544.POLYMARKET,BUY,outcome_fast_follow,fast_follow,0.75,5.48,5.788733,0.71,1,True,True,False,False,1.0,-0.040000000000000036,,4.405627,,2026-09-18T17:19:41.229038+00:00,2026-09-18T17:19:45.634665+00:00,outcome_then_twap_confirmed,
run_1789751566_210e70da,BTC-15M-MAKER-SELL-1789751996272,btc-updown-15m-1789751700,False,False,0xa86a76f030d5d919a6b41c8be5f33159ba0574d8d04d930548de2b3fe4c95947-106708415503747309974977241846718483813245410609357926632226776805046071439544.POLYMARKET,SELL,unknown,maker,0.97,5.7029161910216,5.702916,0.9700000000000001,1,True,True,False,True,0.9999999665045752,,-1.1102230246251565e-16,239.341474,,2026-09-18T17:19:56.274070+00:00,2026-09-18T17:23:55.615544+00:00,,1.48275816
run_1789751566_210e70da,BTC-15M-FAST-FOLLOW-BUY-1789753099102,btc-updown-15m-1789752600,False,False,0x9468ce6f08dc3501a53bb9bc584e91fae703d65f2f94ae8cc7cf03fbfd0fe52f-97611860939277452191284585088700400296749671230919288544828267365263690888446.POLYMARKET,BUY,outcome_fast_follow,fast_follow,0.87,5.0,5.117646,0.85,1,True,True,False,False,1.0,-0.020000000000000018,,2.223987,,2026-09-18T17:38:19.118030+00:00,2026-09-18T17:38:21.342017+00:00,outcome_then_twap_confirmed,
run_1789751566_210e70da,BTC-15M-MAKER-SELL-1789753113323,btc-updown-15m-1789752600,False,False,0x9468ce6f08dc3501a53bb9bc584e91fae703d65f2f94ae8cc7cf03fbfd0fe52f-97611860939277452191284585088700400296749671230919288544828267365263690888446.POLYMARKET,SELL,unknown,maker,0.97,5.07066600972,0,,0,True,False,True,False,,,,,357.481615,2026-09-18T17:38:33.328199+00:00,,,
run_1789751566_210e70da,BTC-15M-TAKER-EXIT-1789753469736,btc-updown-15m-1789752600,False,False,0x9468ce6f08dc3501a53bb9bc584e91fae703d65f2f94ae8cc7cf03fbfd0fe52f-97611860939277452191284585088700400296749671230919288544828267365263690888446.POLYMARKET,SELL,unknown,other,0.04,5.070666,5.070666,0.02,1,False,True,False,False,1.0,,0.02,,,2026-09-18T17:44:29.808217+00:00,2026-09-18T17:44:32.184770+00:00,offside_near_close,-4.208795894477184
run_1789751566_210e70da,BTC-15M-FAST-FOLLOW-BUY-1789753700560,btc-updown-15m-1789753500,False,False,0x9e2dd1d028854cea5676b1dd5a5ea49239b93ba64899ae3c7775c5b5b2355f7b-58985696996883364095130802218884531868961549107712773659617951420789461941704.POLYMARKET,BUY,outcome_fast_follow,fast_follow,0.8,5.5,5.569621,0.7900000000000001,1,True,True,False,False,1.0,-0.009999999999999898,,2.240685,,2026-09-18T17:48:20.578852+00:00,2026-09-18T17:48:22.819537+00:00,outcome_then_twap_confirmed,
run_1789751566_210e70da,BTC-15M-MAKER-SELL-1789753713393,btc-updown-15m-1789753500,False,False,0x9e2dd1d028854cea5676b1dd5a5ea49239b93ba64899ae3c7775c5b5b2355f7b-58985696996883364095130802218884531868961549107712773659617951420789461941704.POLYMARKET,SELL,unknown,maker,0.97,5.5030929910792,5.503093,0.97,1,True,True,False,False,1.0,,0.0,440.544293,,2026-09-18T17:48:33.397851+00:00,2026-09-18T17:55:53.942144+00:00,,0.990556738394256
run_1789751566_210e70da,BTC-15M-FAST-FOLLOW-BUY-1789754629301,btc-updown-15m-1789754400,False,False,0xf5ee533a85332d8ed272db955c43863f8fd48f52359c72bace2bb155615d51ef-94709732384770967286853105608176109676743060752667156658684462103560515966499.POLYMARKET,BUY,outcome_fast_follow,fast_follow,0.86,5.5,5.768293,0.82,1,True,True,False,False,1.0,-0.040000000000000036,,2.243847,,2026-09-18T18:03:49.329519+00:00,2026-09-18T18:03:51.573366+00:00,outcome_then_twap_confirmed,
run_1789751566_210e70da,BTC-15M-MAKER-SELL-1789754641868,btc-updown-15m-1789754400,False,False,0xf5ee533a85332d8ed272db955c43863f8fd48f52359c72bace2bb155615d51ef-94709732384770967286853105608176109676743060752667156658684462103560515966499.POLYMARKET,SELL,unknown,maker,0.97,5.7069921966304,5.706992,0.97,1,True,True,False,True,0.9999999655457037,,0.0,498.351766,,2026-09-18T18:04:01.872892+00:00,2026-09-18T18:12:20.224658+00:00,,0.8560488
