market_slug,weekend_et,weekend_utc,public_status,public_trade_count,public_volume_shares,public_volume_usdc_estimate,median_trade_size,p10_trade_size,p90_trade_size,max_no_trade_interval_sec,trade_frequency_per_sec,price_history_points,realized_volatility,price_jump_count_gt_5c,historical_spread,historical_l2_depth,price_history_source,signal_observations,entry_attempts,submitted_orders,filled_orders,cancelled_orders,stop_loss_exits,emergency_exits,spread,depth_1c,depth_2c,depth_5c,quote_age_sec,quote_update_rate,trade_frequency,recent_volume,liquidity_score,liquidity_score_feature_count,market_start_epoch,sample_group,sample_frame_start,sample_frame_end,local_date,local_hour,time_bucket,week_index,entry_edge_samples,local_quote_samples,fill_markout_samples,top_bid_size_median,top_ask_size_median,depth_source
btc-updown-15m-1785135600,False,False,SUCCESS_PUBLIC_HISTORY,1297,28356.335429,13744.754135047297,10.0,1.8837135999999999,44.0,15.0,1.441111111111111,0,,0,,,PUBLIC_HISTORICAL,0,0,0,0,0,0,0,,,,,,,1.441111111111111,28356.335429,,2,1785135600,weekday,2026-07-27,2026-09-20,2026-07-27,3,00-06,0,,,,,,
btc-updown-15m-1785243600,False,False,SUCCESS_PUBLIC_HISTORY,957,27062.055302,15295.82755903243,9.090908,1.7675000000000007,50.0,21.0,1.0633333333333332,0,,0,,,PUBLIC_HISTORICAL,0,0,0,0,0,0,0,,,,,,,1.0633333333333332,27062.055302,,2,1785243600,weekday,2026-07-27,2026-09-20,2026-07-28,9,06-12,0,,,,,,
btc-updown-15m-1785351600,False,False,SUCCESS_PUBLIC_HISTORY,804,16609.269912,9338.201451068628,6.4072215,0.02,42.69677240000002,24.0,0.8933333333333333,0,,0,,,PUBLIC_HISTORICAL,0,0,0,0,0,0,0,,,,,,,0.8933333333333333,16609.269912,,2,1785351600,weekday,2026-07-27,2026-09-20,2026-07-29,15,12-18,0,,,,,,
btc-updown-15m-1785373200,False,False,SUCCESS_PUBLIC_HISTORY,886,21866.700352,12343.93279099252,9.045454,1.28205,50.955200000000005,24.0,0.9844444444444445,0,,0,,,PUBLIC_HISTORICAL,0,0,0,0,0,0,0,,,,,,,0.9844444444444445,21866.700352,,2,1785373200,weekday,2026-07-27,2026-09-20,2026-07-29,21,18-24,0,,,,,,
btc-updown-15m-1785459600,False,False,SUCCESS_PUBLIC_HISTORY,464,34116.96792,18776.554917009013,10.407608499999998,1.0204,102.43973619999997,162.0,0.5155555555555555,0,,0,,,PUBLIC_HISTORICAL,0,0,0,0,0,0,0,,,,,,,0.5155555555555555,34116.96792,,2,1785459600,weekday,2026-07-27,2026-09-20,2026-07-30,21,18-24,0,,,,,,
btc-updown-15m-1785481200,False,False,SUCCESS_PUBLIC_HISTORY,782,17995.73827,9961.264791940419,10.0,1.2710000000000001,50.0,64.0,0.8688888888888889,0,,0,,,PUBLIC_HISTORICAL,0,0,0,0,0,0,0,,,,,,,0.8688888888888889,17995.73827,,2,1785481200,weekday,2026-07-27,2026-09-20,2026-07-31,3,00-06,0,,,,,,
btc-updown-15m-1785567600,True,True,SUCCESS_PUBLIC_HISTORY,507,10404.422724,5519.518586000121,7.07,2.0,47.38973500000001,21.0,0.5633333333333334,0,,0,,,PUBLIC_HISTORICAL,0,0,0,0,0,0,0,,,,,,,0.5633333333333334,10404.422724,,2,1785567600,weekend,2026-07-27,2026-09-20,2026-08-01,3,00-06,0,,,,,,
btc-updown-15m-1785589200,True,True,SUCCESS_PUBLIC_HISTORY,977,20495.629756,10743.684731000287,8.0,2.0,50.0,15.0,1.0855555555555556,0,,0,,,PUBLIC_HISTORICAL,0,0,0,0,0,0,0,,,,,,,1.0855555555555556,20495.629756,,2,1785589200,weekend,2026-07-27,2026-09-20,2026-08-01,9,06-12,0,,,,,,
btc-updown-15m-1785610800,True,True,SUCCESS_PUBLIC_HISTORY,1272,21521.729254,11054.270632865566,6.0,1.5406140000000001,28.0,13.0,1.4133333333333333,0,,0,,,PUBLIC_HISTORICAL,0,0,0,0,0,0,0,,,,,,,1.4133333333333333,21521.729254,,2,1785610800,weekend,2026-07-27,2026-09-20,2026-08-01,15,12-18,0,,,,,,
btc-updown-15m-1785675600,True,True,SUCCESS_PUBLIC_HISTORY,772,13464.494222,7698.129069981599,6.053105,2.0,39.534393800000004,24.0,0.8577777777777778,0,,0,,,PUBLIC_HISTORICAL,0,0,0,0,0,0,0,,,,,,,0.8577777777777778,13464.494222,,2,1785675600,weekend,2026-07-27,2026-09-20,2026-08-02,9,06-12,0,,,,,,
btc-updown-15m-1785697200,True,True,SUCCESS_PUBLIC_HISTORY,780,13678.475484,7287.160411001382,7.0,2.0,33.06640250000002,18.0,0.8666666666666667,0,,0,,,PUBLIC_HISTORICAL,0,0,0,0,0,0,0,,,,,,,0.8666666666666667,13678.475484,,2,1785697200,weekend,2026-07-27,2026-09-20,2026-08-02,15,12-18,0,,,,,,
btc-updown-15m-1785718800,True,False,SUCCESS_PUBLIC_HISTORY,1021,16346.667036,8530.155190955953,6.15,1.12359,28.571427,69.0,1.1344444444444444,0,,0,,,PUBLIC_HISTORICAL,0,0,0,0,0,0,0,,,,,,,1.1344444444444444,16346.667036,,2,1785718800,weekend,2026-07-27,2026-09-20,2026-08-02,21,18-24,0,,,,,,
btc-updown-15m-1785762000,False,False,SUCCESS_PUBLIC_HISTORY,806,15532.059285,8274.663511976416,6.042571000000001,1.369862,35.0,30.0,0.8955555555555555,0,,0,,,PUBLIC_HISTORICAL,0,0,0,0,0,0,0,,,,,,,0.8955555555555555,15532.059285,,2,1785762000,weekday,2026-07-27,2026-09-20,2026-08-03,9,06-12,1,,,,,,
btc-updown-15m-1785870000,False,False,SUCCESS_PUBLIC_HISTORY,1029,25703.501666,12481.574401002827,8.0,1.928615,50.65454000000002,12.0,1.1433333333333333,0,,0,,,PUBLIC_HISTORICAL,0,0,0,0,0,0,0,,,,,,,1.1433333333333333,25703.501666,,2,1785870000,weekday,2026-07-27,2026-09-20,2026-08-04,15,12-18,1,,,,,,
btc-updown-15m-1785891600,False,False,SUCCESS_PUBLIC_HISTORY,1093,22454.348855,12278.461073035536,7.936505,1.6143216,35.0,15.0,1.2144444444444444,0,,0,,,PUBLIC_HISTORICAL,0,0,0,0,0,0,0,,,,,,,1.2144444444444444,22454.348855,,2,1785891600,weekday,2026-07-27,2026-09-20,2026-08-04,21,18-24,1,,,,,,
btc-updown-15m-1785913200,False,False,SUCCESS_PUBLIC_HISTORY,797,16274.770026,9008.718352996584,7.14,1.6557362000000002,43.15599999999999,75.0,0.8855555555555555,8,0.45612498287201947,6,,,PUBLIC_HISTORICAL,0,0,0,0,0,0,0,,,,,,,0.8855555555555555,16274.770026,,2,1785913200,weekday,2026-07-27,2026-09-20,2026-08-05,3,00-06,1,,,,,,
btc-updown-15m-1786021200,False,False,SUCCESS_PUBLIC_HISTORY,818,29455.193111,16732.043134968928,9.36335,2.0,73.9700000000002,90.0,0.9088888888888889,8,0.5199240329125016,4,,,PUBLIC_HISTORICAL,0,0,0,0,0,0,0,,,,,,,0.9088888888888889,29455.193111,,2,1786021200,weekday,2026-07-27,2026-09-20,2026-08-06,9,06-12,1,,,,,,
btc-updown-15m-1786129200,False,False,SUCCESS_PUBLIC_HISTORY,526,22263.27174,12287.734418968397,11.420531,2.0,104.546391,78.0,0.5844444444444444,8,0.5200480747007915,4,,,PUBLIC_HISTORICAL,0,0,0,0,0,0,0,,,,,,,0.5844444444444444,22263.27174,,2,1786129200,weekday,2026-07-27,2026-09-20,2026-08-07,15,12-18,1,,,,,,
btc-updown-15m-1786172400,True,True,SUCCESS_PUBLIC_HISTORY,791,18399.254189,10049.4379739343,8.0,1.0309,55.0,30.0,0.8788888888888889,8,0.7035978965289763,2,,,PUBLIC_HISTORICAL,0,0,0,0,0,0,0,,,,,,,0.8788888888888889,18399.254189,,2,1786172400,weekend,2026-07-27,2026-09-20,2026-08-08,3,00-06,1,,,,,,
btc-updown-15m-1786215600,True,True,SUCCESS_PUBLIC_HISTORY,769,24646.215184,13560.758346009745,10.0,2.02325,80.75800000000007,60.0,0.8544444444444445,8,0.4930010141977398,6,,,PUBLIC_HISTORICAL,0,0,0,0,0,0,0,,,,,,,0.8544444444444445,24646.215184,,2,1786215600,weekend,2026-07-27,2026-09-20,2026-08-08,15,12-18,1,,,,,,
btc-updown-15m-1786237200,True,True,SUCCESS_PUBLIC_HISTORY,716,11266.551925,5129.718778995707,6.0,1.668276,34.056424,17.0,0.7955555555555556,8,0.7092601779319068,6,,,PUBLIC_HISTORICAL,0,0,0,0,0,0,0,,,,,,,0.7955555555555556,11266.551925,,2,1786237200,weekend,2026-07-27,2026-09-20,2026-08-08,21,18-24,1,,,,,,
btc-updown-15m-1786258800,True,True,SUCCESS_PUBLIC_HISTORY,1035,28714.294812,14618.375585880618,10.0,2.5,60.2337764,12.0,1.15,8,0.5340880077290633,6,,,PUBLIC_HISTORICAL,0,0,0,0,0,0,0,,,,,,,1.15,28714.294812,,2,1786258800,weekend,2026-07-27,2026-09-20,2026-08-09,3,00-06,1,,,,,,
btc-updown-15m-1786280400,True,True,SUCCESS_PUBLIC_HISTORY,374,9577.582814,5617.79989198142,8.47,1.532538,50.0,38.0,0.41555555555555557,8,0.6482368394344771,4,,,PUBLIC_HISTORICAL,0,0,0,0,0,0,0,,,,,,,0.41555555555555557,9577.582814,,2,1786280400,weekend,2026-07-27,2026-09-20,2026-08-09,9,06-12,1,,,,,,
btc-updown-15m-1786323600,True,False,SUCCESS_PUBLIC_HISTORY,1092,24785.033881,12642.203498102463,6.44,1.25,53.89999999999998,17.0,1.2133333333333334,8,0.45458772530722824,6,,,PUBLIC_HISTORICAL,0,0,0,0,0,0,0,,,,,,,1.2133333333333334,24785.033881,,2,1786323600,weekend,2026-07-27,2026-09-20,2026-08-09,21,18-24,1,,,,,,
btc-updown-15m-1786388400,False,False,SUCCESS_PUBLIC_HISTORY,841,23335.999431,12257.349055042387,8.216215,1.51515,60.0,40.0,0.9344444444444444,8,0.4138236339311712,6,,,PUBLIC_HISTORICAL,0,0,0,0,0,0,0,,,,,,,0.9344444444444444,23335.999431,,2,1786388400,weekday,2026-07-27,2026-09-20,2026-08-10,15,12-18,2,,,,,,
btc-updown-15m-1786410000,False,False,SUCCESS_PUBLIC_HISTORY,996,20625.177187,9459.220951968075,9.219999999999999,1.4242845,40.0,27.0,1.1066666666666667,8,1.1888019178988567,4,,,PUBLIC_HISTORICAL,0,0,0,0,0,0,0,,,,,,,1.1066666666666667,20625.177187,,2,1786410000,weekday,2026-07-27,2026-09-20,2026-08-10,21,18-24,2,,,,,,
btc-updown-15m-1786431600,False,False,SUCCESS_PUBLIC_HISTORY,945,22970.729826,10864.433942023605,9.25,1.616554,50.0,18.0,1.05,8,0.49724239561807276,4,,,PUBLIC_HISTORICAL,0,0,0,0,0,0,0,,,,,,,1.05,22970.729826,,2,1786431600,weekday,2026-07-27,2026-09-20,2026-08-11,3,00-06,2,,,,,,
btc-updown-15m-1786539600,False,False,SUCCESS_PUBLIC_HISTORY,946,23069.272379,11913.898478066976,5.822916,1.0,55.96,53.0,1.051111111111111,8,0.5846793993292392,4,,,PUBLIC_HISTORICAL,0,0,0,0,0,0,0,,,,,,,1.051111111111111,23069.272379,,2,1786539600,weekday,2026-07-27,2026-09-20,2026-08-12,9,06-12,2,,,,,,
btc-updown-15m-1786626000,False,False,SUCCESS_PUBLIC_HISTORY,866,22570.424967,11464.34024802584,11.795,1.5,55.0,44.0,0.9622222222222222,8,0.3876209488662862,6,,,PUBLIC_HISTORICAL,0,0,0,0,0,0,0,,,,,,,0.9622222222222222,22570.424967,,2,1786626000,weekday,2026-07-27,2026-09-20,2026-08-13,9,06-12,2,,,,,,
btc-updown-15m-1786734000,False,False,SUCCESS_PUBLIC_HISTORY,690,18515.315909,9951.438862001893,7.915,1.2394563,68.74272400000005,54.0,0.7666666666666667,8,0.5124939024027505,6,,,PUBLIC_HISTORICAL,0,0,0,0,0,0,0,,,,,,,0.7666666666666667,18515.315909,,2,1786734000,weekday,2026-07-27,2026-09-20,2026-08-14,15,12-18,2,,,,,,
btc-updown-15m-1786755600,False,True,SUCCESS_PUBLIC_HISTORY,1755,49590.09596,27991.56570812676,7.739129,2.0,50.0,18.0,1.95,8,0.7147377141301555,6,,,PUBLIC_HISTORICAL,0,0,0,0,0,0,0,,,,,,,1.95,49590.09596,,2,1786755600,weekday,2026-07-27,2026-09-20,2026-08-14,21,18-24,2,,,,,,
btc-updown-15m-1786777200,True,True,SUCCESS_PUBLIC_HISTORY,896,24427.781662,12322.588519041303,10.0,1.886791,58.4961105,30.0,0.9955555555555555,8,1.4354964298109556,4,,,PUBLIC_HISTORICAL,0,0,0,0,0,0,0,,,,,,,0.9955555555555555,24427.781662,,2,1786777200,weekend,2026-07-27,2026-09-20,2026-08-15,3,00-06,2,,,,,,
btc-updown-15m-1786798800,True,True,SUCCESS_PUBLIC_HISTORY,985,25819.154163,12742.601501974166,7.38,1.4451414000000002,59.88000000000001,21.0,1.0944444444444446,8,0.8267103483082814,6,,,PUBLIC_HISTORICAL,0,0,0,0,0,0,0,,,,,,,1.0944444444444446,25819.154163,,2,1786798800,weekend,2026-07-27,2026-09-20,2026-08-15,9,06-12,2,,,,,,
btc-updown-15m-1786820400,True,True,SUCCESS_PUBLIC_HISTORY,567,10329.141647,5972.280969018105,6.944442,2.0,36.0,38.0,0.63,8,0.4370926675202868,6,,,PUBLIC_HISTORICAL,0,0,0,0,0,0,0,,,,,,,0.63,10329.141647,,2,1786820400,weekend,2026-07-27,2026-09-20,2026-08-15,15,12-18,2,,,,,,
btc-updown-15m-1786842000,True,True,SUCCESS_PUBLIC_HISTORY,615,16707.653132,10870.526337951444,7.287061,2.0,51.0204,20.0,0.6833333333333333,8,0.4925951684700125,4,,,PUBLIC_HISTORICAL,0,0,0,0,0,0,0,,,,,,,0.6833333333333333,16707.653132,,2,1786842000,weekend,2026-07-27,2026-09-20,2026-08-15,21,18-24,2,,,,,,
btc-updown-15m-1786885200,True,True,SUCCESS_PUBLIC_HISTORY,559,12780.896228,7401.579507963133,8.620688,2.0,42.23076799999996,80.0,0.6211111111111111,8,0.5918192291570121,4,,,PUBLIC_HISTORICAL,0,0,0,0,0,0,0,,,,,,,0.6211111111111111,12780.896228,,2,1786885200,weekend,2026-07-27,2026-09-20,2026-08-16,9,06-12,2,,,,,,
btc-updown-15m-1786906800,True,True,SUCCESS_PUBLIC_HISTORY,537,9980.829291,6779.865786996568,6.246151,2.0,40.0,53.0,0.5966666666666667,8,0.45171893916460926,4,,,PUBLIC_HISTORICAL,0,0,0,0,0,0,0,,,,,,,0.5966666666666667,9980.829291,,2,1786906800,weekend,2026-07-27,2026-09-20,2026-08-16,15,12-18,2,,,,,,
btc-updown-15m-1786928400,True,False,SUCCESS_PUBLIC_HISTORY,782,31386.41694,20166.957561988584,10.199481500000001,1.8863525,72.81925099999998,69.0,0.8688888888888889,8,0.6222740553807462,4,,,PUBLIC_HISTORICAL,0,0,0,0,0,0,0,,,,,,,0.8688888888888889,31386.41694,,2,1786928400,weekend,2026-07-27,2026-09-20,2026-08-16,21,18-24,2,,,,,,
btc-updown-15m-1786950000,False,False,SUCCESS_PUBLIC_HISTORY,811,27059.095013000002,14329.489858956576,10.0,1.66,71.42855,75.0,0.9011111111111111,8,0.4779644338232709,4,,,PUBLIC_HISTORICAL,0,0,0,0,0,0,0,,,,,,,0.9011111111111111,27059.095013000002,,2,1786950000,weekday,2026-07-27,2026-09-20,2026-08-17,3,00-06,3,,,,,,
btc-updown-15m-1787036400,False,False,SUCCESS_PUBLIC_HISTORY,1333,43748.840136,18979.24342107331,7.0,2.0,42.528768,27.0,1.481111111111111,8,0.7046275611981127,6,,,PUBLIC_HISTORICAL,0,0,0,0,0,0,0,,,,,,,1.481111111111111,43748.840136,,2,1787036400,weekday,2026-07-27,2026-09-20,2026-08-18,3,00-06,3,,,,,,
btc-updown-15m-1787144400,False,False,SUCCESS_PUBLIC_HISTORY,1175,29748.171345,15399.535110017883,10.0,1.6909224,50.34800000000008,73.0,1.3055555555555556,8,0.947549471004021,6,,,PUBLIC_HISTORICAL,0,0,0,0,0,0,0,,,,,,,1.3055555555555556,29748.171345,,2,1787144400,weekday,2026-07-27,2026-09-20,2026-08-19,9,06-12,3,,,,,,
btc-updown-15m-1787252400,False,False,SUCCESS_PUBLIC_HISTORY,1596,60551.373992,29479.57350109712,10.0,1.08,84.685,28.0,1.7733333333333334,8,0.8234682750416072,6,,,PUBLIC_HISTORICAL,0,0,0,0,0,0,0,,,,,,,1.7733333333333334,60551.373992,,2,1787252400,weekday,2026-07-27,2026-09-20,2026-08-20,15,12-18,3,,,,,,
btc-updown-15m-1787274000,False,False,SUCCESS_PUBLIC_HISTORY,817,31712.846911,13637.764086383444,7.0,0.02,63.80599999999997,67.0,0.9077777777777778,8,0.46588625221184626,6,,,PUBLIC_HISTORICAL,0,0,0,0,0,0,0,,,,,,,0.9077777777777778,31712.846911,,2,1787274000,weekday,2026-07-27,2026-09-20,2026-08-20,21,18-24,3,,,,,,
btc-updown-15m-1787360400,False,True,SUCCESS_PUBLIC_HISTORY,676,19621.420613,8808.74099099586,6.09545,0.02,50.129999999999995,51.0,0.7511111111111111,8,0.4901530373260988,6,,,PUBLIC_HISTORICAL,0,0,0,0,0,0,0,,,,,,,0.7511111111111111,19621.420613,,2,1787360400,weekday,2026-07-27,2026-09-20,2026-08-21,21,18-24,3,,,,,,
btc-updown-15m-1787382000,True,True,SUCCESS_PUBLIC_HISTORY,1398,46464.540615,23739.342724899005,10.0,0.5240000000000038,62.0,31.0,1.5533333333333332,8,1.0234500476330048,6,,,PUBLIC_HISTORICAL,0,0,0,0,0,0,0,,,,,,,1.5533333333333332,46464.540615,,2,1787382000,weekend,2026-07-27,2026-09-20,2026-08-22,3,00-06,3,,,,,,
btc-updown-15m-1787425200,True,True,SUCCESS_PUBLIC_HISTORY,980,18109.514631,9062.279304013393,7.0,1.4663853000000002,40.0,38.0,1.0888888888888888,8,0.5552026656996525,5,,,PUBLIC_HISTORICAL,0,0,0,0,0,0,0,,,,,,,1.0888888888888888,18109.514631,,2,1787425200,weekend,2026-07-27,2026-09-20,2026-08-22,15,12-18,3,,,,,,
btc-updown-15m-1787446800,True,True,SUCCESS_PUBLIC_HISTORY,975,36389.995023,12149.512269797346,9.0,1.3967114,56.26000000000001,16.0,1.0833333333333333,8,0.32626676202150906,4,,,PUBLIC_HISTORICAL,0,0,0,0,0,0,0,,,,,,,1.0833333333333333,36389.995023,,2,1787446800,weekend,2026-07-27,2026-09-20,2026-08-22,21,18-24,3,,,,,,
btc-updown-15m-1787468400,True,True,SUCCESS_PUBLIC_HISTORY,700,16232.070715,8764.115630021986,8.0,1.068262,45.50908960000001,98.0,0.7777777777777778,8,0.45634416836418534,4,,,PUBLIC_HISTORICAL,0,0,0,0,0,0,0,,,,,,,0.7777777777777778,16232.070715,,2,1787468400,weekend,2026-07-27,2026-09-20,2026-08-23,3,00-06,3,,,,,,
btc-updown-15m-1787490000,True,True,SUCCESS_PUBLIC_HISTORY,921,12618.73508,6208.839341995085,6.0,1.886791,25.0,56.0,1.0233333333333334,8,0.5678468103282786,6,,,PUBLIC_HISTORICAL,0,0,0,0,0,0,0,,,,,,,1.0233333333333334,12618.73508,,2,1787490000,weekend,2026-07-27,2026-09-20,2026-08-23,9,06-12,3,,,,,,
btc-updown-15m-1787533200,True,False,SUCCESS_PUBLIC_HISTORY,768,17612.728423,9332.383552001138,6.0,0.02,39.099999600000025,74.0,0.8533333333333334,8,0.683117852204142,2,,,PUBLIC_HISTORICAL,0,0,0,0,0,0,0,,,,,,,0.8533333333333334,17612.728423,,2,1787533200,weekend,2026-07-27,2026-09-20,2026-08-23,21,18-24,3,,,,,,
btc-updown-15m-1787554800,False,False,SUCCESS_PUBLIC_HISTORY,653,16111.681588,10347.66582999045,8.0,1.110222,31.464000000000038,92.0,0.7255555555555555,8,0.48420037174706926,6,,,PUBLIC_HISTORICAL,0,0,0,0,0,0,0,,,,,,,0.7255555555555555,16111.681588,,2,1787554800,weekday,2026-07-27,2026-09-20,2026-08-24,3,00-06,4,,,,,,
btc-updown-15m-1787662800,False,False,SUCCESS_PUBLIC_HISTORY,1352,32130.027464,15890.390441893956,9.2855925,0.9439999999999997,55.49500000000005,39.0,1.5022222222222221,8,0.8685908127536234,6,,,PUBLIC_HISTORICAL,0,0,0,0,0,0,0,,,,,,,1.5022222222222221,32130.027464,,2,1787662800,weekday,2026-07-27,2026-09-20,2026-08-25,9,06-12,4,,,,,,
btc-updown-15m-1787770800,False,False,SUCCESS_PUBLIC_HISTORY,881,18372.768836,8762.850095989466,8.543475,0.92,51.0,41.0,0.9788888888888889,8,0.4587482969995638,6,,,PUBLIC_HISTORICAL,0,0,0,0,0,0,0,,,,,,,0.9788888888888889,18372.768836,,2,1787770800,weekday,2026-07-27,2026-09-20,2026-08-26,15,12-18,4,,,,,,
btc-updown-15m-1787792400,False,False,SUCCESS_PUBLIC_HISTORY,3318,115883.718655,62262.489476993214,9.099056000000001,3.0,50.13430310000008,10.0,3.6866666666666665,8,0.9262019218291441,4,,,PUBLIC_HISTORICAL,0,0,0,0,0,0,0,,,,,,,3.6866666666666665,115883.718655,,2,1787792400,weekday,2026-07-27,2026-09-20,2026-08-26,21,18-24,4,,,,,,
btc-updown-15m-1787814000,False,False,SUCCESS_PUBLIC_HISTORY,889,15828.932669,7700.564596035482,6.840577,1.6250104,35.7108568,19.0,0.9877777777777778,8,0.27468163389640743,6,,,PUBLIC_HISTORICAL,0,0,0,0,0,0,0,,,,,,,0.9877777777777778,15828.932669,,2,1787814000,weekday,2026-07-27,2026-09-20,2026-08-27,3,00-06,4,,,,,,
btc-updown-15m-1787922000,False,False,SUCCESS_PUBLIC_HISTORY,893,17276.946401,8625.94636903603,8.888887,1.31,45.0,27.0,0.9922222222222222,8,0.9998499887483122,6,,,PUBLIC_HISTORICAL,0,0,0,0,0,0,0,,,,,,,0.9922222222222222,17276.946401,,2,1787922000,weekday,2026-07-27,2026-09-20,2026-08-28,9,06-12,4,,,,,,
btc-updown-15m-1787986800,True,True,SUCCESS_PUBLIC_HISTORY,901,19454.658387,9629.683475994918,8.0,2.0,46.433332,15.0,1.001111111111111,8,1.4769055487741929,6,,,PUBLIC_HISTORICAL,0,0,0,0,0,0,0,,,,,,,1.001111111111111,19454.658387,,2,1787986800,weekend,2026-07-27,2026-09-20,2026-08-29,3,00-06,4,,,,,,
btc-updown-15m-1788008400,True,True,SUCCESS_PUBLIC_HISTORY,705,17611.972107,11051.39491309379,8.227186,2.0,50.0,54.0,0.7833333333333333,8,0.6389444420291955,6,,,PUBLIC_HISTORICAL,0,0,0,0,0,0,0,,,,,,,0.7833333333333333,17611.972107,,2,1788008400,weekend,2026-07-27,2026-09-20,2026-08-29,9,06-12,4,,,,,,
btc-updown-15m-1788030000,True,True,SUCCESS_PUBLIC_HISTORY,585,18562.73304,8321.227183979448,7.5,2.0,55.60000000000002,27.0,0.65,8,0.5032395056034453,6,,,PUBLIC_HISTORICAL,0,0,0,0,0,0,0,,,,,,,0.65,18562.73304,,2,1788030000,weekend,2026-07-27,2026-09-20,2026-08-29,15,12-18,4,,,,,,
btc-updown-15m-1788094800,True,True,SUCCESS_PUBLIC_HISTORY,904,23825.548913,12060.445692949404,10.0,1.1960000000000002,40.0,31.0,1.0044444444444445,8,0.5963849428012079,3,,,PUBLIC_HISTORICAL,0,0,0,0,0,0,0,,,,,,,1.0044444444444445,23825.548913,,2,1788094800,weekend,2026-07-27,2026-09-20,2026-08-30,9,06-12,4,,,,,,
btc-updown-15m-1788116400,True,True,SUCCESS_PUBLIC_HISTORY,855,20793.462364,10055.918638022658,8.46,2.0,50.0,20.0,0.95,8,0.4104875150354758,6,,,PUBLIC_HISTORICAL,0,0,0,0,0,0,0,,,,,,,0.95,20793.462364,,2,1788116400,weekend,2026-07-27,2026-09-20,2026-08-30,15,12-18,4,,,,,,
btc-updown-15m-1788138000,True,False,SUCCESS_PUBLIC_HISTORY,64,2400.032283,1971.5565700027619,7.27515,1.0101,50.0,627.0,0.07111111111111111,8,0.7071421356417675,2,,,PUBLIC_HISTORICAL,0,0,0,0,0,0,0,,,,,,,0.07111111111111111,2400.032283,,2,1788138000,weekend,2026-07-27,2026-09-20,2026-08-30,21,18-24,4,,,,,,
btc-updown-15m-1788202800,False,False,SUCCESS_PUBLIC_HISTORY,907,30622.900902,16640.163682953123,10.0,1.7520000000000002,75.0,24.0,1.0077777777777779,8,0.609302880347697,4,,,PUBLIC_HISTORICAL,0,0,0,0,0,0,0,,,,,,,1.0077777777777779,30622.900902,,2,1788202800,weekday,2026-07-27,2026-09-20,2026-08-31,15,12-18,5,,,,,,
btc-updown-15m-1788289200,False,False,SUCCESS_PUBLIC_HISTORY,1124,34054.660169,19035.95513800032,9.0,1.388885,55.0,32.0,1.248888888888889,8,0.5616493568054716,6,,,PUBLIC_HISTORICAL,0,0,0,0,0,0,0,,,,,,,1.248888888888889,34054.660169,,2,1788289200,weekday,2026-07-27,2026-09-20,2026-09-01,15,12-18,5,,,,,,
btc-updown-15m-1788310800,False,False,SUCCESS_PUBLIC_HISTORY,1130,22398.717546,12378.498775021775,6.633331999999999,1.7416394000000004,50.0,38.0,1.2555555555555555,8,0.5596874127582288,4,,,PUBLIC_HISTORICAL,0,0,0,0,0,0,0,,,,,,,1.2555555555555555,22398.717546,,2,1788310800,weekday,2026-07-27,2026-09-20,2026-09-01,21,18-24,5,,,,,,
btc-updown-15m-1788332400,False,False,SUCCESS_PUBLIC_HISTORY,714,28259.211582,14192.930698028113,9.816066,1.8139990999999998,54.06400000000001,54.0,0.7933333333333333,8,0.4159927883990298,6,,,PUBLIC_HISTORICAL,0,0,0,0,0,0,0,,,,,,,0.7933333333333333,28259.211582,,2,1788332400,weekday,2026-07-27,2026-09-20,2026-09-02,3,00-06,5,,,,,,
btc-updown-15m-1788440400,False,False,SUCCESS_PUBLIC_HISTORY,434,7563.512499,3798.2087720120808,8.249041,0.02,44.0,648.0,0.4822222222222222,8,0.5408326913195983,4,,,PUBLIC_HISTORICAL,0,0,0,0,0,0,0,,,,,,,0.4822222222222222,7563.512499,,2,1788440400,weekday,2026-07-27,2026-09-20,2026-09-03,9,06-12,5,,,,,,
btc-updown-15m-1788526800,False,False,SUCCESS_PUBLIC_HISTORY,1185,25381.010854,14158.103281994427,8.555554,0.02,50.0,27.0,1.3166666666666667,8,0.4891318840558239,6,,,PUBLIC_HISTORICAL,0,0,0,0,0,0,0,,,,,,,1.3166666666666667,25381.010854,,2,1788526800,weekday,2026-07-27,2026-09-20,2026-09-04,9,06-12,5,,,,,,
btc-updown-15m-1788591600,True,True,SUCCESS_PUBLIC_HISTORY,694,15386.490716,8264.110924975328,8.095098,2.0,59.991176100000004,69.0,0.7711111111111111,8,0.6478425734698207,6,,,PUBLIC_HISTORICAL,0,0,0,0,0,0,0,,,,,,,0.7711111111111111,15386.490716,,2,1788591600,weekend,2026-07-27,2026-09-20,2026-09-05,3,00-06,5,,,,,,
btc-updown-15m-1788634800,True,True,SUCCESS_PUBLIC_HISTORY,567,11647.892176,5890.396892985509,9.98,2.0,55.80000000000007,46.0,0.63,8,0.43943145085439667,6,,,PUBLIC_HISTORICAL,0,0,0,0,0,0,0,,,,,,,0.63,11647.892176,,2,1788634800,weekend,2026-07-27,2026-09-20,2026-09-05,15,12-18,5,,,,,,
btc-updown-15m-1788656400,True,True,SUCCESS_PUBLIC_HISTORY,614,14644.546909,7639.9262899813975,8.0,1.9020000000000006,48.700000000000045,57.0,0.6822222222222222,8,0.5068530358989675,6,,,PUBLIC_HISTORICAL,0,0,0,0,0,0,0,,,,,,,0.6822222222222222,14644.546909,,2,1788656400,weekend,2026-07-27,2026-09-20,2026-09-05,21,18-24,5,,,,,,
btc-updown-15m-1788678000,True,True,SUCCESS_PUBLIC_HISTORY,632,20374.293837,10866.006631038048,10.0,2.5454348,70.0,37.0,0.7022222222222222,8,0.6935776813018136,6,,,PUBLIC_HISTORICAL,0,0,0,0,0,0,0,,,,,,,0.7022222222222222,20374.293837,,2,1788678000,weekend,2026-07-27,2026-09-20,2026-09-06,3,00-06,5,,,,,,
btc-updown-15m-1788699600,True,True,SUCCESS_PUBLIC_HISTORY,872,22223.36444,11492.311003991688,10.0,2.1459616,50.0,33.0,0.9688888888888889,8,0.8029321266458329,4,,,PUBLIC_HISTORICAL,0,0,0,0,0,0,0,,,,,,,0.9688888888888889,22223.36444,,2,1788699600,weekend,2026-07-27,2026-09-20,2026-09-06,9,06-12,5,,,,,,
btc-updown-15m-1788742800,True,False,SUCCESS_PUBLIC_HISTORY,867,22493.931586,14697.140487063341,8.210525,0.02,49.0,63.0,0.9633333333333334,8,1.0963119993870358,6,,,PUBLIC_HISTORICAL,0,0,0,0,0,0,0,,,,,,,0.9633333333333334,22493.931586,,2,1788742800,weekend,2026-07-27,2026-09-20,2026-09-06,21,18-24,5,,,,,,
btc-updown-15m-1788781500,False,False,,,,,,,,,,,,,,,,340,0,0,0,0,0,0,0.01,,,,1.0838374000000002,0.389245026777068,,,0.3918236418236418,3,,,,,,,,,170,277,0,117.0,114.0,"LOCAL_RECORDED, fill-conditioned marks; not historical full L2"
btc-updown-15m-1788782400,False,False,,,,,,,,,,,,,,,,364,0,0,0,0,0,0,0.01,,,,1.0528670999999998,0.3948763253727704,,,0.5547463047463047,3,,,,,,,,,182,326,0,125.0,125.0,"LOCAL_RECORDED, fill-conditioned marks; not historical full L2"
btc-updown-15m-1788783300,False,False,,,,,,,,,,,,,,,,290,0,0,0,0,0,0,0.01,,,,1.035134,0.3954434375974419,,,0.6485803985803985,3,,,,,,,,,145,206,0,179.74,177.0,"LOCAL_RECORDED, fill-conditioned marks; not historical full L2"
btc-updown-15m-1788784200,False,False,,,,,,,,,,,,,,,,410,0,0,0,0,0,0,0.01,,,,1.1737382,0.3885953491458897,,,0.31409656409656406,3,,,,,,,,,205,350,0,180.5,178.66,"LOCAL_RECORDED, fill-conditioned marks; not historical full L2"
btc-updown-15m-1788785100,False,False,,,,,,,,,,,,,,,,436,0,0,0,0,0,0,0.01,,,,1.1435029499999998,0.3963526824548339,,,0.4716762216762217,3,,,,,,,,,218,357,0,198.35,192.94,"LOCAL_RECORDED, fill-conditioned marks; not historical full L2"
btc-updown-15m-1788786000,False,False,,,,,,,,,,,,,,,,448,0,0,0,0,0,0,0.01,,,,1.0385799,0.3944135672348697,,,0.6047638547638547,3,,,,,,,,,224,355,0,192.45,183.6,"LOCAL_RECORDED, fill-conditioned marks; not historical full L2"
btc-updown-15m-1788786900,False,False,,,,,,,,,,,,,,,,160,0,0,0,0,0,0,0.01,,,,1.0480814999999999,0.35980355043695184,,,0.38252213252213246,3,,,,,,,,,80,282,0,165.0,165.0,"LOCAL_RECORDED, fill-conditioned marks; not historical full L2"
btc-updown-15m-1788787800,False,False,,,,,,,,,,,,,,,,0,0,0,0,0,0,0,,,,,,0.3978892488185209,,,,1,,,,,,,,,0,46,0,151.935,151.935,"LOCAL_RECORDED, fill-conditioned marks; not historical full L2"
btc-updown-15m-1788788700,False,False,,,,,,,,,,,,,,,,346,0,0,0,0,0,0,0.01,,,,1.047434,0.39285320785294353,,,0.5327112827112828,3,,,,,,,,,173,311,0,107.0,113.93,"LOCAL_RECORDED, fill-conditioned marks; not historical full L2"
btc-updown-15m-1788789600,False,False,,,,,,,,,,,,,,,,452,0,0,0,0,0,0,0.01,,,,1.067349,0.39067785487675016,,,0.4408466908466908,3,,,,,,,,,226,351,0,200.53,206.19,"LOCAL_RECORDED, fill-conditioned marks; not historical full L2"
btc-updown-15m-1788790500,False,False,,,,,,,,,,,,,,,,488,0,0,0,0,0,0,0.01,,,,1.0513891000000002,0.38849894880811575,,,0.45679770679770676,3,,,,,,,,,244,350,0,177.04000000000002,176.04000000000002,"LOCAL_RECORDED, fill-conditioned marks; not historical full L2"
btc-updown-15m-1788791400,False,False,,,,,,,,,,,,,,,,490,0,0,0,0,0,0,0.01,,,,1.0467368,0.38387882044533395,,,0.4491341991341991,3,,,,,,,,,245,346,0,108.715,107.38,"LOCAL_RECORDED, fill-conditioned marks; not historical full L2"
btc-updown-15m-1788792300,False,False,,,,,,,,,,,,,,,,0,0,0,0,0,0,0,,,,,,0.31991745083497547,,,,1,,,,,,,,,0,160,0,213.13,210.47,"LOCAL_RECORDED, fill-conditioned marks; not historical full L2"
btc-updown-15m-1788794100,False,False,,,,,,,,,,,,,,,,402,0,0,0,0,0,0,0.01,,,,1.0383409,0.39344772871528466,,,0.5817343317343318,3,,,,,,,,,201,298,0,108.67,108.67,"LOCAL_RECORDED, fill-conditioned marks; not historical full L2"
btc-updown-15m-1788795000,False,False,,,,,,,,,,,,,,,,464,0,0,0,0,0,0,0.01,,,,1.0584424000000001,0.3915006031066791,,,0.46613821613821615,3,,,,,,,,,232,352,0,220.845,220.845,"LOCAL_RECORDED, fill-conditioned marks; not historical full L2"
btc-updown-15m-1788795900,False,False,,,,,,,,,,,,,,,,494,0,0,0,0,0,0,0.01,,,,1.049169,0.3930349306810695,,,0.5308587808587808,3,,,,,,,,,247,354,0,160.0,155.865,"LOCAL_RECORDED, fill-conditioned marks; not historical full L2"
btc-updown-15m-1788796800,False,False,,,,,,,,,,,,,,,,490,0,0,0,0,0,0,0.01,,,,1.0544898,0.39147571948639354,,,0.4767072267072267,3,,,,,,,,,245,352,0,178.96499999999997,178.96499999999997,"LOCAL_RECORDED, fill-conditioned marks; not historical full L2"
btc-updown-15m-1788797700,False,False,,,,,,,,,,,,,,,,356,0,0,0,0,0,0,0.01,,,,1.0795655499999999,0.33519669586248135,,,0.27655902655902653,3,,,,,,,,,178,301,0,189.98,190.23,"LOCAL_RECORDED, fill-conditioned marks; not historical full L2"
btc-updown-15m-1788798600,False,False,,,,,,,,,,,,,,,,440,0,0,0,0,0,0,0.01,,,,1.13152685,0.39853265945784566,,,0.5324577824577824,3,,,,,,,,,220,358,0,240.39,240.39,"LOCAL_RECORDED, fill-conditioned marks; not historical full L2"
btc-updown-15m-1788799500,False,False,,,,,,,,,,,,,,,,458,0,0,0,0,0,0,0.01,,,,1.0234628,0.39830364374811694,,,0.7684275184275184,3,,,,,,,,,229,358,0,130.0,130.0,"LOCAL_RECORDED, fill-conditioned marks; not historical full L2"
btc-updown-15m-1788800400,False,False,,,,,,,,,,,,,,,,330,0,0,0,0,0,0,0.01,,,,1.0640912,0.3946729963777706,,,0.5234487734487734,3,,,,,,,,,165,354,0,172.82,172.82,"LOCAL_RECORDED, fill-conditioned marks; not historical full L2"
btc-updown-15m-1788801300,False,False,,,,,,,,,,,,,,,,268,0,0,0,0,0,0,0.01,,,,1.0364786,0.36622618854510136,,,0.45792870792870793,3,,,,,,,,,134,330,0,175.0,175.0,"LOCAL_RECORDED, fill-conditioned marks; not historical full L2"
btc-updown-15m-1788802200,False,False,,,,,,,,,,,,,,,,464,0,0,0,0,0,0,0.01,,,,1.0524594999999999,0.3953600693720383,,,0.5706778206778207,3,,,,,,,,,232,356,0,160.0,160.0,"LOCAL_RECORDED, fill-conditioned marks; not historical full L2"
btc-updown-15m-1788803100,False,False,,,,,,,,,,,,,,,,442,0,0,0,0,0,0,0.01,,,,1.0295911,0.3962938173533995,,,0.694015444015444,3,,,,,,,,,221,356,0,182.3,182.3,"LOCAL_RECORDED, fill-conditioned marks; not historical full L2"
btc-updown-15m-1788804000,False,False,,,,,,,,,,,,,,,,284,0,0,0,0,0,0,0.01,,,,1.0316925499999998,0.39518189205593707,,,0.6534944034944035,3,,,,,,,,,142,356,0,155.54000000000002,155.54000000000002,"LOCAL_RECORDED, fill-conditioned marks; not historical full L2"
btc-updown-15m-1788804900,False,False,,,,,,,,,,,,,,,,280,0,0,0,0,0,0,0.01,,,,1.07248545,0.3645920180030053,,,0.3379255879255879,3,,,,,,,,,140,328,0,184.125,184.125,"LOCAL_RECORDED, fill-conditioned marks; not historical full L2"
btc-updown-15m-1788805800,False,False,,,,,,,,,,,,,,,,432,0,0,0,0,0,0,0.01,,,,1.04404955,0.3969129418077117,,,0.6647264147264147,3,,,,,,,,,216,357,0,180.0,178.52,"LOCAL_RECORDED, fill-conditioned marks; not historical full L2"
btc-updown-15m-1788806700,False,False,,,,,,,,,,,,,,,,378,0,0,0,0,0,0,0.01,,,,1.057813,0.3951524368702936,,,0.547004797004797,3,,,,,,,,,189,356,0,186.125,186.125,"LOCAL_RECORDED, fill-conditioned marks; not historical full L2"
btc-updown-15m-1788807600,False,False,SUCCESS_PUBLIC_HISTORY,644,15193.620522,8916.491692039304,6.0,1.1266139,61.03851150000002,41.0,0.7155555555555555,8,0.40853396431630995,6,,,PUBLIC_HISTORICAL,458,0,0,0,0,0,0,0.01,,,,1.0974342,0.3941234949819348,0.7155555555555555,15193.620522,0.3584123084123084,5,1788807600,weekday,2026-07-27,2026-09-20,2026-09-07,15,12-18,6,229,354,0,210.2,210.2,"LOCAL_RECORDED, fill-conditioned marks; not historical full L2"
btc-updown-15m-1788808500,False,False,,,,,,,,,,,,,,,,342,0,0,0,0,0,0,0.01,,,,1.2889911,0.36828546502019316,,,0.23847548847548844,3,,,,,,,,,171,332,0,193.685,193.685,"LOCAL_RECORDED, fill-conditioned marks; not historical full L2"
btc-updown-15m-1788809400,False,False,,,,,,,,,,,,,,,,416,0,0,0,0,0,0,0.01,,,,1.1886060999999999,0.3976253595225196,,,0.49285324285324283,3,,,,,,,,,208,358,0,207.5,207.5,"LOCAL_RECORDED, fill-conditioned marks; not historical full L2"
btc-updown-15m-1788810300,False,False,,,,,,,,,,,,,,,,370,0,0,0,0,0,0,0.01,,,,1.106407,0.3955698186022668,,,0.4816212316212316,3,,,,,,,,,185,356,0,137.495,137.495,"LOCAL_RECORDED, fill-conditioned marks; not historical full L2"
btc-updown-15m-1788811200,False,False,,,,,,,,,,,,,,,,356,0,0,0,0,0,0,0.01,,,,1.2661056,0.39682685487354347,,,0.4637007137007137,3,,,,,,,,,178,356,0,193.41,193.41,"LOCAL_RECORDED, fill-conditioned marks; not historical full L2"
btc-updown-15m-1788812100,False,False,,,,,,,,,,,,,,,,332,0,0,0,0,0,0,0.01,,,,1.073497,0.36307576003827446,,,0.3292090792090792,3,,,,,,,,,166,326,0,186.5,186.5,"LOCAL_RECORDED, fill-conditioned marks; not historical full L2"
btc-updown-15m-1788813000,False,False,,,,,,,,,,,,,,,,426,0,0,0,0,0,0,0.01,,,,1.086297,0.3969482551057623,,,0.5474922974922974,3,,,,,,,,,213,356,0,162.825,162.825,"LOCAL_RECORDED, fill-conditioned marks; not historical full L2"
btc-updown-15m-1788813900,False,False,,,,,,,,,,,,,,,,444,0,0,0,0,0,0,0.01,,,,1.20058,0.3962419542443343,,,0.45233220233220234,3,,,,,,,,,222,356,0,175.0,175.0,"LOCAL_RECORDED, fill-conditioned marks; not historical full L2"
btc-updown-15m-1788814800,False,False,,,,,,,,,,,,,,,,408,0,0,0,0,0,0,0.01,,,,1.1026625,0.39792655963274476,,,0.551060801060801,3,,,,,,,,,204,358,0,191.5,191.5,"LOCAL_RECORDED, fill-conditioned marks; not historical full L2"
btc-updown-15m-1788815700,False,False,,,,,,,,,,,,,,,,154,0,0,0,0,0,0,0.01,,,,1.0426932,0.36794045936643854,,,0.43973518973518977,3,,,,,,,,,77,331,0,156.94,161.93,"LOCAL_RECORDED, fill-conditioned marks; not historical full L2"
btc-updown-15m-1788816600,False,False,,,,,,,,,,,,,,,,398,0,0,0,0,0,0,0.01,,,,1.1607371,0.3982958667010437,,,0.5162337662337662,3,,,,,,,,,199,358,0,174.825,174.825,"LOCAL_RECORDED, fill-conditioned marks; not historical full L2"
btc-updown-15m-1788817500,False,False,,,,,,,,,,,,,,,,422,0,0,0,0,0,0,0.01,,,,1.0678121,0.3981875821858612,,,0.6153913653913654,3,,,,,,,,,211,358,0,121.745,121.745,"LOCAL_RECORDED, fill-conditioned marks; not historical full L2"
btc-updown-15m-1788818400,False,False,,,,,,,,,,,,,,,,416,0,0,0,0,0,0,0.01,,,,1.1157845499999999,0.39471908666145106,,,0.4362446862446862,3,,,,,,,,,208,354,0,126.89,126.89,"LOCAL_RECORDED, fill-conditioned marks; not historical full L2"
btc-updown-15m-1788819300,False,False,,,,,,,,,,,,,,,,392,0,0,0,0,0,0,0.01,,,,1.0740650500000002,0.3632178791081878,,,0.32764907764907764,3,,,,,,,,,196,327,0,132.34,132.34,"LOCAL_RECORDED, fill-conditioned marks; not historical full L2"
btc-updown-15m-1788820200,False,False,,,,,,,,,,,,,,,,430,0,0,0,0,0,0,0.01,,,,1.198583,0.3929720276966774,,,0.3658106158106158,3,,,,,,,,,215,354,0,205.53,205.53,"LOCAL_RECORDED, fill-conditioned marks; not historical full L2"
btc-updown-15m-1788821100,False,False,,,,,,,,,,,,,,,,466,0,0,0,0,0,0,0.01,,,,1.106588,0.39291198838577984,,,0.40796965796965795,3,,,,,,,,,233,354,0,227.64499999999998,227.64499999999998,"LOCAL_RECORDED, fill-conditioned marks; not historical full L2"
btc-updown-15m-1788822000,False,False,,,,,,,,,,,,,,,,418,0,0,0,0,0,0,0.01,,,,1.118181,0.39656064892889686,,,0.49096174096174094,3,,,,,,,,,209,356,0,285.0,285.0,"LOCAL_RECORDED, fill-conditioned marks; not historical full L2"
btc-updown-15m-1788822900,False,False,,,,,,,,,,,,,,,,414,0,0,0,0,0,0,0.01,,,,1.131623,0.3642522080952146,,,0.2539000039000039,3,,,,,,,,,207,328,0,196.0,196.0,"LOCAL_RECORDED, fill-conditioned marks; not historical full L2"
btc-updown-15m-1788823800,False,False,,,,,,,,,,,,,,,,448,0,0,0,0,0,0,0.01,,,,1.057174,0.39780036636760135,,,0.6278713778713779,3,,,,,,,,,224,354,0,182.57,182.57,"LOCAL_RECORDED, fill-conditioned marks; not historical full L2"
btc-updown-15m-1788824700,False,False,,,,,,,,,,,,,,,,472,0,0,0,0,0,0,0.01,,,,1.030757,0.39226686559731216,,,0.5871748371748371,3,,,,,,,,,236,356,0,155.64,153.09,"LOCAL_RECORDED, fill-conditioned marks; not historical full L2"
btc-updown-15m-1788825600,False,False,,,,,,,,,,,,,,,,364,0,0,0,0,0,0,0.01,,,,1.0388549,0.38637948928295907,,,0.49359424359424353,3,,,,,,,,,182,270,0,141.575,141.575,"LOCAL_RECORDED, fill-conditioned marks; not historical full L2"
btc-updown-15m-1788829200,False,False,SUCCESS_PUBLIC_HISTORY,883,23247.506744,13392.872952919985,9.0,1.3305216000000002,55.7100000000001,21.0,0.9811111111111112,8,0.4948737212663449,4,,,PUBLIC_HISTORICAL,0,0,0,0,0,0,0,,,,,,,0.9811111111111112,23247.506744,,2,1788829200,weekday,2026-07-27,2026-09-20,2026-09-07,21,18-24,6,,,,,,
btc-updown-15m-1788850800,False,False,SUCCESS_PUBLIC_HISTORY,622,14040.746321999999,9585.45859200575,6.1395420000000005,1.1521278000000001,41.96666669999999,65.0,0.6911111111111111,8,0.6444377394287208,6,,,PUBLIC_HISTORICAL,0,0,0,0,0,0,0,,,,,,,0.6911111111111111,14040.746321999999,,2,1788850800,weekday,2026-07-27,2026-09-20,2026-09-08,3,00-06,6,,,,,,
btc-updown-15m-1788863400,False,False,,,,,,,,,,,,,,,,128,0,0,0,0,0,0,0.01,,,,1.2993036,0.3752036326202966,,,0.2441304941304941,3,,,,,,,,,64,124,0,143.14999999999998,187.155,"LOCAL_RECORDED, fill-conditioned marks; not historical full L2"
btc-updown-15m-1788864300,False,False,,,,,,,,,,,,,,,,308,0,0,0,0,0,0,0.01,,,,1.1746861499999999,0.38803332175046434,,,0.30538005538005536,3,,,,,,,,,154,349,0,209.73,215.46,"LOCAL_RECORDED, fill-conditioned marks; not historical full L2"
btc-updown-15m-1788865200,False,False,,,,,,,,,,,,,,,,440,0,0,0,0,0,0,0.01,,,,1.18239615,0.3958958708479986,,,0.4525077025077025,3,,,,,,,,,220,356,0,225.0,225.0,"LOCAL_RECORDED, fill-conditioned marks; not historical full L2"
btc-updown-15m-1788866100,False,False,,,,,,,,,,,,,,,,460,0,0,0,0,0,0,0.01,,,,1.0969779499999999,0.39737591379429776,,,0.5411937911937912,3,,,,,,,,,230,358,0,289.65,289.65,"LOCAL_RECORDED, fill-conditioned marks; not historical full L2"
btc-updown-15m-1788867000,False,False,,,,,,,,,,,,,,,,368,0,0,0,0,0,0,0.01,,,,1.06672895,0.3612747121648031,,,0.33856908856908857,3,,,,,,,,,184,324,0,158.51,159.805,"LOCAL_RECORDED, fill-conditioned marks; not historical full L2"
btc-updown-15m-1788867900,False,False,,,,,,,,,,,,,,,,268,0,0,0,0,0,0,0.01,,,,1.1089596,0.39519096868231113,,,0.4582407082407082,3,,,,,,,,,134,202,0,171.0,171.0,"LOCAL_RECORDED, fill-conditioned marks; not historical full L2"
btc-updown-15m-1788869700,False,False,,,,,,,,,,,,,,,,0,0,0,0,0,0,0,,,,,,0.38063190745371506,,,,1,,,,,,,,,0,42,0,110.5,0.0,"LOCAL_RECORDED, fill-conditioned marks; not historical full L2"
btc-updown-15m-1788870600,False,False,,,,,,,,,,,,,,,,474,0,0,0,0,0,0,0.01,,,,1.067191,0.3936685719281338,,,0.4929117429117429,3,,,,,,,,,237,354,0,126.19,126.19,"LOCAL_RECORDED, fill-conditioned marks; not historical full L2"
btc-updown-15m-1788871500,False,False,,,,,,,,,,,,,,,,476,0,0,0,0,0,0,0.01,,,,1.0891885000000001,0.3957843446383133,,,0.5112417612417612,3,,,,,,,,,238,356,0,180.215,180.215,"LOCAL_RECORDED, fill-conditioned marks; not historical full L2"
btc-updown-15m-1788872400,False,False,,,,,,,,,,,,,,,,480,0,0,0,0,0,0,0.01,,,,1.06824545,0.39407269953794327,,,0.49256074256074256,3,,,,,,,,,240,355,0,203.0,202.31,"LOCAL_RECORDED, fill-conditioned marks; not historical full L2"
btc-updown-15m-1788873300,False,False,,,,,,,,,,,,,,,,330,0,0,0,0,0,0,0.01,,,,1.1091578,0.3949771239567574,,,0.44808119808119806,3,,,,,,,,,165,246,0,219.7,219.7,"LOCAL_RECORDED, fill-conditioned marks; not historical full L2"
btc-updown-15m-1788874200,False,False,,,,,,,,,,,,,,,,450,0,0,0,0,0,0,0.01,,,,1.127322,0.3943615458732667,,,0.4171346671346671,3,,,,,,,,,225,358,0,191.88,188.85500000000002,"LOCAL_RECORDED, fill-conditioned marks; not historical full L2"
btc-updown-15m-1788875100,False,False,,,,,,,,,,,,,,,,448,0,0,0,0,0,0,0.01,,,,1.0488650000000002,0.3941170370935854,,,0.557008307008307,3,,,,,,,,,224,354,0,182.0,179.0,"LOCAL_RECORDED, fill-conditioned marks; not historical full L2"
btc-updown-15m-1788876000,False,False,,,,,,,,,,,,,,,,464,0,0,0,0,0,0,0.01,,,,1.095467,0.3842554088364946,,,0.3349030849030849,3,,,,,,,,,232,346,0,209.975,209.975,"LOCAL_RECORDED, fill-conditioned marks; not historical full L2"
btc-updown-15m-1788876900,False,False,,,,,,,,,,,,,,,,450,0,0,0,0,0,0,0.01,,,,1.0780742,0.38771046420891636,,,0.38063063063063063,3,,,,,,,,,225,328,0,251.9,251.9,"LOCAL_RECORDED, fill-conditioned marks; not historical full L2"
btc-updown-15m-1788877800,False,False,,,,,,,,,,,,,,,,470,0,0,0,0,0,0,0.01,,,,1.090582,0.3748618811998687,,,0.3177625677625677,3,,,,,,,,,235,330,0,185.0,186.935,"LOCAL_RECORDED, fill-conditioned marks; not historical full L2"
btc-updown-15m-1788878700,False,False,,,,,,,,,,,,,,,,490,0,0,0,0,0,0,0.01,,,,1.068191,0.38467283823915044,,,0.3858956358956359,3,,,,,,,,,245,345,0,235.0,259.92,"LOCAL_RECORDED, fill-conditioned marks; not historical full L2"
btc-updown-15m-1788879600,False,False,,,,,,,,,,,,,,,,490,0,0,0,0,0,0,0.01,,,,1.080761,0.3854764110540053,,,0.3587516087516087,3,,,,,,,,,245,347,0,201.99,202.76,"LOCAL_RECORDED, fill-conditioned marks; not historical full L2"
btc-updown-15m-1788880500,False,False,,,,,,,,,,,,,,,,266,0,0,0,0,0,0,0.01,,,,1.1031684,0.2434501229684439,,,0.23931398931398928,3,,,,,,,,,133,219,0,201.46,201.54,"LOCAL_RECORDED, fill-conditioned marks; not historical full L2"
btc-updown-15m-1788881400,False,False,,,,,,,,,,,,,,,,94,0,1,0,0,0,0,0.01,,,,1.0442541,0.3978800419368694,,,0.6855621855621855,3,,,,,,,,,47,357,0,219.1,226.0,"LOCAL_RECORDED, fill-conditioned marks; not historical full L2"
btc-updown-15m-1788882300,False,False,,,,,,,,,,,,,,,,6,0,1,1,0,0,0,0.01,,,96.84,1.400075,0.389025996848685,,,0.25430341055341055,4,,,,,,,,,3,218,5,125.78999999999999,154.05,"LOCAL_RECORDED, fill-conditioned marks; not historical full L2"
btc-updown-15m-1788884100,False,False,,,,,,,,,,,,,,,,96,0,0,0,0,0,0,0.01,,,,0.8256094999999999,0.39935678080339065,,,0.825075075075075,3,,,,,,,,,48,80,0,140.225,140.225,"LOCAL_RECORDED, fill-conditioned marks; not historical full L2"
btc-updown-15m-1788885000,False,False,,,,,,,,,,,,,,,,432,0,0,0,0,0,0,0.01,,,,1.1167459,0.3964635888881239,,,0.4881342381342381,3,,,,,,,,,216,357,0,186.83,185.0,"LOCAL_RECORDED, fill-conditioned marks; not historical full L2"
btc-updown-15m-1788885900,False,False,,,,,,,,,,,,,,,,442,0,0,0,0,0,0,0.01,,,,1.068221,0.39538681641177925,,,0.5315802815802816,3,,,,,,,,,221,356,0,185.13,185.0,"LOCAL_RECORDED, fill-conditioned marks; not historical full L2"
btc-updown-15m-1788886800,False,False,,,,,,,,,,,,,,,,494,0,0,0,0,0,0,0.01,,,,1.055432,0.39742848009826626,,,0.6267208767208767,3,,,,,,,,,247,358,0,178.495,178.495,"LOCAL_RECORDED, fill-conditioned marks; not historical full L2"
btc-updown-15m-1788887700,False,False,,,,,,,,,,,,,,,,286,0,0,0,0,0,0,0.01,,,,1.076408,0.36202624305957404,,,0.31286806286806285,3,,,,,,,,,143,326,0,208.0,208.0,"LOCAL_RECORDED, fill-conditioned marks; not historical full L2"
btc-updown-15m-1788888600,False,False,,,,,,,,,,,,,,,,490,0,0,0,0,0,0,0.01,,,,1.0819232,0.3944870870870228,,,0.47557622557622553,3,,,,,,,,,245,355,0,175.65,171.0,"LOCAL_RECORDED, fill-conditioned marks; not historical full L2"
btc-updown-15m-1788889500,False,False,,,,,,,,,,,,,,,,368,0,0,0,0,0,0,0.01,,,,1.11215945,0.3980646063160055,,,0.5344857844857844,3,,,,,,,,,184,358,0,164.5,164.5,"LOCAL_RECORDED, fill-conditioned marks; not historical full L2"
btc-updown-15m-1788890400,False,False,,,,,,,,,,,,,,,,436,0,0,0,0,0,0,0.01,,,,1.1152164,0.3965847816344983,,,0.4969092469092469,3,,,,,,,,,218,357,0,277.52,276.51,"LOCAL_RECORDED, fill-conditioned marks; not historical full L2"
btc-updown-15m-1788891300,False,False,,,,,,,,,,,,,,,,362,0,0,0,0,0,0,0.01,,,,1.0747739,0.36658804181428445,,,0.33619008619008617,3,,,,,,,,,181,330,0,227.42000000000002,227.42000000000002,"LOCAL_RECORDED, fill-conditioned marks; not historical full L2"
btc-updown-15m-1788892200,False,False,,,,,,,,,,,,,,,,436,0,0,0,0,0,0,0.01,,,,1.0974452000000001,0.3978585824596265,,,0.5482332982332982,3,,,,,,,,,218,358,0,205.5,205.5,"LOCAL_RECORDED, fill-conditioned marks; not historical full L2"
btc-updown-15m-1788893100,False,False,,,,,,,,,,,,,,,,448,0,0,0,0,0,0,0.01,,,,1.1231963999999999,0.397289172326541,,,0.5067762567762568,3,,,,,,,,,224,357,0,228.97,228.27,"LOCAL_RECORDED, fill-conditioned marks; not historical full L2"
btc-updown-15m-1788894000,False,False,,,,,,,,,,,,,,,,494,0,0,0,0,0,0,0.01,,,,1.0506098,0.39567118646841365,,,0.5925568425568425,3,,,,,,,,,247,356,0,175.5,175.5,"LOCAL_RECORDED, fill-conditioned marks; not historical full L2"
btc-updown-15m-1788894900,False,False,,,,,,,,,,,,,,,,384,0,0,0,0,0,0,0.01,,,,1.056584,0.35947660985031715,,,0.34804609804609804,3,,,,,,,,,192,322,0,180.82999999999998,180.82999999999998,"LOCAL_RECORDED, fill-conditioned marks; not historical full L2"
btc-updown-15m-1788895800,False,False,,,,,,,,,,,,,,,,438,0,0,0,0,0,0,0.01,,,,1.075755,0.38978189770666627,,,0.40966615966615966,3,,,,,,,,,219,350,0,183.285,183.285,"LOCAL_RECORDED, fill-conditioned marks; not historical full L2"
btc-updown-15m-1788896700,False,False,,,,,,,,,,,,,,,,496,0,0,0,0,0,0,0.01,,,,1.0785565,0.39361926139036046,,,0.45849420849420847,3,,,,,,,,,248,354,0,179.965,179.965,"LOCAL_RECORDED, fill-conditioned marks; not historical full L2"
btc-updown-15m-1788897600,False,False,,,,,,,,,,,,,,,,432,0,0,0,0,0,0,0.01,,,,1.28976915,0.3957315704196885,,,0.4332221832221832,3,,,,,,,,,216,355,0,204.0,201.0,"LOCAL_RECORDED, fill-conditioned marks; not historical full L2"
btc-updown-15m-1788898500,False,False,,,,,,,,,,,,,,,,390,0,0,0,0,0,0,0.01,,,,1.1063548,0.36327828754252495,,,0.28254553254553255,3,,,,,,,,,195,327,0,183.28,184.58,"LOCAL_RECORDED, fill-conditioned marks; not historical full L2"
btc-updown-15m-1788899400,False,False,,,,,,,,,,,,,,,,470,0,0,0,0,0,0,0.01,,,,1.108615,0.39140501322148896,,,0.37316212316212316,3,,,,,,,,,235,353,0,209.74,201.66,"LOCAL_RECORDED, fill-conditioned marks; not historical full L2"
btc-updown-15m-1788900300,False,False,,,,,,,,,,,,,,,,464,0,0,0,0,0,0,0.01,,,,1.08576845,0.39671146489350334,,,0.5388927888927889,3,,,,,,,,,232,356,0,176.0,176.0,"LOCAL_RECORDED, fill-conditioned marks; not historical full L2"
btc-updown-15m-1788901200,False,False,,,,,,,,,,,,,,,,450,0,0,0,0,0,0,0.01,,,,1.160121,0.3976417265953961,,,0.5033052533052533,3,,,,,,,,,225,358,0,192.635,192.635,"LOCAL_RECORDED, fill-conditioned marks; not historical full L2"
btc-updown-15m-1788902100,False,False,,,,,,,,,,,,,,,,412,0,0,0,0,0,0,0.01,,,,1.0853517,0.36645815665371995,,,0.3167290667290667,3,,,,,,,,,206,330,0,190.0,190.0,"LOCAL_RECORDED, fill-conditioned marks; not historical full L2"
btc-updown-15m-1788903000,False,False,,,,,,,,,,,,,,,,434,0,0,0,0,0,0,0.01,,,,1.0745329,0.38968937321176556,,,0.4127276627276627,3,,,,,,,,,217,351,0,165.0,165.0,"LOCAL_RECORDED, fill-conditioned marks; not historical full L2"
btc-updown-15m-1788903900,False,False,,,,,,,,,,,,,,,,352,0,0,0,0,0,0,0.01,,,,1.2799255,0.3946549750290561,,,0.3943781443781444,3,,,,,,,,,176,354,0,171.32,171.32,"LOCAL_RECORDED, fill-conditioned marks; not historical full L2"
btc-updown-15m-1788904800,False,False,,,,,,,,,,,,,,,,466,0,0,0,0,0,0,0.01,,,,1.0632158,0.38924286065829533,,,0.43842868842868843,3,,,,,,,,,233,350,0,154.67000000000002,154.67000000000002,"LOCAL_RECORDED, fill-conditioned marks; not historical full L2"
btc-updown-15m-1788905700,False,False,,,,,,,,,,,,,,,,264,0,0,0,0,0,0,0.01,,,,1.0865874500000001,0.3963359869297473,,,0.5242872742872743,3,,,,,,,,,132,310,0,146.14,146.14,"LOCAL_RECORDED, fill-conditioned marks; not historical full L2"
btc-updown-15m-1788906600,False,False,,,,,,,,,,,,,,,,174,0,0,0,0,0,0,0.01,,,,1.1265951,0.39451805934001455,,,0.42296517296517294,3,,,,,,,,,87,252,0,179.425,179.425,"LOCAL_RECORDED, fill-conditioned marks; not historical full L2"
btc-updown-15m-1788937200,False,False,SUCCESS_PUBLIC_HISTORY,576,19068.286292,12306.222357977409,10.061728500000001,1.5308355,64.333,78.0,0.64,8,0.4842003717470692,4,,,PUBLIC_HISTORICAL,0,0,0,0,0,0,0,,,,,,,0.64,19068.286292,,2,1788937200,weekday,2026-07-27,2026-09-20,2026-09-09,3,00-06,6,,,,,,
btc-updown-15m-1788954300,False,False,,,,,,,,,,,,,,,,298,0,0,0,0,0,0,0.008,,,,1.2506492,0.3806924508474966,,,0.4299071799071799,3,,,,,,,,,149,238,0,283.76,270.0,"LOCAL_RECORDED, fill-conditioned marks; not historical full L2"
btc-updown-15m-1788955200,False,False,,,,,,,,,,,,,,,,246,0,2,1,0,0,0,0.01,,,61.5,1.016858,0.38983999061274266,,,0.45909200596700594,4,,,,,,,,,123,349,5,175.12,180.0,"LOCAL_RECORDED, fill-conditioned marks; not historical full L2"
btc-updown-15m-1788956100,False,False,,,,,,,,,,,,,,,,428,0,0,0,0,0,0,0.01,,,,1.0341985500000002,0.392263711602346,,,0.5737198237198237,3,,,,,,,,,214,352,0,115.695,115.695,"LOCAL_RECORDED, fill-conditioned marks; not historical full L2"
btc-updown-15m-1788957000,False,False,,,,,,,,,,,,,,,,420,0,0,0,0,0,0,0.01,,,,1.07903715,0.38865618826568127,,,0.3906146406146406,3,,,,,,,,,210,350,0,113.0,113.0,"LOCAL_RECORDED, fill-conditioned marks; not historical full L2"
btc-updown-15m-1788957900,False,False,,,,,,,,,,,,,,,,212,0,1,0,0,0,0,0.01,,,,1.0397465000000001,0.35631965891354095,,,0.40839865839865835,3,,,,,,,,,106,321,0,183.0,183.0,"LOCAL_RECORDED, fill-conditioned marks; not historical full L2"
btc-updown-15m-1788958800,False,False,,,,,,,,,,,,,,,,172,0,2,0,1,0,0,0.01,,,,0.98639135,0.3956149420215326,,,0.7322549822549822,3,,,,,,,,,86,356,0,202.7,202.7,"LOCAL_RECORDED, fill-conditioned marks; not historical full L2"
btc-updown-15m-1788959700,False,False,,,,,,,,,,,,,,,,472,0,0,0,0,0,0,0.01,,,,1.0433625,0.3950535070598104,,,0.6056218556218557,3,,,,,,,,,236,354,0,190.07999999999998,190.07999999999998,"LOCAL_RECORDED, fill-conditioned marks; not historical full L2"
btc-updown-15m-1788960600,False,False,,,,,,,,,,,,,,,,168,0,1,0,0,0,0,0.01,,,,0.96442545,0.3858395899729873,,,0.5793553293553293,3,,,,,,,,,84,346,0,180.765,180.765,"LOCAL_RECORDED, fill-conditioned marks; not historical full L2"
btc-updown-15m-1788961500,False,False,,,,,,,,,,,,,,,,362,0,0,0,0,0,0,0.01,,,,1.025888,0.35661566575643083,,,0.4578897078897079,3,,,,,,,,,181,321,0,150.0,150.0,"LOCAL_RECORDED, fill-conditioned marks; not historical full L2"
btc-updown-15m-1788962400,False,False,,,,,,,,,,,,,,,,166,0,1,0,0,0,0,0.01,,,,1.0863158,0.38006846009965906,,,0.3324265824265824,3,,,,,,,,,83,341,0,238.14,253.83,"LOCAL_RECORDED, fill-conditioned marks; not historical full L2"
btc-updown-15m-1788963300,False,False,,,,,,,,,,,,,,,,56,0,2,0,1,0,0,0.01,,,,0.7987960999999999,0.34647717249701043,,,0.5076732576732577,3,,,,,,,,,28,276,0,188.5,188.5,"LOCAL_RECORDED, fill-conditioned marks; not historical full L2"
btc-updown-15m-1788964200,False,False,,,,,,,,,,,,,,,,398,0,0,0,0,0,0,0.01,,,,1.0268288,0.3925620302833255,,,0.6035158535158535,3,,,,,,,,,199,325,0,181.23,184.0,"LOCAL_RECORDED, fill-conditioned marks; not historical full L2"
btc-updown-15m-1788965100,False,False,,,,,,,,,,,,,,,,434,0,0,0,0,0,0,0.01,,,,1.044326,0.38473794316597576,,,0.4654167154167154,3,,,,,,,,,217,346,0,209.13,209.13,"LOCAL_RECORDED, fill-conditioned marks; not historical full L2"
btc-updown-15m-1788966000,False,False,,,,,,,,,,,,,,,,384,0,0,0,0,0,0,0.01,,,,1.069248,0.38153556094284513,,,0.37123162123162123,3,,,,,,,,,192,341,0,188.15,200.0,"LOCAL_RECORDED, fill-conditioned marks; not historical full L2"
btc-updown-15m-1788966900,False,False,,,,,,,,,,,,,,,,0,0,0,0,0,0,0,,,,,,0.38778256917685844,,,,1,,,,,,,,,0,349,0,212.63,214.93,"LOCAL_RECORDED, fill-conditioned marks; not historical full L2"
btc-updown-15m-1788967800,False,False,,,,,,,,,,,,,,,,0,0,0,0,0,0,0,,,,,,,,,,0,,,,,,,,,0,0,0,,,"LOCAL_RECORDED, fill-conditioned marks; not historical full L2"
btc-updown-15m-1788968700,False,False,,,,,,,,,,,,,,,,264,0,0,0,0,0,0,0.01,,,,1.0482939500000001,0.3927187268821622,,,0.5267637767637767,3,,,,,,,,,132,181,0,192.0,193.75,"LOCAL_RECORDED, fill-conditioned marks; not historical full L2"
btc-updown-15m-1788969600,False,False,,,,,,,,,,,,,,,,404,0,0,0,0,0,0,0.01,,,,1.0139936,0.3955883042893719,,,0.7082894582894583,3,,,,,,,,,202,356,0,186.63,186.63,"LOCAL_RECORDED, fill-conditioned marks; not historical full L2"
btc-updown-15m-1788970500,False,False,,,,,,,,,,,,,,,,478,0,0,0,0,0,0,0.01,,,,1.032896,0.39013650057874677,,,0.5580808080808081,3,,,,,,,,,239,350,0,206.57999999999998,206.57999999999998,"LOCAL_RECORDED, fill-conditioned marks; not historical full L2"
btc-updown-15m-1788971400,False,False,,,,,,,,,,,,,,,,428,0,0,0,0,0,0,0.01,,,,1.097124,0.39550223759067415,,,0.4863012363012363,3,,,,,,,,,214,356,0,244.775,244.775,"LOCAL_RECORDED, fill-conditioned marks; not historical full L2"
btc-updown-15m-1788972300,False,False,,,,,,,,,,,,,,,,326,0,0,0,0,0,0,0.01,,,,1.0496021,0.3637180883947338,,,0.3950996450996451,3,,,,,,,,,163,326,0,170.0,170.0,"LOCAL_RECORDED, fill-conditioned marks; not historical full L2"
btc-updown-15m-1788973200,False,False,,,,,,,,,,,,,,,,454,0,0,0,0,0,0,0.01,,,,1.034737,0.3926142696645116,,,0.5794333294333295,3,,,,,,,,,227,352,0,190.495,196.155,"LOCAL_RECORDED, fill-conditioned marks; not historical full L2"
btc-updown-15m-1788974100,False,False,,,,,,,,,,,,,,,,382,0,0,0,0,0,0,0.01,,,,1.0609742,0.39412653390613744,,,0.5193537693537693,3,,,,,,,,,191,354,0,206.54000000000002,206.54000000000002,"LOCAL_RECORDED, fill-conditioned marks; not historical full L2"
btc-updown-15m-1788975000,False,False,,,,,,,,,,,,,,,,422,0,0,0,0,0,0,0.01,,,,1.250924,0.3971943960135807,,,0.4753032253032253,3,,,,,,,,,211,356,0,197.91000000000003,197.91000000000003,"LOCAL_RECORDED, fill-conditioned marks; not historical full L2"
btc-updown-15m-1788975900,False,False,,,,,,,,,,,,,,,,408,0,0,0,0,0,0,0.01,,,,1.10698985,0.3648500661372753,,,0.2838130338130338,3,,,,,,,,,204,328,0,148.85,148.27499999999998,"LOCAL_RECORDED, fill-conditioned marks; not historical full L2"
btc-updown-15m-1788976800,False,False,,,,,,,,,,,,,,,,388,0,0,0,0,0,0,0.01,,,,1.10966295,0.39860327492026393,,,0.5533618033618034,3,,,,,,,,,194,358,0,240.83999999999997,240.83999999999997,"LOCAL_RECORDED, fill-conditioned marks; not historical full L2"
btc-updown-15m-1788977700,False,False,,,,,,,,,,,,,,,,394,0,0,0,0,0,0,0.01,,,,1.0478048,0.3984546339939656,,,0.6827249327249327,3,,,,,,,,,197,358,0,207.5,207.5,"LOCAL_RECORDED, fill-conditioned marks; not historical full L2"
btc-updown-15m-1788978600,False,False,,,,,,,,,,,,,,,,408,0,0,0,0,0,0,0.01,,,,1.0595255,0.39695793755755704,,,0.6074938574938574,3,,,,,,,,,204,356,0,209.04500000000002,209.04500000000002,"LOCAL_RECORDED, fill-conditioned marks; not historical full L2"
btc-updown-15m-1788979500,False,False,,,,,,,,,,,,,,,,394,0,0,0,0,0,0,0.01,,,,1.0632815500000001,0.3605136095645533,,,0.3373600873600873,3,,,,,,,,,197,324,0,236.095,236.095,"LOCAL_RECORDED, fill-conditioned marks; not historical full L2"
btc-updown-15m-1788980400,False,False,,,,,,,,,,,,,,,,404,0,0,0,0,0,0,0.01,,,,1.04072,0.3938626048305769,,,0.5857123357123357,3,,,,,,,,,202,354,0,90.0,90.0,"LOCAL_RECORDED, fill-conditioned marks; not historical full L2"
btc-updown-15m-1788981300,False,False,,,,,,,,,,,,,,,,454,0,0,0,0,0,0,0.01,,,,1.0932811,0.3952852935640905,,,0.4836492336492337,3,,,,,,,,,227,356,0,194.76999999999998,194.76999999999998,"LOCAL_RECORDED, fill-conditioned marks; not historical full L2"
btc-updown-15m-1788982200,False,False,,,,,,,,,,,,,,,,340,0,0,0,0,0,0,0.01,,,,1.0558939,0.39671438641955425,,,0.6079033579033579,3,,,,,,,,,170,356,0,261.14,261.14,"LOCAL_RECORDED, fill-conditioned marks; not historical full L2"
btc-updown-15m-1788983100,False,False,,,,,,,,,,,,,,,,264,0,0,0,0,0,0,0.01,,,,1.061942,0.36113493390438006,,,0.34613509613509613,3,,,,,,,,,132,324,0,166.365,166.365,"LOCAL_RECORDED, fill-conditioned marks; not historical full L2"
btc-updown-15m-1788984000,False,False,,,,,,,,,,,,,,,,468,0,0,0,0,0,0,0.01,,,,1.054187,0.39650366331074827,,,0.6051928551928552,3,,,,,,,,,234,356,0,217.055,217.055,"LOCAL_RECORDED, fill-conditioned marks; not historical full L2"
btc-updown-15m-1788984900,False,False,,,,,,,,,,,,,,,,456,0,0,0,0,0,0,0.01,,,,1.071056,0.3980984534095879,,,0.6034963534963534,3,,,,,,,,,228,358,0,219.45999999999998,219.45999999999998,"LOCAL_RECORDED, fill-conditioned marks; not historical full L2"
btc-updown-15m-1788985800,False,False,,,,,,,,,,,,,,,,428,0,0,0,0,0,0,0.01,,,,1.130838,0.3947114683430545,,,0.4242911742911743,3,,,,,,,,,214,354,0,439.65,439.65,"LOCAL_RECORDED, fill-conditioned marks; not historical full L2"
btc-updown-15m-1788986700,False,False,,,,,,,,,,,,,,,,346,0,0,0,0,0,0,0.01,,,,1.0504240500000002,0.3609949797277569,,,0.3762236262236262,3,,,,,,,,,173,324,0,209.625,209.625,"LOCAL_RECORDED, fill-conditioned marks; not historical full L2"
btc-updown-15m-1788987600,False,False,,,,,,,,,,,,,,,,410,0,0,0,0,0,0,0.01,,,,1.05679,0.39317927823809584,,,0.5052747552747553,3,,,,,,,,,205,353,0,249.0,249.0,"LOCAL_RECORDED, fill-conditioned marks; not historical full L2"
btc-updown-15m-1788988500,False,False,,,,,,,,,,,,,,,,450,0,0,0,0,0,0,0.01,,,,1.036028,0.3981855880654718,,,0.7235579735579736,3,,,,,,,,,225,358,0,201.75,201.75,"LOCAL_RECORDED, fill-conditioned marks; not historical full L2"
btc-updown-15m-1788989400,False,False,,,,,,,,,,,,,,,,428,0,0,0,0,0,0,0.01,,,,1.04533305,0.39743636082459044,,,0.6657014157014157,3,,,,,,,,,214,356,0,178.82999999999998,178.82999999999998,"LOCAL_RECORDED, fill-conditioned marks; not historical full L2"
btc-updown-15m-1788990300,False,False,,,,,,,,,,,,,,,,378,0,0,0,0,0,0,0.01,,,,1.1615891,0.3606409994715783,,,0.2261319761319761,3,,,,,,,,,189,324,0,180.0,180.0,"LOCAL_RECORDED, fill-conditioned marks; not historical full L2"
btc-updown-15m-1788991200,False,False,,,,,,,,,,,,,,,,402,0,0,0,0,0,0,0.01,,,,1.049013,0.39844941924083027,,,0.6752759252759253,3,,,,,,,,,201,358,0,204.0,204.0,"LOCAL_RECORDED, fill-conditioned marks; not historical full L2"
btc-updown-15m-1788992100,False,False,,,,,,,,,,,,,,,,414,0,0,0,0,0,0,0.01,,,,1.1244469,0.3955622241775253,,,0.4562127062127062,3,,,,,,,,,207,356,0,174.445,174.445,"LOCAL_RECORDED, fill-conditioned marks; not historical full L2"
btc-updown-15m-1788993000,False,False,,,,,,,,,,,,,,,,218,0,0,0,0,0,0,0.01,,,,1.0452432,0.3976218360679514,,,0.6700889200889201,3,,,,,,,,,109,176,0,164.785,164.785,"LOCAL_RECORDED, fill-conditioned marks; not historical full L2"
btc-updown-15m-1789040700,False,False,,,,,,,,,,,,,,,,402,0,0,0,0,0,0,0.01,,,,1.036792,0.3920826289642138,,,0.5573788073788073,3,,,,,,,,,201,291,0,285.24,275.0,"LOCAL_RECORDED, fill-conditioned marks; not historical full L2"
btc-updown-15m-1789041600,False,False,,,,,,,,,,,,,,,,88,0,1,0,0,0,0,0.01,,,,0.87542155,0.39248822050319215,,,0.6531824031824032,3,,,,,,,,,44,352,0,225.065,225.065,"LOCAL_RECORDED, fill-conditioned marks; not historical full L2"
btc-updown-15m-1789042500,False,False,,,,,,,,,,,,,,,,148,0,2,2,0,0,0,0.01,,,191.88,0.854951,0.38938106469515515,,,0.5766222797472798,4,,,,,,,,,74,350,10,177.47500000000002,177.47500000000002,"LOCAL_RECORDED, fill-conditioned marks; not historical full L2"
btc-updown-15m-1789043400,False,False,,,,,,,,,,,,,,,,8,0,1,1,0,0,0,0.01,,,108.035,0.715954,0.39176608105811433,,,0.5292564276939277,4,,,,,,,,,4,352,5,304.5,304.5,"LOCAL_RECORDED, fill-conditioned marks; not historical full L2"
btc-updown-15m-1789044300,False,False,,,,,,,,,,,,,,,,234,0,0,0,0,0,0,0.01,,,,1.040894,0.23057942971010204,,,0.38507663507663503,3,,,,,,,,,117,208,0,255.49,267.89,"LOCAL_RECORDED, fill-conditioned marks; not historical full L2"
btc-updown-15m-1789045200,False,False,SUCCESS_PUBLIC_HISTORY,1422,36614.732469,20480.483225998374,7.0,0.02,50.0,12.0,1.58,8,1.1374093370462544,4,,,PUBLIC_HISTORICAL,312,0,2,2,1,0,0,0.01,,,47.5,0.9413505500000001,0.3878526044172171,1.58,36614.732469,0.6116540647790648,6,1789045200,weekday,2026-07-27,2026-09-20,2026-09-10,9,06-12,6,156,348,10,188.49,188.49,"LOCAL_RECORDED, fill-conditioned marks; not historical full L2"
btc-updown-15m-1789046100,False,False,,,,,,,,,,,,,,,,158,0,2,2,0,0,0,0.01,,,134.5,1.0136371,0.3871344438108952,,,0.4866181116181116,4,,,,,,,,,79,348,10,180.0,180.0,"LOCAL_RECORDED, fill-conditioned marks; not historical full L2"
btc-updown-15m-1789047000,False,False,,,,,,,,,,,,,,,,2,0,1,0,0,0,0,0.01,,,,2.086627,0.3700306075791791,,,0.23241098241098238,3,,,,,,,,,1,332,0,200.58499999999998,200.58499999999998,"LOCAL_RECORDED, fill-conditioned marks; not historical full L2"
btc-updown-15m-1789047900,False,False,,,,,,,,,,,,,,,,2,0,1,1,0,0,0,0.01,,,287.56,2.552157,0.3776497065410014,,,0.3760264932139932,4,,,,,,,,,1,352,5,210.0,210.0,"LOCAL_RECORDED, fill-conditioned marks; not historical full L2"
btc-updown-15m-1789048800,False,False,,,,,,,,,,,,,,,,304,0,0,0,0,0,0,0.01,,,,1.0108865,0.39210636559589734,,,0.6218263718263718,3,,,,,,,,,152,236,0,170.65,170.65,"LOCAL_RECORDED, fill-conditioned marks; not historical full L2"
btc-updown-15m-1789049700,False,False,,,,,,,,,,,,,,,,178,0,1,0,0,0,0,0.01,,,,0.9976459,0.3858697572891082,,,0.5732908232908233,3,,,,,,,,,89,346,0,209.285,209.285,"LOCAL_RECORDED, fill-conditioned marks; not historical full L2"
btc-updown-15m-1789050600,False,False,,,,,,,,,,,,,,,,250,0,1,0,0,0,0,0.01,,,,1.007009,0.38761456300659963,,,0.5773858273858274,3,,,,,,,,,125,349,0,183.0,193.21,"LOCAL_RECORDED, fill-conditioned marks; not historical full L2"
btc-updown-15m-1789051500,False,False,,,,,,,,,,,,,,,,228,0,2,2,1,0,0,0.01,,,234.29500000000002,1.0406985,0.39111490432396784,,,0.5242848367848368,4,,,,,,,,,114,352,10,249.215,249.215,"LOCAL_RECORDED, fill-conditioned marks; not historical full L2"
btc-updown-15m-1789052400,False,False,,,,,,,,,,,,,,,,264,0,3,2,0,0,0,0.01,,,256.44,1.0372124,0.35873839003688857,,,0.4870513776763777,4,,,,,,,,,132,322,10,211.755,215.075,"LOCAL_RECORDED, fill-conditioned marks; not historical full L2"
btc-updown-15m-1789053300,False,False,,,,,,,,,,,,,,,,20,0,2,2,0,0,0,0.01,,,194.22500000000002,1.00837205,0.39168677822044484,,,0.5804421507546508,4,,,,,,,,,10,352,10,212.5,215.5,"LOCAL_RECORDED, fill-conditioned marks; not historical full L2"
btc-updown-15m-1789054200,False,False,,,,,,,,,,,,,,,,136,0,2,2,0,0,0,0.01,,,189.53500000000003,1.0276480000000001,0.3950140065364501,,,0.594111055048555,4,,,,,,,,,68,354,10,184.765,184.765,"LOCAL_RECORDED, fill-conditioned marks; not historical full L2"
btc-updown-15m-1789055100,False,False,,,,,,,,,,,,,,,,456,0,0,0,0,0,0,0.01,,,,1.0230394999999999,0.38592124098955144,,,0.5477067977067978,3,,,,,,,,,228,346,0,130.9,130.9,"LOCAL_RECORDED, fill-conditioned marks; not historical full L2"
btc-updown-15m-1789056000,False,False,,,,,,,,,,,,,,,,16,0,2,2,0,0,0,0.01,,,165.65,0.7638098499999999,0.38571455926293574,,,0.537319381069381,4,,,,,,,,,8,192,10,184.49,184.49,"LOCAL_RECORDED, fill-conditioned marks; not historical full L2"
btc-updown-15m-1789129800,False,False,,,,,,,,,,,,,,,,306,0,0,0,0,0,0,0.01,,,,1.026023,0.3952452728498362,,,0.6713954213954214,3,,,,,,,,,153,214,0,112.89,112.89,"LOCAL_RECORDED, fill-conditioned marks; not historical full L2"
btc-updown-15m-1789130700,False,False,,,,,,,,,,,,,,,,426,0,0,0,0,0,0,0.01,,,,1.028677,0.39152432053316155,,,0.5801938301938302,3,,,,,,,,,213,306,0,290.615,289.615,"LOCAL_RECORDED, fill-conditioned marks; not historical full L2"
btc-updown-15m-1789131600,False,False,,,,,,,,,,,,,,,,228,0,0,0,0,0,0,0.01,,,,1.06545145,0.3930045893842583,,,0.4858722358722359,3,,,,,,,,,114,189,0,442.8,453.37,"LOCAL_RECORDED, fill-conditioned marks; not historical full L2"
btc-updown-15m-1789132500,False,False,,,,,,,,,,,,,,,,174,0,4,1,3,0,0,0.01,,,442.305,0.996279,0.3968305450651755,,,0.8128921332046332,4,,,,,,,,,87,356,5,279.19,279.19,"LOCAL_RECORDED, fill-conditioned marks; not historical full L2"
btc-updown-15m-1789133400,False,False,,,,,,,,,,,,,,,,38,0,2,1,0,0,0,0.01,,,344.20500000000004,1.036763,0.3899833231769291,,,0.6227587165087165,4,,,,,,,,,19,128,5,269.41499999999996,286.0,"LOCAL_RECORDED, fill-conditioned marks; not historical full L2"
btc-updown-15m-1789134300,False,False,,,,,,,,,,,,,,,,300,0,0,0,0,0,0,0.001,,,,1.0759601,0.38888921988357644,,,0.566982566982567,3,,,,,,,,,150,257,0,1000.0,1000.0,"LOCAL_RECORDED, fill-conditioned marks; not historical full L2"
btc-updown-15m-1789135200,False,False,,,,,,,,,,,,,,,,56,0,1,0,0,0,0,0.01,,,,0.73363285,0.3520601891761132,,,0.5121192621192621,3,,,,,,,,,28,310,0,248.64,248.64,"LOCAL_RECORDED, fill-conditioned marks; not historical full L2"
btc-updown-15m-1789136100,False,False,,,,,,,,,,,,,,,,114,0,1,1,0,0,0,0.01,,,265.13,1.3683808,0.32024362309088006,,,0.3229349479349479,4,,,,,,,,,57,262,5,240.0,240.0,"LOCAL_RECORDED, fill-conditioned marks; not historical full L2"
btc-updown-15m-1789137000,False,False,,,,,,,,,,,,,,,,36,0,0,0,0,0,0,0.01,,,,2.12404205,0.2801551013349017,,,0.17318942318942318,3,,,,,,,,,18,40,0,206.5,206.5,"LOCAL_RECORDED, fill-conditioned marks; not historical full L2"
btc-updown-15m-1789138800,False,False,,,,,,,,,,,,,,,,0,0,0,0,0,0,0,,,,,,,,,,0,,,,,,,,,0,0,0,,,"LOCAL_RECORDED, fill-conditioned marks; not historical full L2"
btc-updown-15m-1789139700,False,False,,,,,,,,,,,,,,,,218,0,1,0,0,0,0,0.01,,,,1.0076132,0.3839309083141511,,,0.5556823056823057,3,,,,,,,,,109,302,0,349.5,344.5,"LOCAL_RECORDED, fill-conditioned marks; not historical full L2"
btc-updown-15m-1789140600,False,False,,,,,,,,,,,,,,,,76,0,2,2,1,0,0,0.01,,,110.0,0.9351110499999999,0.38683787225414035,,,0.4890550046800047,4,,,,,,,,,38,347,6,298.0,302.66,"LOCAL_RECORDED, fill-conditioned marks; not historical full L2"
btc-updown-15m-1789141500,False,False,,,,,,,,,,,,,,,,154,0,2,2,0,0,0,0.01,,,243.25,1.0348128,0.39020461942274043,,,0.5691361003861004,4,,,,,,,,,77,350,10,245.24,245.24,"LOCAL_RECORDED, fill-conditioned marks; not historical full L2"
btc-updown-15m-1789142400,False,False,,,,,,,,,,,,,,,,124,0,1,0,0,0,0,0.01,,,,0.8558124,0.3883887735492999,,,0.6085078585078585,3,,,,,,,,,62,348,0,266.54999999999995,266.54999999999995,"LOCAL_RECORDED, fill-conditioned marks; not historical full L2"
btc-updown-15m-1789143300,False,False,,,,,,,,,,,,,,,,214,0,0,0,0,0,0,0.01,,,,1.0335108,0.3599536608624281,,,0.444025194025194,3,,,,,,,,,107,323,0,244.0,242.78,"LOCAL_RECORDED, fill-conditioned marks; not historical full L2"
btc-updown-15m-1789144200,False,False,,,,,,,,,,,,,,,,0,0,0,0,0,0,0,,,,,,0.3822210534155733,,,,1,,,,,,,,,0,343,0,280.0,283.93,"LOCAL_RECORDED, fill-conditioned marks; not historical full L2"
btc-updown-15m-1789145100,False,False,,,,,,,,,,,,,,,,424,0,0,0,0,0,0,0.01,,,,1.0495869999999998,0.39546161635699306,,,0.5899633399633399,3,,,,,,,,,212,355,0,213.21,214.0,"LOCAL_RECORDED, fill-conditioned marks; not historical full L2"
btc-updown-15m-1789146000,False,False,,,,,,,,,,,,,,,,450,0,0,0,0,0,0,0.01,,,,1.0323349,0.39556731324732847,,,0.6663644163644163,3,,,,,,,,,225,356,0,299.81,299.81,"LOCAL_RECORDED, fill-conditioned marks; not historical full L2"
btc-updown-15m-1789146900,False,False,,,,,,,,,,,,,,,,148,0,2,2,1,1,0,0.01,,,155.0,1.0372727,0.35947427055909364,,,0.40107000263250264,4,,,,,,,,,74,322,5,215.91500000000002,213.005,"LOCAL_RECORDED, fill-conditioned marks; not historical full L2"
btc-updown-15m-1789147800,False,False,,,,,,,,,,,,,,,,286,0,0,0,0,0,0,0.01,,,,1.066202,0.3973105189202179,,,0.5998108498108498,3,,,,,,,,,143,356,0,208.0,208.0,"LOCAL_RECORDED, fill-conditioned marks; not historical full L2"
btc-updown-15m-1789148700,False,False,,,,,,,,,,,,,,,,410,0,0,0,0,0,0,0.01,,,,1.089852,0.39516497893831115,,,0.48088023088023085,3,,,,,,,,,205,354,0,218.485,218.485,"LOCAL_RECORDED, fill-conditioned marks; not historical full L2"
btc-updown-15m-1789149600,False,False,,,,,,,,,,,,,,,,388,0,0,0,0,0,0,0.009,,,,1.1120866,0.394265850632856,,,0.5936195936195936,3,,,,,,,,,194,354,0,191.12,191.12,"LOCAL_RECORDED, fill-conditioned marks; not historical full L2"
btc-updown-15m-1789150500,False,False,,,,,,,,,,,,,,,,406,0,0,0,0,0,0,0.01,,,,1.0443318,0.36264437879755473,,,0.41485316485316487,3,,,,,,,,,203,326,0,282.185,272.0,"LOCAL_RECORDED, fill-conditioned marks; not historical full L2"
btc-updown-15m-1789151400,False,False,,,,,,,,,,,,,,,,430,0,0,0,0,0,0,0.01,,,,1.0289761,0.39366705555024,,,0.6190963690963691,3,,,,,,,,,215,354,0,240.0,240.0,"LOCAL_RECORDED, fill-conditioned marks; not historical full L2"
btc-updown-15m-1789152300,False,False,,,,,,,,,,,,,,,,464,0,0,0,0,0,0,0.01,,,,1.0238920500000002,0.3900949378074044,,,0.5836648336648337,3,,,,,,,,,232,350,0,292.13,292.13,"LOCAL_RECORDED, fill-conditioned marks; not historical full L2"
btc-updown-15m-1789153200,False,False,SUCCESS_PUBLIC_HISTORY,630,19112.177132,9877.471932003391,10.0,1.81,65.05000000000001,66.0,0.7,8,0.4448595283907044,6,,,PUBLIC_HISTORICAL,426,0,0,0,0,0,0,0.01,,,,1.060857,0.39288484603591717,0.7,19112.177132,0.42073827073827075,5,1789153200,weekday,2026-07-27,2026-09-20,2026-09-11,15,12-18,6,213,352,0,284.675,284.675,"LOCAL_RECORDED, fill-conditioned marks; not historical full L2"
btc-updown-15m-1789154100,False,False,,,,,,,,,,,,,,,,406,0,0,0,0,0,0,0.01,,,,1.025116,0.360623879221735,,,0.4724367224367224,3,,,,,,,,,203,324,0,265.98,265.98,"LOCAL_RECORDED, fill-conditioned marks; not historical full L2"
btc-updown-15m-1789155000,False,False,,,,,,,,,,,,,,,,488,0,0,0,0,0,0,0.01,,,,1.0216001000000001,0.39572558227352,,,0.7050524550524551,3,,,,,,,,,244,356,0,220.92000000000002,220.92000000000002,"LOCAL_RECORDED, fill-conditioned marks; not historical full L2"
btc-updown-15m-1789155900,False,False,,,,,,,,,,,,,,,,468,0,0,0,0,0,0,0.01,,,,1.02684945,0.3891128325532197,,,0.5616103116103116,3,,,,,,,,,234,350,0,231.615,234.69,"LOCAL_RECORDED, fill-conditioned marks; not historical full L2"
btc-updown-15m-1789156800,False,False,,,,,,,,,,,,,,,,420,0,0,0,0,0,0,0.01,,,,1.0562350500000002,0.3937796671844308,,,0.5212647712647712,3,,,,,,,,,210,354,0,287.97,287.97,"LOCAL_RECORDED, fill-conditioned marks; not historical full L2"
btc-updown-15m-1789157700,False,False,,,,,,,,,,,,,,,,428,0,0,0,0,0,0,0.01,,,,1.0442541,0.36171880496779163,,,0.41427791427791427,3,,,,,,,,,214,325,0,221.22,216.25,"LOCAL_RECORDED, fill-conditioned marks; not historical full L2"
btc-updown-15m-1789158600,False,False,,,,,,,,,,,,,,,,448,0,0,0,0,0,0,0.01,,,,1.0362049,0.39184895409307086,,,0.5604403104403104,3,,,,,,,,,224,352,0,177.25,177.25,"LOCAL_RECORDED, fill-conditioned marks; not historical full L2"
btc-updown-15m-1789159500,False,False,,,,,,,,,,,,,,,,438,0,0,0,0,0,0,0.01,,,,1.0214878,0.39540664988675844,,,0.6906809406809407,3,,,,,,,,,219,354,0,216.845,216.845,"LOCAL_RECORDED, fill-conditioned marks; not historical full L2"
btc-updown-15m-1789160400,False,False,,,,,,,,,,,,,,,,248,0,0,0,0,0,0,0.01,,,,1.0243030499999999,0.39209889668062253,,,0.6023653523653524,3,,,,,,,,,124,352,0,182.58999999999997,184.08499999999998,"LOCAL_RECORDED, fill-conditioned marks; not historical full L2"
btc-updown-15m-1789161300,False,False,,,,,,,,,,,,,,,,430,0,0,0,0,0,0,0.01,,,,1.052452,0.3622163107504864,,,0.37737412737412734,3,,,,,,,,,215,326,0,239.785,239.785,"LOCAL_RECORDED, fill-conditioned marks; not historical full L2"
btc-updown-15m-1789162200,False,False,,,,,,,,,,,,,,,,324,0,0,0,0,0,0,0.01,,,,1.008673,0.39855994508813003,,,0.7936605436605436,3,,,,,,,,,162,358,0,235.075,235.075,"LOCAL_RECORDED, fill-conditioned marks; not historical full L2"
btc-updown-15m-1789163100,False,False,,,,,,,,,,,,,,,,434,0,0,0,0,0,0,0.01,,,,1.075149,0.39688139765126934,,,0.5626828126828127,3,,,,,,,,,217,356,0,290.0,290.0,"LOCAL_RECORDED, fill-conditioned marks; not historical full L2"
btc-updown-15m-1789164000,False,False,,,,,,,,,,,,,,,,448,0,0,0,0,0,0,0.01,,,,1.02567005,0.3933850285911403,,,0.6253363753363753,3,,,,,,,,,224,354,0,237.5,228.18,"LOCAL_RECORDED, fill-conditioned marks; not historical full L2"
btc-updown-15m-1789164900,False,False,,,,,,,,,,,,,,,,338,0,0,0,0,0,0,0.01,,,,1.0294552,0.35730131019332667,,,0.4473206973206973,3,,,,,,,,,169,320,0,218.32,218.32,"LOCAL_RECORDED, fill-conditioned marks; not historical full L2"
btc-updown-15m-1789165800,False,False,,,,,,,,,,,,,,,,452,0,0,0,0,0,0,0.01,,,,1.0509593000000002,0.3925292350853697,,,0.5044752544752544,3,,,,,,,,,226,352,0,187.67000000000002,187.67000000000002,"LOCAL_RECORDED, fill-conditioned marks; not historical full L2"
btc-updown-15m-1789166700,False,False,,,,,,,,,,,,,,,,350,0,0,0,0,0,0,0.01,,,,1.045228,0.3875003626115605,,,0.4753422253422253,3,,,,,,,,,175,348,0,61.0,61.0,"LOCAL_RECORDED, fill-conditioned marks; not historical full L2"
btc-updown-15m-1789167600,False,False,,,,,,,,,,,,,,,,260,0,0,0,0,0,0,0.02,,,,1.14890195,0.3758351593949978,,,0.10518310518310518,3,,,,,,,,,130,338,0,94.7,94.7,"LOCAL_RECORDED, fill-conditioned marks; not historical full L2"
btc-updown-15m-1789168500,False,False,,,,,,,,,,,,,,,,406,0,0,0,0,0,0,0.01,,,,1.0672788,0.3617137543591655,,,0.337009087009087,3,,,,,,,,,203,326,0,154.99,163.47,"LOCAL_RECORDED, fill-conditioned marks; not historical full L2"
btc-updown-15m-1789169400,False,False,,,,,,,,,,,,,,,,382,0,0,0,0,0,0,0.01,,,,1.027089,0.3958083301323316,,,0.6928649428649428,3,,,,,,,,,191,354,0,169.5,169.5,"LOCAL_RECORDED, fill-conditioned marks; not historical full L2"
btc-updown-15m-1789170300,False,False,,,,,,,,,,,,,,,,362,0,0,0,0,0,0,0.01,,,,1.0500429,0.395892996706496,,,0.6057193557193558,3,,,,,,,,,181,306,0,170.5,170.5,"LOCAL_RECORDED, fill-conditioned marks; not historical full L2"
btc-updown-15m-1789174800,False,True,SUCCESS_PUBLIC_HISTORY,617,17405.456982,9460.245090982182,10.571429,3.0060000000000002,62.67272739999995,45.0,0.6855555555555556,8,0.6198790204547981,4,,,PUBLIC_HISTORICAL,0,0,0,0,0,0,0,,,,,,,0.6855555555555556,17405.456982,,2,1789174800,weekday,2026-07-27,2026-09-20,2026-09-11,21,18-24,6,,,,,,
btc-updown-15m-1789196400,True,True,SUCCESS_PUBLIC_HISTORY,402,12464.088872,8697.895039004032,10.0,3.2139546000000005,62.37244500000004,41.0,0.44666666666666666,8,0.528630305601183,4,,,PUBLIC_HISTORICAL,0,0,0,0,0,0,0,,,,,,,0.44666666666666666,12464.088872,,2,1789196400,weekend,2026-07-27,2026-09-20,2026-09-12,3,00-06,6,,,,,,
btc-updown-15m-1789218000,True,True,SUCCESS_PUBLIC_HISTORY,4050,177536.663577,94633.40033376747,10.0,2.457626,71.0,11.0,4.5,8,1.0176689048998206,6,,,PUBLIC_HISTORICAL,0,0,0,0,0,0,0,,,,,,,4.5,177536.663577,,2,1789218000,weekend,2026-07-27,2026-09-20,2026-09-12,9,06-12,6,,,,,,
btc-updown-15m-1789239600,True,True,SUCCESS_PUBLIC_HISTORY,1143,42349.275303,20721.113791993692,12.5,4.0855386000000005,82.15199999999999,27.0,1.27,8,0.8041765975207187,6,,,PUBLIC_HISTORICAL,0,0,0,0,0,0,0,,,,,,,1.27,42349.275303,,2,1789239600,weekend,2026-07-27,2026-09-20,2026-09-12,15,12-18,6,,,,,,
btc-updown-15m-1789261200,True,True,SUCCESS_PUBLIC_HISTORY,1421,48199.971462,25246.523469109907,10.0,3.0,74.0,28.0,1.5788888888888888,8,0.6426896607228095,4,,,PUBLIC_HISTORICAL,0,0,0,0,0,0,0,,,,,,,1.5788888888888888,48199.971462,,2,1789261200,weekend,2026-07-27,2026-09-20,2026-09-12,21,18-24,6,,,,,,
btc-updown-15m-1789282800,True,True,SUCCESS_PUBLIC_HISTORY,685,23789.600643,13436.770908899092,9.0,2.465117,64.99826120000002,47.0,0.7611111111111111,8,0.40162171256046403,4,,,PUBLIC_HISTORICAL,0,0,0,0,0,0,0,,,,,,,0.7611111111111111,23789.600643,,2,1789282800,weekend,2026-07-27,2026-09-20,2026-09-13,3,00-06,6,,,,,,
btc-updown-15m-1789304400,True,True,SUCCESS_PUBLIC_HISTORY,639,17536.820366,10049.288903941451,10.0,3.0538174000000002,61.948387200000006,26.0,0.71,8,0.9980480950335009,6,,,PUBLIC_HISTORICAL,0,0,0,0,0,0,0,,,,,,,0.71,17536.820366,,2,1789304400,weekend,2026-07-27,2026-09-20,2026-09-13,9,06-12,6,,,,,,
btc-updown-15m-1789326000,True,True,SUCCESS_PUBLIC_HISTORY,624,20313.250303,11681.621994058994,9.196429,2.0,65.40908910000003,59.0,0.6933333333333334,8,0.936509476727278,6,,,PUBLIC_HISTORICAL,0,0,0,0,0,0,0,,,,,,,0.6933333333333334,20313.250303,,2,1789326000,weekend,2026-07-27,2026-09-20,2026-09-13,15,12-18,6,,,,,,
btc-updown-15m-1789385400,False,False,,,,,,,,,,,,,,,,0,0,0,0,0,0,0,,,,,,0.381534156125615,,,,1,,,,,,,,,0,23,0,0.0,18924.97,"LOCAL_RECORDED, fill-conditioned marks; not historical full L2"
btc-updown-15m-1789386300,False,False,,,,,,,,,,,,,,,,370,0,0,0,0,0,0,0.01,,,,1.107929,0.39173937680599946,,,0.38187863187863186,3,,,,,,,,,185,352,0,216.375,216.35500000000002,"LOCAL_RECORDED, fill-conditioned marks; not historical full L2"
btc-updown-15m-1789387200,False,False,,,,,,,,,,,,,,,,148,0,2,2,0,0,0,0.01,,,257.98,1.040608,0.393617200978646,,,0.6125659953784954,4,,,,,,,,,74,353,10,232.78,231.0,"LOCAL_RECORDED, fill-conditioned marks; not historical full L2"
btc-updown-15m-1789388100,False,False,,,,,,,,,,,,,,,,428,0,0,0,0,0,0,0.01,,,,1.14141,0.3969332396731897,,,0.49049374049374045,3,,,,,,,,,214,356,0,195.825,195.825,"LOCAL_RECORDED, fill-conditioned marks; not historical full L2"
btc-updown-15m-1789389000,False,False,,,,,,,,,,,,,,,,136,0,2,2,0,0,0,0.01,,,84.38499999999999,1.03376465,0.39375690168871536,,,0.48087139493389497,4,,,,,,,,,68,366,10,197.29000000000002,197.29000000000002,"LOCAL_RECORDED, fill-conditioned marks; not historical full L2"
btc-updown-15m-1789392600,False,False,,,,,,,,,,,,,,,,186,0,0,0,0,0,0,0.01,,,,1.046488,0.3881539820280687,,,0.4809387309387309,3,,,,,,,,,93,142,0,324.0,330.85,"LOCAL_RECORDED, fill-conditioned marks; not historical full L2"
btc-updown-15m-1789393500,False,False,,,,,,,,,,,,,,,,112,0,1,0,0,0,0,0.01,,,,1.0505854000000001,0.3789557679306401,,,0.41656916656916654,3,,,,,,,,,56,340,0,222.87,222.87,"LOCAL_RECORDED, fill-conditioned marks; not historical full L2"
btc-updown-15m-1789394400,False,False,,,,,,,,,,,,,,,,60,0,1,0,0,0,0,0.01,,,,1.0946365,0.38682686573888414,,,0.34939159939159936,3,,,,,,,,,30,344,0,291.85,291.85,"LOCAL_RECORDED, fill-conditioned marks; not historical full L2"
btc-updown-15m-1789395300,False,False,,,,,,,,,,,,,,,,68,0,9,2,8,1,0,0.01,,,29.18,1.041179,0.3823879602528309,,,0.35153416403416404,4,,,,,,,,,34,346,10,247.94,246.935,"LOCAL_RECORDED, fill-conditioned marks; not historical full L2"
btc-updown-15m-1789396200,False,False,,,,,,,,,,,,,,,,214,0,2,2,1,0,0,0.01,,,136.0,1.0420558,0.37443832252193776,,,0.40665127383877386,4,,,,,,,,,107,310,7,207.315,207.315,"LOCAL_RECORDED, fill-conditioned marks; not historical full L2"
btc-updown-15m-1789397100,False,False,,,,,,,,,,,,,,,,398,0,0,0,0,0,0,0.01,,,,1.044666,0.3880771160942947,,,0.4855017355017355,3,,,,,,,,,199,342,0,221.115,224.75,"LOCAL_RECORDED, fill-conditioned marks; not historical full L2"
btc-updown-15m-1789398000,False,False,,,,,,,,,,,,,,,,104,0,0,0,0,0,0,0.01,,,,1.034141,0.392713794530199,,,0.5838793338793339,3,,,,,,,,,52,100,0,225.55,225.55,"LOCAL_RECORDED, fill-conditioned marks; not historical full L2"
btc-updown-15m-1789434000,False,False,SUCCESS_PUBLIC_HISTORY,637,37236.527127,13307.69043397966,13.936709,3.3787882000000002,84.06399999999996,27.0,0.7077777777777777,8,0.6045246066125016,4,,,PUBLIC_HISTORICAL,0,0,0,0,0,0,0,,,,,,,0.7077777777777777,37236.527127,,2,1789434000,weekday,2026-07-27,2026-09-20,2026-09-14,21,18-24,7,,,,,,
btc-updown-15m-1789455600,False,False,SUCCESS_PUBLIC_HISTORY,887,28525.924044,14066.229324024958,13.01,2.4157962000000004,79.21399999999997,15.0,0.9855555555555555,8,0.7317786550590281,6,,,PUBLIC_HISTORICAL,0,0,0,0,0,0,0,,,,,,,0.9855555555555555,28525.924044,,2,1789455600,weekday,2026-07-27,2026-09-20,2026-09-15,3,00-06,7,,,,,,
btc-updown-15m-1789563600,False,False,SUCCESS_PUBLIC_HISTORY,524,20068.825476,10422.901848928896,10.929783,3.380331000000001,79.49899999999998,32.0,0.5822222222222222,8,0.6374166612193315,4,,,PUBLIC_HISTORICAL,0,0,0,0,0,0,0,,,,,,,0.5822222222222222,20068.825476,,2,1789563600,weekday,2026-07-27,2026-09-20,2026-09-16,9,06-12,7,,,,,,
btc-updown-15m-1789671600,False,False,SUCCESS_PUBLIC_HISTORY,631,16684.348181,9097.826456026989,10.0,2.941177,60.5,30.0,0.7011111111111111,8,0.5502726596879042,4,,,PUBLIC_HISTORICAL,0,0,0,0,0,0,0,,,,,,,0.7011111111111111,16684.348181,,2,1789671600,weekday,2026-07-27,2026-09-20,2026-09-17,15,12-18,7,,,,,,
btc-updown-15m-1789693200,False,False,SUCCESS_PUBLIC_HISTORY,1537,51573.912106,31123.697319972696,10.0,2.12765,61.14131900000002,24.0,1.7077777777777778,8,1.305679899515957,6,,,PUBLIC_HISTORICAL,0,0,0,0,0,0,0,,,,,,,1.7077777777777778,51573.912106,,2,1789693200,weekday,2026-07-27,2026-09-20,2026-09-17,21,18-24,7,,,,,,
btc-updown-15m-1789714800,False,False,SUCCESS_PUBLIC_HISTORY,1132,31203.322552999998,16174.417095989573,7.0,1.587302,60.177714800000004,29.0,1.2577777777777779,8,0.5584353140695886,4,,,PUBLIC_HISTORICAL,0,0,0,0,0,0,0,,,,,,,1.2577777777777779,31203.322552999998,,2,1789714800,weekday,2026-07-27,2026-09-20,2026-09-18,3,00-06,7,,,,,,
btc-updown-15m-1789735500,False,False,,,,,,,,,,,,,,,,166,0,2,2,0,0,0,0.01,,,237.375,1.0470919,0.3936725731672365,,,0.5486236033111033,4,,,,,,,,,83,276,10,231.5,231.5,"LOCAL_RECORDED, fill-conditioned marks; not historical full L2"
btc-updown-15m-1789736400,False,False,,,,,,,,,,,,,,,,432,0,0,0,0,0,0,0.01,,,,1.0055144999999999,0.39296902419315705,,,0.6496528996528996,3,,,,,,,,,216,352,0,277.51,270.75,"LOCAL_RECORDED, fill-conditioned marks; not historical full L2"
btc-updown-15m-1789737300,False,False,,,,,,,,,,,,,,,,78,0,2,2,0,0,0,0.01,,,242.535,1.0057501,0.39410460047760887,,,0.652949317011817,4,,,,,,,,,39,353,10,245.24,246.0,"LOCAL_RECORDED, fill-conditioned marks; not historical full L2"
btc-updown-15m-1789738200,False,False,,,,,,,,,,,,,,,,48,0,2,2,0,0,0,0.01,,,152.655,1.06829645,0.3948692890479797,,,0.46157094594594594,4,,,,,,,,,24,354,10,284.98,291.645,"LOCAL_RECORDED, fill-conditioned marks; not historical full L2"
btc-updown-15m-1789739100,False,False,,,,,,,,,,,,,,,,326,0,0,0,0,0,0,0.008,,,,1.031857,0.35426598623949773,,,0.6036523536523536,3,,,,,,,,,163,318,0,485.0,485.0,"LOCAL_RECORDED, fill-conditioned marks; not historical full L2"
btc-updown-15m-1789740000,False,False,,,,,,,,,,,,,,,,98,0,2,2,0,0,0,0.01,,,125.87,1.003487,0.3735232526843706,,,0.45863771645021645,4,,,,,,,,,49,336,10,241.845,241.845,"LOCAL_RECORDED, fill-conditioned marks; not historical full L2"
btc-updown-15m-1789740900,False,False,,,,,,,,,,,,,,,,2,0,0,0,0,0,0,0.01,,,,31.8620168,0.23443478569014511,,,0.16730041730041728,3,,,,,,,,,1,20,0,233.65,233.65,"LOCAL_RECORDED, fill-conditioned marks; not historical full L2"
btc-updown-15m-1789741800,False,False,,,,,,,,,,,,,,,,0,0,0,0,0,0,0,,,,,,,,,,0,,,,,,,,,0,0,0,,,"LOCAL_RECORDED, fill-conditioned marks; not historical full L2"
btc-updown-15m-1789742700,False,False,,,,,,,,,,,,,,,,350,0,0,0,0,0,0,0.01,,,,1.0491568,0.37761230535977575,,,0.4226921726921727,3,,,,,,,,,175,246,0,234.0,234.0,"LOCAL_RECORDED, fill-conditioned marks; not historical full L2"
btc-updown-15m-1789743600,False,False,,,,,,,,,,,,,,,,0,0,0,0,0,0,0,,,,,,0.09537188066825242,,,,1,,,,,,,,,0,86,0,303.025,321.155,"LOCAL_RECORDED, fill-conditioned marks; not historical full L2"
btc-updown-15m-1789744500,False,False,,,,,,,,,,,,,,,,408,0,0,0,0,0,0,0.01,,,,1.0166195,0.39850984465883094,,,0.7832670332670333,3,,,,,,,,,204,358,0,330.0,330.0,"LOCAL_RECORDED, fill-conditioned marks; not historical full L2"
btc-updown-15m-1789745400,False,False,,,,,,,,,,,,,,,,152,0,2,2,0,0,0,0.01,,,328.21500000000003,1.0737884,0.3717229449363408,,,0.4629749473499473,4,,,,,,,,,76,334,10,326.89,322.5,"LOCAL_RECORDED, fill-conditioned marks; not historical full L2"
btc-updown-15m-1789746300,False,False,,,,,,,,,,,,,,,,28,0,2,2,0,0,0,0.01,,,362.63,1.0213335,0.3456161038414871,,,0.5747036606411606,4,,,,,,,,,14,238,5,316.22,316.22,"LOCAL_RECORDED, fill-conditioned marks; not historical full L2"
btc-updown-15m-1789747200,False,False,,,,,,,,,,,,,,,,0,0,0,0,0,0,0,,,,,,0.39609785731753283,,,,1,,,,,,,,,0,50,0,2.7,2.7,"LOCAL_RECORDED, fill-conditioned marks; not historical full L2"
btc-updown-15m-1789748100,False,False,,,,,,,,,,,,,,,,56,0,2,2,0,0,0,0.01,,,590.335,0.9208361,0.32486150856333607,,,0.6218775593775594,4,,,,,,,,,28,233,5,286.21,286.0,"LOCAL_RECORDED, fill-conditioned marks; not historical full L2"
btc-updown-15m-1789750800,False,False,,,,,,,,,,,,,,,,0,0,0,0,0,0,0,,,,,,0.3960088924101413,,,,1,,,,,,,,,0,40,0,121.24,121.24,"LOCAL_RECORDED, fill-conditioned marks; not historical full L2"
btc-updown-15m-1789751700,False,False,,,,,,,,,,,,,,,,62,0,2,2,0,0,0,0.01,,,336.35,0.989082,0.3938112897198025,,,0.7178331943956944,4,,,,,,,,,31,354,10,297.125,297.125,"LOCAL_RECORDED, fill-conditioned marks; not historical full L2"
btc-updown-15m-1789752600,False,False,,,,,,,,,,,,,,,,232,0,2,2,1,0,0,0.01,,,400.445,1.009082,0.39567219492123307,,,0.7722172253422254,4,,,,,,,,,116,354,5,290.91499999999996,290.91499999999996,"LOCAL_RECORDED, fill-conditioned marks; not historical full L2"
btc-updown-15m-1789753500,False,False,,,,,,,,,,,,,,,,64,0,2,2,0,0,0,0.01,,,241.63,0.9875164,0.3965279233148506,,,0.707088378963379,4,,,,,,,,,32,356,10,293.34000000000003,293.34000000000003,"LOCAL_RECORDED, fill-conditioned marks; not historical full L2"
btc-updown-15m-1789754400,False,False,,,,,,,,,,,,,,,,52,0,2,2,0,0,0,0.01,,,253.535,1.0202707,0.397567097520258,,,0.7308622542997543,4,,,,,,,,,26,370,10,301.0,301.0,"LOCAL_RECORDED, fill-conditioned marks; not historical full L2"
btc-updown-15m-1789801200,True,True,SUCCESS_PUBLIC_HISTORY,373,11652.407852,6751.309026985161,10.0,2.898551,82.962963,57.0,0.41444444444444445,32,0.2892931039620544,7,,,PUBLIC_HISTORICAL,0,0,0,0,0,0,0,,,,,,,0.41444444444444445,11652.407852,,2,1789801200,weekend,2026-07-27,2026-09-20,2026-09-19,3,00-06,7,,,,,,
btc-updown-15m-1789844400,True,True,SUCCESS_PUBLIC_HISTORY,744,19794.156998,11379.764027016714,9.994250000000001,3.448276,52.58609200000001,49.0,0.8266666666666667,32,0.5674504383644443,20,,,PUBLIC_HISTORICAL,0,0,0,0,0,0,0,,,,,,,0.8266666666666667,19794.156998,,2,1789844400,weekend,2026-07-27,2026-09-20,2026-09-19,15,12-18,7,,,,,,
btc-updown-15m-1789866000,True,True,SUCCESS_PUBLIC_HISTORY,493,23332.290667,13914.916510895922,10.0,3.9372552,100.0,74.0,0.5477777777777778,32,0.3939549466626863,8,,,PUBLIC_HISTORICAL,0,0,0,0,0,0,0,,,,,,,0.5477777777777778,23332.290667,,2,1789866000,weekend,2026-07-27,2026-09-20,2026-09-19,21,18-24,7,,,,,,
btc-updown-15m-1789887600,True,True,SUCCESS_PUBLIC_HISTORY,705,17704.65583,9872.1152450176,10.0,2.5929599999999997,59.60000000000002,47.0,0.7833333333333333,32,0.8853247991556544,20,,,PUBLIC_HISTORICAL,0,0,0,0,0,0,0,,,,,,,0.7833333333333333,17704.65583,,2,1789887600,weekend,2026-07-27,2026-09-20,2026-09-20,3,00-06,7,,,,,,
btc-updown-15m-1789909200,True,True,SUCCESS_PUBLIC_HISTORY,634,22220.13739,12098.353239064098,10.278513499999999,1.5496064000000005,77.40000000000009,42.0,0.7044444444444444,32,0.2867132714054234,9,,,PUBLIC_HISTORICAL,0,0,0,0,0,0,0,,,,,,,0.7044444444444444,22220.13739,,2,1789909200,weekend,2026-07-27,2026-09-20,2026-09-20,9,06-12,7,,,,,,
btc-updown-15m-1789952400,True,False,SUCCESS_PUBLIC_HISTORY,400,13001.461416,8790.627394994322,10.0,2.3701305000000006,60.10000000000002,61.0,0.4444444444444444,32,0.3866400134492032,16,,,PUBLIC_HISTORICAL,0,0,0,0,0,0,0,,,,,,,0.4444444444444444,13001.461416,,2,1789952400,weekend,2026-07-27,2026-09-20,2026-09-20,21,18-24,7,,,,,,
