market_slug,weekend_et,liquidity_score,liquidity_regime,closed_trade_count,realized_pnl,pnl_source
btc-updown-15m-1788781500,False,0.3918236418236418,low,0,,LOCAL_RECORDED sell fills; settlement PnL may be absent
btc-updown-15m-1788782400,False,0.5547463047463047,medium,0,,LOCAL_RECORDED sell fills; settlement PnL may be absent
btc-updown-15m-1788783300,False,0.6485803985803985,high,0,,LOCAL_RECORDED sell fills; settlement PnL may be absent
btc-updown-15m-1788784200,False,0.31409656409656406,low,0,,LOCAL_RECORDED sell fills; settlement PnL may be absent
btc-updown-15m-1788785100,False,0.4716762216762217,medium,0,,LOCAL_RECORDED sell fills; settlement PnL may be absent
btc-updown-15m-1788786000,False,0.6047638547638547,high,0,,LOCAL_RECORDED sell fills; settlement PnL may be absent
btc-updown-15m-1788786900,False,0.38252213252213246,low,0,,LOCAL_RECORDED sell fills; settlement PnL may be absent
btc-updown-15m-1788788700,False,0.5327112827112828,medium,0,,LOCAL_RECORDED sell fills; settlement PnL may be absent
btc-updown-15m-1788789600,False,0.4408466908466908,low,0,,LOCAL_RECORDED sell fills; settlement PnL may be absent
btc-updown-15m-1788790500,False,0.45679770679770676,medium,0,,LOCAL_RECORDED sell fills; settlement PnL may be absent
btc-updown-15m-1788791400,False,0.4491341991341991,low,0,,LOCAL_RECORDED sell fills; settlement PnL may be absent
btc-updown-15m-1788794100,False,0.5817343317343318,high,0,,LOCAL_RECORDED sell fills; settlement PnL may be absent
btc-updown-15m-1788795000,False,0.46613821613821615,medium,0,,LOCAL_RECORDED sell fills; settlement PnL may be absent
btc-updown-15m-1788795900,False,0.5308587808587808,medium,0,,LOCAL_RECORDED sell fills; settlement PnL may be absent
btc-updown-15m-1788796800,False,0.4767072267072267,medium,0,,LOCAL_RECORDED sell fills; settlement PnL may be absent
btc-updown-15m-1788797700,False,0.27655902655902653,low,0,,LOCAL_RECORDED sell fills; settlement PnL may be absent
btc-updown-15m-1788798600,False,0.5324577824577824,medium,0,,LOCAL_RECORDED sell fills; settlement PnL may be absent
btc-updown-15m-1788799500,False,0.7684275184275184,high,0,,LOCAL_RECORDED sell fills; settlement PnL may be absent
btc-updown-15m-1788800400,False,0.5234487734487734,medium,0,,LOCAL_RECORDED sell fills; settlement PnL may be absent
btc-updown-15m-1788801300,False,0.45792870792870793,medium,0,,LOCAL_RECORDED sell fills; settlement PnL may be absent
btc-updown-15m-1788802200,False,0.5706778206778207,high,0,,LOCAL_RECORDED sell fills; settlement PnL may be absent
btc-updown-15m-1788803100,False,0.694015444015444,high,0,,LOCAL_RECORDED sell fills; settlement PnL may be absent
btc-updown-15m-1788804000,False,0.6534944034944035,high,0,,LOCAL_RECORDED sell fills; settlement PnL may be absent
btc-updown-15m-1788804900,False,0.3379255879255879,low,0,,LOCAL_RECORDED sell fills; settlement PnL may be absent
btc-updown-15m-1788805800,False,0.6647264147264147,high,0,,LOCAL_RECORDED sell fills; settlement PnL may be absent
btc-updown-15m-1788806700,False,0.547004797004797,medium,0,,LOCAL_RECORDED sell fills; settlement PnL may be absent
btc-updown-15m-1788807600,False,0.44583869583869584,low,0,,LOCAL_RECORDED sell fills; settlement PnL may be absent
btc-updown-15m-1788808500,False,0.23847548847548844,low,0,,LOCAL_RECORDED sell fills; settlement PnL may be absent
btc-updown-15m-1788809400,False,0.49285324285324283,medium,0,,LOCAL_RECORDED sell fills; settlement PnL may be absent
btc-updown-15m-1788810300,False,0.4816212316212316,medium,0,,LOCAL_RECORDED sell fills; settlement PnL may be absent
btc-updown-15m-1788811200,False,0.4637007137007137,medium,0,,LOCAL_RECORDED sell fills; settlement PnL may be absent
btc-updown-15m-1788812100,False,0.3292090792090792,low,0,,LOCAL_RECORDED sell fills; settlement PnL may be absent
btc-updown-15m-1788813000,False,0.5474922974922974,medium,0,,LOCAL_RECORDED sell fills; settlement PnL may be absent
btc-updown-15m-1788813900,False,0.45233220233220234,low,0,,LOCAL_RECORDED sell fills; settlement PnL may be absent
btc-updown-15m-1788814800,False,0.551060801060801,medium,0,,LOCAL_RECORDED sell fills; settlement PnL may be absent
btc-updown-15m-1788815700,False,0.43973518973518977,low,0,,LOCAL_RECORDED sell fills; settlement PnL may be absent
btc-updown-15m-1788816600,False,0.5162337662337662,medium,0,,LOCAL_RECORDED sell fills; settlement PnL may be absent
btc-updown-15m-1788817500,False,0.6153913653913654,high,0,,LOCAL_RECORDED sell fills; settlement PnL may be absent
btc-updown-15m-1788818400,False,0.4362446862446862,low,0,,LOCAL_RECORDED sell fills; settlement PnL may be absent
btc-updown-15m-1788819300,False,0.32764907764907764,low,0,,LOCAL_RECORDED sell fills; settlement PnL may be absent
btc-updown-15m-1788820200,False,0.3658106158106158,low,0,,LOCAL_RECORDED sell fills; settlement PnL may be absent
btc-updown-15m-1788821100,False,0.40796965796965795,low,0,,LOCAL_RECORDED sell fills; settlement PnL may be absent
btc-updown-15m-1788822000,False,0.49096174096174094,medium,0,,LOCAL_RECORDED sell fills; settlement PnL may be absent
btc-updown-15m-1788822900,False,0.2539000039000039,low,0,,LOCAL_RECORDED sell fills; settlement PnL may be absent
btc-updown-15m-1788823800,False,0.6278713778713779,high,0,,LOCAL_RECORDED sell fills; settlement PnL may be absent
btc-updown-15m-1788824700,False,0.5871748371748371,high,0,,LOCAL_RECORDED sell fills; settlement PnL may be absent
btc-updown-15m-1788825600,False,0.49359424359424353,medium,0,,LOCAL_RECORDED sell fills; settlement PnL may be absent
btc-updown-15m-1788863400,False,0.2441304941304941,low,0,,LOCAL_RECORDED sell fills; settlement PnL may be absent
btc-updown-15m-1788864300,False,0.30538005538005536,low,0,,LOCAL_RECORDED sell fills; settlement PnL may be absent
btc-updown-15m-1788865200,False,0.4525077025077025,low,0,,LOCAL_RECORDED sell fills; settlement PnL may be absent
btc-updown-15m-1788866100,False,0.5411937911937912,medium,0,,LOCAL_RECORDED sell fills; settlement PnL may be absent
btc-updown-15m-1788867000,False,0.33856908856908857,low,0,,LOCAL_RECORDED sell fills; settlement PnL may be absent
btc-updown-15m-1788867900,False,0.4582407082407082,medium,0,,LOCAL_RECORDED sell fills; settlement PnL may be absent
btc-updown-15m-1788870600,False,0.4929117429117429,medium,0,,LOCAL_RECORDED sell fills; settlement PnL may be absent
btc-updown-15m-1788871500,False,0.5112417612417612,medium,0,,LOCAL_RECORDED sell fills; settlement PnL may be absent
btc-updown-15m-1788872400,False,0.49256074256074256,medium,0,,LOCAL_RECORDED sell fills; settlement PnL may be absent
btc-updown-15m-1788873300,False,0.44808119808119806,low,0,,LOCAL_RECORDED sell fills; settlement PnL may be absent
btc-updown-15m-1788874200,False,0.4171346671346671,low,0,,LOCAL_RECORDED sell fills; settlement PnL may be absent
btc-updown-15m-1788875100,False,0.557008307008307,medium,0,,LOCAL_RECORDED sell fills; settlement PnL may be absent
btc-updown-15m-1788876000,False,0.3349030849030849,low,0,,LOCAL_RECORDED sell fills; settlement PnL may be absent
btc-updown-15m-1788876900,False,0.38063063063063063,low,0,,LOCAL_RECORDED sell fills; settlement PnL may be absent
btc-updown-15m-1788877800,False,0.3177625677625677,low,0,,LOCAL_RECORDED sell fills; settlement PnL may be absent
btc-updown-15m-1788878700,False,0.3858956358956359,low,0,,LOCAL_RECORDED sell fills; settlement PnL may be absent
btc-updown-15m-1788879600,False,0.3587516087516087,low,0,,LOCAL_RECORDED sell fills; settlement PnL may be absent
btc-updown-15m-1788880500,False,0.23931398931398928,low,0,,LOCAL_RECORDED sell fills; settlement PnL may be absent
btc-updown-15m-1788881400,False,0.6855621855621855,high,0,,LOCAL_RECORDED sell fills; settlement PnL may be absent
btc-updown-15m-1788882300,False,0.25430341055341055,low,1,6.382802543394817,LOCAL_RECORDED sell fills; settlement PnL may be absent
btc-updown-15m-1788884100,False,0.825075075075075,high,0,,LOCAL_RECORDED sell fills; settlement PnL may be absent
btc-updown-15m-1788885000,False,0.4881342381342381,medium,0,,LOCAL_RECORDED sell fills; settlement PnL may be absent
btc-updown-15m-1788885900,False,0.5315802815802816,medium,0,,LOCAL_RECORDED sell fills; settlement PnL may be absent
btc-updown-15m-1788886800,False,0.6267208767208767,high,0,,LOCAL_RECORDED sell fills; settlement PnL may be absent
btc-updown-15m-1788887700,False,0.31286806286806285,low,0,,LOCAL_RECORDED sell fills; settlement PnL may be absent
btc-updown-15m-1788888600,False,0.47557622557622553,medium,0,,LOCAL_RECORDED sell fills; settlement PnL may be absent
btc-updown-15m-1788889500,False,0.5344857844857844,medium,0,,LOCAL_RECORDED sell fills; settlement PnL may be absent
btc-updown-15m-1788890400,False,0.4969092469092469,medium,0,,LOCAL_RECORDED sell fills; settlement PnL may be absent
btc-updown-15m-1788891300,False,0.33619008619008617,low,0,,LOCAL_RECORDED sell fills; settlement PnL may be absent
btc-updown-15m-1788892200,False,0.5482332982332982,medium,0,,LOCAL_RECORDED sell fills; settlement PnL may be absent
btc-updown-15m-1788893100,False,0.5067762567762568,medium,0,,LOCAL_RECORDED sell fills; settlement PnL may be absent
btc-updown-15m-1788894000,False,0.5925568425568425,high,0,,LOCAL_RECORDED sell fills; settlement PnL may be absent
btc-updown-15m-1788894900,False,0.34804609804609804,low,0,,LOCAL_RECORDED sell fills; settlement PnL may be absent
btc-updown-15m-1788895800,False,0.40966615966615966,low,0,,LOCAL_RECORDED sell fills; settlement PnL may be absent
btc-updown-15m-1788896700,False,0.45849420849420847,medium,0,,LOCAL_RECORDED sell fills; settlement PnL may be absent
btc-updown-15m-1788897600,False,0.4332221832221832,low,0,,LOCAL_RECORDED sell fills; settlement PnL may be absent
btc-updown-15m-1788898500,False,0.28254553254553255,low,0,,LOCAL_RECORDED sell fills; settlement PnL may be absent
btc-updown-15m-1788899400,False,0.37316212316212316,low,0,,LOCAL_RECORDED sell fills; settlement PnL may be absent
btc-updown-15m-1788900300,False,0.5388927888927889,medium,0,,LOCAL_RECORDED sell fills; settlement PnL may be absent
btc-updown-15m-1788901200,False,0.5033052533052533,medium,0,,LOCAL_RECORDED sell fills; settlement PnL may be absent
btc-updown-15m-1788902100,False,0.3167290667290667,low,0,,LOCAL_RECORDED sell fills; settlement PnL may be absent
btc-updown-15m-1788903000,False,0.4127276627276627,low,0,,LOCAL_RECORDED sell fills; settlement PnL may be absent
btc-updown-15m-1788903900,False,0.3943781443781444,low,0,,LOCAL_RECORDED sell fills; settlement PnL may be absent
btc-updown-15m-1788904800,False,0.43842868842868843,low,0,,LOCAL_RECORDED sell fills; settlement PnL may be absent
btc-updown-15m-1788905700,False,0.5242872742872743,medium,0,,LOCAL_RECORDED sell fills; settlement PnL may be absent
btc-updown-15m-1788906600,False,0.42296517296517294,low,0,,LOCAL_RECORDED sell fills; settlement PnL may be absent
btc-updown-15m-1788954300,False,0.4299071799071799,low,0,,LOCAL_RECORDED sell fills; settlement PnL may be absent
btc-updown-15m-1788955200,False,0.45909200596700594,medium,1,0.8343498,LOCAL_RECORDED sell fills; settlement PnL may be absent
btc-updown-15m-1788956100,False,0.5737198237198237,high,0,,LOCAL_RECORDED sell fills; settlement PnL may be absent
btc-updown-15m-1788957000,False,0.3906146406146406,low,0,,LOCAL_RECORDED sell fills; settlement PnL may be absent
btc-updown-15m-1788957900,False,0.40839865839865835,low,0,,LOCAL_RECORDED sell fills; settlement PnL may be absent
btc-updown-15m-1788958800,False,0.7322549822549822,high,0,,LOCAL_RECORDED sell fills; settlement PnL may be absent
btc-updown-15m-1788959700,False,0.6056218556218557,high,0,,LOCAL_RECORDED sell fills; settlement PnL may be absent
btc-updown-15m-1788960600,False,0.5793553293553293,high,0,,LOCAL_RECORDED sell fills; settlement PnL may be absent
btc-updown-15m-1788961500,False,0.4578897078897079,medium,0,,LOCAL_RECORDED sell fills; settlement PnL may be absent
btc-updown-15m-1788962400,False,0.3324265824265824,low,0,,LOCAL_RECORDED sell fills; settlement PnL may be absent
btc-updown-15m-1788963300,False,0.5076732576732577,medium,0,,LOCAL_RECORDED sell fills; settlement PnL may be absent
btc-updown-15m-1788964200,False,0.6035158535158535,high,0,,LOCAL_RECORDED sell fills; settlement PnL may be absent
btc-updown-15m-1788965100,False,0.4654167154167154,medium,0,,LOCAL_RECORDED sell fills; settlement PnL may be absent
btc-updown-15m-1788966000,False,0.37123162123162123,low,0,,LOCAL_RECORDED sell fills; settlement PnL may be absent
btc-updown-15m-1788968700,False,0.5267637767637767,medium,0,,LOCAL_RECORDED sell fills; settlement PnL may be absent
btc-updown-15m-1788969600,False,0.7082894582894583,high,0,,LOCAL_RECORDED sell fills; settlement PnL may be absent
btc-updown-15m-1788970500,False,0.5580808080808081,high,0,,LOCAL_RECORDED sell fills; settlement PnL may be absent
btc-updown-15m-1788971400,False,0.4863012363012363,medium,0,,LOCAL_RECORDED sell fills; settlement PnL may be absent
btc-updown-15m-1788972300,False,0.3950996450996451,low,0,,LOCAL_RECORDED sell fills; settlement PnL may be absent
btc-updown-15m-1788973200,False,0.5794333294333295,high,0,,LOCAL_RECORDED sell fills; settlement PnL may be absent
btc-updown-15m-1788974100,False,0.5193537693537693,medium,0,,LOCAL_RECORDED sell fills; settlement PnL may be absent
btc-updown-15m-1788975000,False,0.4753032253032253,medium,0,,LOCAL_RECORDED sell fills; settlement PnL may be absent
btc-updown-15m-1788975900,False,0.2838130338130338,low,0,,LOCAL_RECORDED sell fills; settlement PnL may be absent
btc-updown-15m-1788976800,False,0.5533618033618034,medium,0,,LOCAL_RECORDED sell fills; settlement PnL may be absent
btc-updown-15m-1788977700,False,0.6827249327249327,high,0,,LOCAL_RECORDED sell fills; settlement PnL may be absent
btc-updown-15m-1788978600,False,0.6074938574938574,high,0,,LOCAL_RECORDED sell fills; settlement PnL may be absent
btc-updown-15m-1788979500,False,0.3373600873600873,low,0,,LOCAL_RECORDED sell fills; settlement PnL may be absent
btc-updown-15m-1788980400,False,0.5857123357123357,high,0,,LOCAL_RECORDED sell fills; settlement PnL may be absent
btc-updown-15m-1788981300,False,0.4836492336492337,medium,0,,LOCAL_RECORDED sell fills; settlement PnL may be absent
btc-updown-15m-1788982200,False,0.6079033579033579,high,0,,LOCAL_RECORDED sell fills; settlement PnL may be absent
btc-updown-15m-1788983100,False,0.34613509613509613,low,0,,LOCAL_RECORDED sell fills; settlement PnL may be absent
btc-updown-15m-1788984000,False,0.6051928551928552,high,0,,LOCAL_RECORDED sell fills; settlement PnL may be absent
btc-updown-15m-1788984900,False,0.6034963534963534,high,0,,LOCAL_RECORDED sell fills; settlement PnL may be absent
btc-updown-15m-1788985800,False,0.4242911742911743,low,0,,LOCAL_RECORDED sell fills; settlement PnL may be absent
btc-updown-15m-1788986700,False,0.3762236262236262,low,0,,LOCAL_RECORDED sell fills; settlement PnL may be absent
btc-updown-15m-1788987600,False,0.5052747552747553,medium,0,,LOCAL_RECORDED sell fills; settlement PnL may be absent
btc-updown-15m-1788988500,False,0.7235579735579736,high,0,,LOCAL_RECORDED sell fills; settlement PnL may be absent
btc-updown-15m-1788989400,False,0.6657014157014157,high,0,,LOCAL_RECORDED sell fills; settlement PnL may be absent
btc-updown-15m-1788990300,False,0.2261319761319761,low,0,,LOCAL_RECORDED sell fills; settlement PnL may be absent
btc-updown-15m-1788991200,False,0.6752759252759253,high,0,,LOCAL_RECORDED sell fills; settlement PnL may be absent
btc-updown-15m-1788992100,False,0.4562127062127062,medium,0,,LOCAL_RECORDED sell fills; settlement PnL may be absent
btc-updown-15m-1788993000,False,0.6700889200889201,high,0,,LOCAL_RECORDED sell fills; settlement PnL may be absent
btc-updown-15m-1789040700,False,0.5573788073788073,medium,0,,LOCAL_RECORDED sell fills; settlement PnL may be absent
btc-updown-15m-1789041600,False,0.6531824031824032,high,0,,LOCAL_RECORDED sell fills; settlement PnL may be absent
btc-updown-15m-1789042500,False,0.5766222797472798,high,1,0.49123638,LOCAL_RECORDED sell fills; settlement PnL may be absent
btc-updown-15m-1789043400,False,0.5292564276939277,medium,0,,LOCAL_RECORDED sell fills; settlement PnL may be absent
btc-updown-15m-1789044300,False,0.38507663507663503,low,0,,LOCAL_RECORDED sell fills; settlement PnL may be absent
btc-updown-15m-1789045200,False,0.45535988504738506,low,1,-4.694808853830912,LOCAL_RECORDED sell fills; settlement PnL may be absent
btc-updown-15m-1789046100,False,0.4866181116181116,medium,1,1.27324208,LOCAL_RECORDED sell fills; settlement PnL may be absent
btc-updown-15m-1789047000,False,0.23241098241098238,low,0,,LOCAL_RECORDED sell fills; settlement PnL may be absent
btc-updown-15m-1789047900,False,0.3760264932139932,low,0,,LOCAL_RECORDED sell fills; settlement PnL may be absent
btc-updown-15m-1789048800,False,0.6218263718263718,high,0,,LOCAL_RECORDED sell fills; settlement PnL may be absent
btc-updown-15m-1789049700,False,0.5732908232908233,high,0,,LOCAL_RECORDED sell fills; settlement PnL may be absent
btc-updown-15m-1789050600,False,0.5773858273858274,high,0,,LOCAL_RECORDED sell fills; settlement PnL may be absent
btc-updown-15m-1789051500,False,0.5242848367848368,medium,1,1.9629,LOCAL_RECORDED sell fills; settlement PnL may be absent
btc-updown-15m-1789052400,False,0.4870513776763777,medium,1,0.9242288,LOCAL_RECORDED sell fills; settlement PnL may be absent
btc-updown-15m-1789053300,False,0.5804421507546508,high,1,1.25553665,LOCAL_RECORDED sell fills; settlement PnL may be absent
btc-updown-15m-1789054200,False,0.594111055048555,high,1,0.50240088,LOCAL_RECORDED sell fills; settlement PnL may be absent
btc-updown-15m-1789055100,False,0.5477067977067978,medium,0,,LOCAL_RECORDED sell fills; settlement PnL may be absent
btc-updown-15m-1789056000,False,0.537319381069381,medium,1,0.99055638,LOCAL_RECORDED sell fills; settlement PnL may be absent
btc-updown-15m-1789129800,False,0.6713954213954214,high,0,,LOCAL_RECORDED sell fills; settlement PnL may be absent
btc-updown-15m-1789130700,False,0.5801938301938302,high,0,,LOCAL_RECORDED sell fills; settlement PnL may be absent
btc-updown-15m-1789131600,False,0.4858722358722359,medium,0,,LOCAL_RECORDED sell fills; settlement PnL may be absent
btc-updown-15m-1789132500,False,0.8128921332046332,high,0,,LOCAL_RECORDED sell fills; settlement PnL may be absent
btc-updown-15m-1789133400,False,0.6227587165087165,high,0,,LOCAL_RECORDED sell fills; settlement PnL may be absent
btc-updown-15m-1789134300,False,0.566982566982567,high,0,,LOCAL_RECORDED sell fills; settlement PnL may be absent
btc-updown-15m-1789135200,False,0.5121192621192621,medium,0,,LOCAL_RECORDED sell fills; settlement PnL may be absent
btc-updown-15m-1789136100,False,0.3229349479349479,low,0,,LOCAL_RECORDED sell fills; settlement PnL may be absent
btc-updown-15m-1789137000,False,0.17318942318942318,low,0,,LOCAL_RECORDED sell fills; settlement PnL may be absent
btc-updown-15m-1789139700,False,0.5556823056823057,medium,0,,LOCAL_RECORDED sell fills; settlement PnL may be absent
btc-updown-15m-1789140600,False,0.4890550046800047,medium,1,-2.540896674564912,LOCAL_RECORDED sell fills; settlement PnL may be absent
btc-updown-15m-1789141500,False,0.5691361003861004,high,1,0.38250520000000005,LOCAL_RECORDED sell fills; settlement PnL may be absent
btc-updown-15m-1789142400,False,0.6085078585078585,high,0,,LOCAL_RECORDED sell fills; settlement PnL may be absent
btc-updown-15m-1789143300,False,0.444025194025194,low,0,,LOCAL_RECORDED sell fills; settlement PnL may be absent
btc-updown-15m-1789145100,False,0.5899633399633399,high,0,,LOCAL_RECORDED sell fills; settlement PnL may be absent
btc-updown-15m-1789146000,False,0.6663644163644163,high,0,,LOCAL_RECORDED sell fills; settlement PnL may be absent
btc-updown-15m-1789146900,False,0.40107000263250264,low,1,-3.92123531885184,LOCAL_RECORDED sell fills; settlement PnL may be absent
btc-updown-15m-1789147800,False,0.5998108498108498,high,0,,LOCAL_RECORDED sell fills; settlement PnL may be absent
btc-updown-15m-1789148700,False,0.48088023088023085,medium,0,,LOCAL_RECORDED sell fills; settlement PnL may be absent
btc-updown-15m-1789149600,False,0.5936195936195936,high,0,,LOCAL_RECORDED sell fills; settlement PnL may be absent
btc-updown-15m-1789150500,False,0.41485316485316487,low,0,,LOCAL_RECORDED sell fills; settlement PnL may be absent
btc-updown-15m-1789151400,False,0.6190963690963691,high,0,,LOCAL_RECORDED sell fills; settlement PnL may be absent
btc-updown-15m-1789152300,False,0.5836648336648337,high,0,,LOCAL_RECORDED sell fills; settlement PnL may be absent
btc-updown-15m-1789153200,False,0.4891092391092391,medium,0,,LOCAL_RECORDED sell fills; settlement PnL may be absent
btc-updown-15m-1789154100,False,0.4724367224367224,medium,0,,LOCAL_RECORDED sell fills; settlement PnL may be absent
btc-updown-15m-1789155000,False,0.7050524550524551,high,0,,LOCAL_RECORDED sell fills; settlement PnL may be absent
btc-updown-15m-1789155900,False,0.5616103116103116,high,0,,LOCAL_RECORDED sell fills; settlement PnL may be absent
btc-updown-15m-1789156800,False,0.5212647712647712,medium,0,,LOCAL_RECORDED sell fills; settlement PnL may be absent
btc-updown-15m-1789157700,False,0.41427791427791427,low,0,,LOCAL_RECORDED sell fills; settlement PnL may be absent
btc-updown-15m-1789158600,False,0.5604403104403104,high,0,,LOCAL_RECORDED sell fills; settlement PnL may be absent
btc-updown-15m-1789159500,False,0.6906809406809407,high,0,,LOCAL_RECORDED sell fills; settlement PnL may be absent
btc-updown-15m-1789160400,False,0.6023653523653524,high,0,,LOCAL_RECORDED sell fills; settlement PnL may be absent
btc-updown-15m-1789161300,False,0.37737412737412734,low,0,,LOCAL_RECORDED sell fills; settlement PnL may be absent
btc-updown-15m-1789162200,False,0.7936605436605436,high,0,,LOCAL_RECORDED sell fills; settlement PnL may be absent
btc-updown-15m-1789163100,False,0.5626828126828127,high,0,,LOCAL_RECORDED sell fills; settlement PnL may be absent
btc-updown-15m-1789164000,False,0.6253363753363753,high,0,,LOCAL_RECORDED sell fills; settlement PnL may be absent
btc-updown-15m-1789164900,False,0.4473206973206973,low,0,,LOCAL_RECORDED sell fills; settlement PnL may be absent
btc-updown-15m-1789165800,False,0.5044752544752544,medium,0,,LOCAL_RECORDED sell fills; settlement PnL may be absent
btc-updown-15m-1789166700,False,0.4753422253422253,medium,0,,LOCAL_RECORDED sell fills; settlement PnL may be absent
btc-updown-15m-1789167600,False,0.10518310518310518,low,0,,LOCAL_RECORDED sell fills; settlement PnL may be absent
btc-updown-15m-1789168500,False,0.337009087009087,low,0,,LOCAL_RECORDED sell fills; settlement PnL may be absent
btc-updown-15m-1789169400,False,0.6928649428649428,high,0,,LOCAL_RECORDED sell fills; settlement PnL may be absent
btc-updown-15m-1789170300,False,0.6057193557193558,high,0,,LOCAL_RECORDED sell fills; settlement PnL may be absent
btc-updown-15m-1789386300,False,0.38187863187863186,low,0,,LOCAL_RECORDED sell fills; settlement PnL may be absent
btc-updown-15m-1789387200,False,0.6125659953784954,high,1,0.83614076895024,LOCAL_RECORDED sell fills; settlement PnL may be absent
btc-updown-15m-1789388100,False,0.49049374049374045,medium,0,,LOCAL_RECORDED sell fills; settlement PnL may be absent
btc-updown-15m-1789389000,False,0.48087139493389497,medium,1,0.74179859,LOCAL_RECORDED sell fills; settlement PnL may be absent
btc-updown-15m-1789392600,False,0.4809387309387309,medium,0,,LOCAL_RECORDED sell fills; settlement PnL may be absent
btc-updown-15m-1789393500,False,0.41656916656916654,low,0,,LOCAL_RECORDED sell fills; settlement PnL may be absent
btc-updown-15m-1789394400,False,0.34939159939159936,low,0,,LOCAL_RECORDED sell fills; settlement PnL may be absent
btc-updown-15m-1789395300,False,0.35153416403416404,low,1,-3.4346396028188004,LOCAL_RECORDED sell fills; settlement PnL may be absent
btc-updown-15m-1789396200,False,0.40665127383877386,low,1,-2.831566257765,LOCAL_RECORDED sell fills; settlement PnL may be absent
btc-updown-15m-1789397100,False,0.4855017355017355,medium,0,,LOCAL_RECORDED sell fills; settlement PnL may be absent
btc-updown-15m-1789398000,False,0.5838793338793339,high,0,,LOCAL_RECORDED sell fills; settlement PnL may be absent
btc-updown-15m-1789735500,False,0.5486236033111033,medium,2,0.6602227199999999,LOCAL_RECORDED sell fills; settlement PnL may be absent
btc-updown-15m-1789736400,False,0.6496528996528996,high,0,,LOCAL_RECORDED sell fills; settlement PnL may be absent
btc-updown-15m-1789737300,False,0.652949317011817,high,2,0.95,LOCAL_RECORDED sell fills; settlement PnL may be absent
btc-updown-15m-1789738200,False,0.46157094594594594,medium,2,3.0839999999999996,LOCAL_RECORDED sell fills; settlement PnL may be absent
btc-updown-15m-1789739100,False,0.6036523536523536,high,0,,LOCAL_RECORDED sell fills; settlement PnL may be absent
btc-updown-15m-1789740000,False,0.45863771645021645,medium,2,1.0752,LOCAL_RECORDED sell fills; settlement PnL may be absent
btc-updown-15m-1789740900,False,0.16730041730041728,low,0,,LOCAL_RECORDED sell fills; settlement PnL may be absent
btc-updown-15m-1789742700,False,0.4226921726921727,low,0,,LOCAL_RECORDED sell fills; settlement PnL may be absent
btc-updown-15m-1789744500,False,0.7832670332670333,high,0,,LOCAL_RECORDED sell fills; settlement PnL may be absent
btc-updown-15m-1789745400,False,0.4629749473499473,medium,1,0.923968094533504,LOCAL_RECORDED sell fills; settlement PnL may be absent
btc-updown-15m-1789746300,False,0.5747036606411606,high,0,,LOCAL_RECORDED sell fills; settlement PnL may be absent
btc-updown-15m-1789748100,False,0.6218775593775594,high,2,1.139831616,LOCAL_RECORDED sell fills; settlement PnL may be absent
btc-updown-15m-1789751700,False,0.7178331943956944,high,1,1.48275816,LOCAL_RECORDED sell fills; settlement PnL may be absent
btc-updown-15m-1789752600,False,0.7722172253422254,high,1,-4.208795894477184,LOCAL_RECORDED sell fills; settlement PnL may be absent
btc-updown-15m-1789753500,False,0.707088378963379,high,1,0.990556738394256,LOCAL_RECORDED sell fills; settlement PnL may be absent
btc-updown-15m-1789754400,False,0.7308622542997543,high,1,0.8560488,LOCAL_RECORDED sell fills; settlement PnL may be absent
