weekday_weekend,et_hour_block,time_to_resolution_bin,n_market_segments,trade_count_mean,trade_count_p10,trade_count_p95,volume_shares_mean,volume_shares_p10,volume_shares_p95,volume_usdc_estimate_mean,volume_usdc_estimate_p10,volume_usdc_estimate_p95,median_trade_size_mean,median_trade_size_p10,median_trade_size_p95,max_no_trade_interval_sec_mean,max_no_trade_interval_sec_p10,max_no_trade_interval_sec_p95,price_jump_count_5c_mean,price_jump_count_5c_p10,price_jump_count_5c_p95
weekday,00-06,T-10m_to_T-5m,25,268.44,152.0,405.0,6281.46625836,2828.555408,10399.291692,3269.739531001354,1619.233340003796,5249.17548899223,9.545336270833333,6.1803135,13.58,26.36,9.0,27.0,83.96,38.0,120.0
weekday,00-06,T-15m_to_T-10m,25,326.8,223.0,525.0,7066.03018364,3664.423273,12848.352338,3417.399282724242,1758.6534090075313,6860.16946400676,8.41692125,6.4,10.0,22.28,6.0,16.0,103.16,66.0,158.0
weekday,00-06,T-15s_to_settlement,25,3.92,0.0,3.0,90.0924712,0.0,59.0,46.77300983976065,0.0,58.941,16.733060857142856,3.55,13.15,13.12,7.0,15.0,1.12,0.0,1.0
weekday,00-06,T-2m_to_T-1m,25,46.24,0.0,140.0,2219.39447916,0.0,4165.607,1151.7905884022412,0.0,2220.747728000918,103.05976209090909,5.005,102.36,24.72,5.0,60.0,11.92,0.0,41.0
weekday,00-06,T-30s_to_T-15s,25,10.24,0.0,11.0,315.79851312,0.0,349.432342,76.08615812001615,0.0,216.80629199719286,18.8244541875,1.24,20.0,13.16,8.0,15.0,1.28,0.0,2.0
weekday,00-06,T-5m_to_T-2m,25,137.24,23.0,255.0,5163.4347852,1678.849186,8024.493871,3411.7439033991236,875.0234449992421,6359.394464093458,11.623356520833333,6.34,17.5175,24.32,8.0,45.0,39.64,5.0,82.0
weekday,00-06,T-60s_to_T-30s,25,15.36,0.0,58.0,946.66446096,0.0,2070.638037,473.2572512399444,0.0,1751.5435880235023,88.09676389285714,5.15,502.55,20.04,6.0,30.0,3.2,0.0,13.0
weekday,06-12,T-10m_to_T-5m,25,315.24,180.0,467.0,7532.39502072,4232.663799,11103.02287,3974.2052321201336,2384.5707130006945,5947.327303024017,9.30192542,6.0,14.0107,11.16,7.0,17.0,106.2,63.0,167.0
weekday,06-12,T-15m_to_T-10m,25,338.96,244.0,442.0,7144.03918,5043.990494,10206.060906,3577.6806242834914,2643.1494290004784,5432.422420024846,8.03626708,6.0,10.0,12.0,8.0,17.0,108.52,85.0,137.0
weekday,06-12,T-15s_to_settlement,25,1.76,0.0,7.0,251.32927999999998,0.0,327.44,64.71002512315904,0.0,168.938978,208.57846153846154,2.46,107.44,11.76,8.0,15.0,0.04,0.0,0.0
weekday,06-12,T-2m_to_T-1m,25,78.08,9.0,211.0,3487.1937012,754.756224,5514.729766,2218.2187315620777,343.125883998192,3888.860337063434,33.12832046,7.12511,50.0,13.6,3.0,30.0,18.92,1.0,56.0
weekday,06-12,T-30s_to_T-15s,25,4.6,0.0,9.0,320.26006792,0.0,1000.0,163.61871887936724,0.0,681.7970800025139,106.1104690625,4.16,329.17,11.36,4.0,15.0,0.68,0.0,3.0
weekday,06-12,T-5m_to_T-2m,25,230.76,50.0,409.0,7003.05098072,3005.984651,13370.343238,3634.659768788857,1251.2359999999999,6293.11829897651,11.17635082,8.0,16.695,14.04,5.0,28.0,72.12,13.0,135.0
weekday,06-12,T-60s_to_T-30s,25,30.76,1.0,104.0,1706.69958228,1.72,4564.032596,1143.6189056042472,1.7027999999999999,3021.0610799790807,65.42056673913044,5.0808,119.595,14.16,3.0,29.0,5.04,0.0,16.0
weekday,12-18,T-10m_to_T-5m,25,278.8,164.0,465.0,7303.75475736,4571.914358,13318.145443,3752.007634357252,2381.019325006095,6747.663074983599,8.9012225625,5.56,11.317646,23.28,8.0,20.0,92.24,46.0,143.0
weekday,12-18,T-15m_to_T-10m,25,306.8,195.0,380.0,6760.96076412,2914.045616,13351.896825,3294.7260176869604,1496.7115200049193,6091.39760395722,7.47093225,5.16,10.42857,23.84,8.0,17.0,98.28,74.0,126.0
weekday,12-18,T-15s_to_settlement,25,1.08,0.0,3.0,47.8264,0.0,215.31,33.926572,0.0,86.519,44.85,1.12,25.0,12.64,9.0,15.0,0.12,0.0,1.0
weekday,12-18,T-2m_to_T-1m,25,67.56,4.0,146.0,2572.8327056,188.83599999999998,5404.373354,1441.9725399203712,47.49155199936,3847.7290640024016,12.074127791666667,5.68,21.048000000000002,15.28,3.0,36.0,18.04,0.0,49.0
weekday,12-18,T-30s_to_T-15s,25,6.44,0.0,27.0,377.56877552000003,0.0,1091.9002,218.44640539995675,0.0,982.981198,112.52208333333333,5.0,195.44,11.28,3.0,15.0,0.8,0.0,2.0
weekday,12-18,T-5m_to_T-2m,25,183.44,81.0,304.0,6561.35980084,2123.602213,10139.749412,3382.544240350651,1299.1565839913724,5676.328478981132,10.562335875,7.0,14.777776,21.56,5.0,33.0,56.32,17.0,95.0
weekday,12-18,T-60s_to_T-30s,25,37.24,0.0,116.0,1215.62584508,0.0,3846.925612,908.4460682826723,0.0,2591.9257759978505,40.71961902631579,5.0,34.91,16.32,3.0,30.0,5.08,0.0,17.0
weekday,18-24,T-10m_to_T-5m,25,334.92,184.0,468.0,8472.1936384,4258.551589,11714.432685,4527.093914391164,2101.715562001055,6100.495645958107,8.38741332,5.952375,11.54395,13.76,8.0,19.0,89.6,42.0,147.0
weekday,18-24,T-15m_to_T-10m,25,392.04,209.0,535.0,9823.24087472,4460.816173,13819.105629,4698.488366712255,2168.7298099652276,6830.751374014702,8.77578964,5.059171,11.2,23.96,8.0,20.0,105.56,56.0,149.0
weekday,18-24,T-15s_to_settlement,25,2.32,0.0,2.0,444.00837792,0.0,785.819448,37.89897923974094,0.0,122.14556,670.8875,2.255,2000.0,12.52,7.0,15.0,0.56,0.0,1.0
weekday,18-24,T-2m_to_T-1m,25,73.32,3.0,245.0,3877.01588388,444.8612,4846.8918,2323.7204099909814,214.64317300000002,3312.889435,98.558618625,4.99,169.9,20.04,5.0,48.0,13.56,0.0,56.0
weekday,18-24,T-30s_to_T-15s,25,5.6,0.0,15.0,508.94067896,0.0,3030.791374,203.936546119915,0.0,395.18709898927364,335.8106923076923,5.005,1665.455,12.08,6.0,15.0,0.76,0.0,2.0
weekday,18-24,T-5m_to_T-2m,25,198.12,57.0,373.0,9561.57226352,2697.691887,9456.113733,4984.978733268207,2127.159944999187,5129.636534955954,13.31640002,6.515000000000001,19.99,15.44,5.0,30.0,53.72,14.0,102.0
weekday,18-24,T-60s_to_T-30s,25,19.16,0.0,55.0,1685.56800252,0.0,4073.97,668.1384453795191,0.0,2260.341180019204,167.12201483333334,5.051533,500.0,16.68,8.0,30.0,3.84,0.0,16.0
weekend,00-06,T-10m_to_T-5m,25,255.2,171.0,340.0,5886.77169712,3376.136812,8226.657671,3042.1684350388273,1696.9321579878222,5553.4736660034805,8.2323755,5.0,11.100000000000001,12.72,6.0,21.0,81.72,56.0,113.0
weekend,00-06,T-15m_to_T-10m,25,230.52,129.0,325.0,4938.18270556,2921.99931,6853.602763,2486.32844939871,1509.2744820032576,3555.8759009917335,8.17779748,5.0,11.11111,19.0,9.0,28.0,69.08,30.0,106.0
weekend,00-06,T-15s_to_settlement,25,1.56,0.0,4.0,226.5590376,0.0,846.2820399999999,63.56571796033128,0.0,197.22,139.41964,4.85,159.0,12.68,7.0,15.0,0.28,0.0,1.0
weekend,00-06,T-2m_to_T-1m,25,57.24,1.0,101.0,2045.13395756,5.23,3828.360139,1168.7285711572317,5.22477,2502.6228040013293,56.633798166666665,5.01,20.0,18.44,6.0,45.0,11.24,0.0,29.0
weekend,00-06,T-30s_to_T-15s,25,6.52,0.0,15.0,472.91497996,0.0,838.65,358.2141276780919,0.0,715.958398,124.48625,10.0,400.0,12.24,5.0,15.0,1.04,0.0,4.0
weekend,00-06,T-5m_to_T-2m,25,200.6,47.0,422.0,5382.7949872399995,1923.531581,9486.784274,3030.00535173584,1115.473251013488,4531.28299201924,10.93467648,6.0,16.67345,18.24,6.0,53.0,52.52,12.0,111.0
weekend,00-06,T-60s_to_T-30s,25,27.56,1.0,75.0,1036.26268496,9.976,2987.856455,517.100318402093,5.0,1443.3606,105.72655577083333,4.365,329.765,15.32,3.0,27.0,5.52,0.0,26.0
weekend,06-12,T-10m_to_T-5m,25,243.16,152.0,323.0,5538.1932824,3625.284767,8630.702506,2995.955330592522,1917.5066219943187,4462.327890960417,8.63628064,6.0,11.457298999999999,13.56,6.0,21.0,79.8,48.0,110.0
weekend,06-12,T-15m_to_T-10m,25,241.96,118.0,372.0,5274.6446130799995,2433.678829,8623.034137,2597.6137683164857,1181.8327920015904,4402.584351014375,8.55882128,6.0,10.178845500000001,17.76,11.0,33.0,68.6,30.0,115.0
weekend,06-12,T-15s_to_settlement,25,4.76,0.0,15.0,256.18041288,0.0,1518.342004,178.2024721581103,0.0,1061.861208,34.63185714285714,1.25,117.24,11.84,6.0,15.0,0.88,0.0,2.0
weekend,06-12,T-2m_to_T-1m,25,70.88,9.0,196.0,2637.54145184,211.76000000000002,8738.129789,1268.4857119182639,63.63466,2885.609725005024,13.8530906875,5.0,20.202,14.32,5.0,29.0,16.56,0.0,47.0
weekend,06-12,T-30s_to_T-15s,25,11.16,0.0,36.0,465.1114052,0.0,1561.744,333.8505902811129,0.0,1088.469307993571,87.76773985714286,6.0,425.43,10.48,2.0,15.0,2.32,0.0,8.0
weekend,06-12,T-5m_to_T-2m,25,179.72,60.0,342.0,4785.98219636,2020.291165,8934.744579,2856.4103966324024,1396.101154,4758.119641941953,10.61886312,5.26314,20.3152565,14.0,6.0,24.0,49.6,16.0,103.0
weekend,06-12,T-60s_to_T-30s,25,41.92,1.0,117.0,1081.07462656,92.12,3011.189339,695.0033387180777,91.29092,1655.202869987148,38.97423632,6.245,101.78,10.92,2.0,27.0,9.0,0.0,29.0
weekend,12-18,T-10m_to_T-5m,25,262.56,130.0,386.0,5682.701323,3325.475864,9097.245704,2879.998283916954,1408.7370670028085,4628.6711869452665,8.1444648125,5.8,11.110555999999999,23.8,6.0,22.0,86.0,47.0,129.0
weekend,12-18,T-15m_to_T-10m,25,251.92,120.0,374.0,5533.54557436,2652.730857,8550.508165,2691.349297005846,1277.6932979903577,4600.866564994237,9.160051354166667,6.23611,13.924241,28.96,9.0,31.0,75.36,27.0,133.0
weekend,12-18,T-15s_to_settlement,25,5.4,0.0,19.0,232.27973451999998,0.0,900.582268,161.17925576038462,0.0,439.5885989978949,29.91737116666667,1.26,44.0,10.88,6.0,15.0,1.12,0.0,7.0
weekend,12-18,T-2m_to_T-1m,25,66.56,1.0,128.0,1717.28693468,10.0,4242.549392,970.5405486370217,9.99,2065.359563994418,7.996797869565217,5.0765,10.5263,13.16,3.0,45.0,19.48,0.0,47.0
weekend,12-18,T-30s_to_T-15s,25,16.56,0.0,63.0,633.32982492,0.0,1725.6202,381.7801718016403,0.0,1560.4254630010846,53.072744117647055,3.5,129.0,9.04,2.0,15.0,3.6,0.0,13.0
weekend,12-18,T-5m_to_T-2m,25,194.52,54.0,336.0,5017.88019704,2430.512273,8355.975934,2613.4616433238966,1295.0583039963458,3895.0048889882323,9.532312875,5.851763,12.592589,19.0,6.0,22.0,53.56,21.0,87.0
weekend,12-18,T-60s_to_T-30s,25,44.56,0.0,119.0,1276.90729076,0.0,3534.218601,716.4563244020724,0.0,1822.5660590115037,18.052201404761906,4.42,68.4,12.96,2.0,30.0,10.84,0.0,34.0
weekend,18-24,T-10m_to_T-5m,25,381.52,213.0,525.0,13374.4932546,4484.918729,13271.694901,6764.855358908042,2292.802026016674,7321.54726203177,8.71068322,5.208325,13.0,13.64,6.0,24.0,97.0,47.0,152.0
weekend,18-24,T-15m_to_T-10m,25,271.28,165.0,428.0,6281.37428584,2738.013681,11053.963328,3123.809018919123,1394.7628970081464,5387.83703296555,8.15797252,6.0,10.0,17.4,9.0,29.0,82.0,40.0,145.0
weekend,18-24,T-15s_to_settlement,25,5.6,0.0,15.0,208.7385342,0.0,1000.0,144.73802848142873,0.0,767.1289260095659,165.2326923076923,1.2,1000.0,11.6,5.0,15.0,1.24,0.0,4.0
weekend,18-24,T-2m_to_T-1m,25,76.6,1.0,185.0,2360.57992404,10.98,6715.160377,1342.8230490008718,10.96902,4043.88681300529,17.4509446875,6.0,31.46,22.32,4.0,53.0,15.68,0.0,52.0
weekend,18-24,T-30s_to_T-15s,25,16.28,0.0,40.0,487.0446848,0.0,1508.058742,264.2886245193153,0.0,1381.270877998376,171.57063571428571,4.1237,1000.0,9.72,2.0,15.0,2.08,0.0,8.0
weekend,18-24,T-5m_to_T-2m,25,196.84,81.0,464.0,7550.90364672,3264.141766,15503.400172,4163.3050469622085,1856.8539269490223,7678.014366995658,11.8102267,5.906975,16.27,21.76,6.0,53.0,47.12,12.0,100.0
weekend,18-24,T-60s_to_T-30s,25,44.52,0.0,147.0,2151.5647874,0.0,7859.93735,1209.6420173226375,0.0,4248.1578789784235,346.9889816944444,4.69,750.0,17.4,3.0,30.0,7.52,0.0,25.0
