slug,market_start_epoch,local_date,week,weekday_weekend,et_hour_block,winner,resolution_status,trade_count,volume_shares,volume_usdc_estimate,median_trade_size,p10_trade_size,p90_trade_size,max_no_trade_interval_sec,trade_frequency_per_sec,trade_print_realized_volatility,price_jump_count_5c,price_history_points,historical_bbo_spread,historical_l2_depth
btc-updown-15m-1785135600,1785135600,2026-07-27,2026-07-27,weekday,00-06,UP,resolved,1295,28341.095858,13730.454139047608,10.0,1.87,44.0,15.0,1.4388888888888889,1.6389881158443427,40,2,,
btc-updown-15m-1785157200,1785157200,2026-07-27,2026-07-27,weekday,06-12,DOWN,resolved,1054,24840.694274,13456.907390042601,10.0,0.52,44.0,36.0,1.1711111111111112,3.2897297369095524,27,2,,
btc-updown-15m-1785243600,1785243600,2026-07-28,2026-07-27,weekday,06-12,DOWN,resolved,957,27062.055302,15295.82755903243,9.090908,1.71875,50.0,21.0,1.0633333333333332,3.2779162911565707,12,2,,
btc-updown-15m-1785265200,1785265200,2026-07-28,2026-07-27,weekday,12-18,UP,resolved,970,32480.58588,16563.520987972628,10.0,1.1,65.0,15.0,1.0777777777777777,0.3770525781915527,3,2,,
btc-updown-15m-1785286800,1785286800,2026-07-28,2026-07-27,weekday,18-24,DOWN,resolved,915,24550.318376,10724.905492971873,10.0,0.02,50.0,84.0,1.0166666666666666,3.6828991030564295,12,2,,
btc-updown-15m-1785351600,1785351600,2026-07-29,2026-07-27,weekday,12-18,DOWN,resolved,804,16609.269912,9338.201451068628,6.4072215,0.02,42.322579,24.0,0.8933333333333333,5.437833063314109,2,2,,
btc-updown-15m-1785373200,1785373200,2026-07-29,2026-07-27,weekday,18-24,UP,resolved,879,21596.014251,12078.632608992179,9.120476,1.28205,50.89,24.0,0.9766666666666667,0.314106029708869,2,2,,
btc-updown-15m-1785394800,1785394800,2026-07-30,2026-07-27,weekday,00-06,UP,resolved,737,13371.46965,7175.536862960771,7.290314,1.075257,40.0,35.0,0.8188888888888889,0.4292205103795889,11,2,,
btc-updown-15m-1785416400,1785416400,2026-07-30,2026-07-27,weekday,06-12,DOWN,resolved,900,19526.585834,11490.616677968643,8.33,1.492536,50.0,20.0,1.0,3.314039369004047,13,2,,
btc-updown-15m-1785459600,1785459600,2026-07-30,2026-07-27,weekday,18-24,UP,resolved,464,34116.96792,18776.554917009013,10.407608499999998,1.0204,101.132454,162.0,0.5155555555555555,0.27407508950411547,2,2,,
btc-updown-15m-1785481200,1785481200,2026-07-31,2026-07-27,weekday,00-06,DOWN,resolved,782,17995.73827,9961.264791940419,10.0,1.27,50.0,64.0,0.8688888888888889,3.829630616638089,3,2,,
btc-updown-15m-1785524400,1785524400,2026-07-31,2026-07-27,weekday,12-18,DOWN,resolved,812,17936.497292,9558.426226051595,7.99,1.188233,42.25,18.0,0.9022222222222223,2.5142852097438264,6,2,,
btc-updown-15m-1785562200,1785562200,2026-08-01,2026-07-27,weekend,00-06,DOWN,resolved,693,27179.093961,11931.410876028185,7.377048,1.85185,50.0,26.0,0.77,3.8167053317138673,7,2,,
btc-updown-15m-1785573000,1785573000,2026-08-01,2026-07-27,weekend,00-06,UP,resolved,836,14275.611514,7734.04918001674,6.0,2.0,41.02,12.0,0.9288888888888889,0.34534150211394077,6,2,,
btc-updown-15m-1785583800,1785583800,2026-08-01,2026-07-27,weekend,06-12,DOWN,resolved,849,15033.986432,8389.008693976832,7.034284,2.0,38.396225,24.0,0.9433333333333334,4.262954719199326,16,2,,
btc-updown-15m-1785594600,1785594600,2026-08-01,2026-07-27,weekend,06-12,DOWN,resolved,771,15678.151237,7521.0554320380925,8.545453,2.0,40.941175,20.0,0.8566666666666667,6.830407132391764,9,2,,
btc-updown-15m-1785605400,1785605400,2026-08-01,2026-07-27,weekend,12-18,DOWN,resolved,1468,25475.083353,13504.005091984847,6.0,1.388887,39.19,9.0,1.6311111111111112,2.670862078255824,6,2,,
btc-updown-15m-1785627000,1785627000,2026-08-01,2026-07-27,weekend,18-24,UP,resolved,797,18651.941058,10472.721146969447,5.0,2.0,46.51,30.0,0.8855555555555555,0.3972578938561818,7,2,,
btc-updown-15m-1785648600,1785648600,2026-08-02,2026-07-27,weekend,00-06,DOWN,resolved,608,13532.770174,8035.753774040222,6.0,2.0,50.0,59.0,0.6755555555555556,4.0332863948654705,4,2,,
btc-updown-15m-1785670200,1785670200,2026-08-02,2026-07-27,weekend,06-12,DOWN,resolved,1149,17763.479093,9763.451150970332,6.17,1.612902,34.20296,18.0,1.2766666666666666,1.730815767444712,29,2,,
btc-updown-15m-1785691800,1785691800,2026-08-02,2026-07-27,weekend,12-18,UP,resolved,848,16061.747011,8757.670469012819,7.0,2.0,40.0,17.0,0.9422222222222222,0.5361455750899524,16,2,,
btc-updown-15m-1785702600,1785702600,2026-08-02,2026-07-27,weekend,12-18,UP,resolved,665,13698.804037,7791.253005024324,8.08111,2.0,41.988233,24.0,0.7388888888888889,0.34380899440557267,5,2,,
btc-updown-15m-1785713400,1785713400,2026-08-02,2026-07-27,weekend,18-24,DOWN,resolved,989,21870.734138,11234.718914913537,6.18946,1.54,35.294113,13.0,1.0988888888888888,3.02144382188045,23,2,,
btc-updown-15m-1785724200,1785724200,2026-08-02,2026-07-27,weekend,18-24,UP,resolved,590,15460.393533999999,8229.179903065922,5.99,1.176466,34.0,45.0,0.6555555555555556,0.47201725508332004,8,2,,
btc-updown-15m-1785762000,1785762000,2026-08-03,2026-08-03,weekday,06-12,UP,resolved,806,15532.059285,8274.663511976416,6.042571000000001,1.369862,35.0,30.0,0.8955555555555555,0.6948411874844761,16,2,,
btc-updown-15m-1785783600,1785783600,2026-08-03,2026-08-03,weekday,12-18,UP,resolved,919,17116.654472,10318.821985978944,6.036141,1.582276,37.0,24.0,1.021111111111111,0.8278063650683033,24,2,,
btc-updown-15m-1785805200,1785805200,2026-08-03,2026-08-03,weekday,18-24,UP,resolved,746,31760.23118,18833.05727404585,6.871666,1.296294,50.632909,43.0,0.8288888888888889,0.3474430226951394,2,2,,
btc-updown-15m-1785826800,1785826800,2026-08-04,2026-08-03,weekday,00-06,DOWN,resolved,668,17294.748924,9417.001977920185,8.0,2.0,49.55,70.0,0.7422222222222222,3.7102075000450454,3,2,,
btc-updown-15m-1785870000,1785870000,2026-08-04,2026-08-03,weekday,12-18,UP,resolved,1027,25587.501666,12480.414401002827,8.0,1.923075,50.0,12.0,1.1411111111111112,0.7400707356089932,20,2,,
btc-updown-15m-1785913200,1785913200,2026-08-05,2026-08-03,weekday,00-06,DOWN,resolved,797,16274.770026,9008.718352996584,7.14,1.639343,43.0,75.0,0.8855555555555555,3.518854513557505,13,2,,
btc-updown-15m-1785934800,1785934800,2026-08-05,2026-08-03,weekday,06-12,DOWN,resolved,536,16538.662304,7134.8505980176205,8.2089555,1.79,74.888887,80.0,0.5955555555555555,2.9606303583609335,3,2,,
btc-updown-15m-1785978000,1785978000,2026-08-05,2026-08-03,weekday,18-24,DOWN,resolved,886,20194.157729,8868.842339979907,7.566342000000001,2.0,47.39,19.0,0.9844444444444445,3.45512452392361,14,2,,
btc-updown-15m-1785999600,1785999600,2026-08-06,2026-08-03,weekday,00-06,UP,resolved,1047,22613.597655,12143.890008989712,6.621211,2.0,46.0,15.0,1.1633333333333333,1.1943350944753626,19,2,,
btc-updown-15m-1786021200,1786021200,2026-08-06,2026-08-03,weekday,06-12,DOWN,resolved,818,29455.193111,16732.043134968928,9.36335,2.0,73.1,90.0,0.9088888888888889,5.022351663259695,6,2,,
btc-updown-15m-1786107600,1786107600,2026-08-07,2026-08-03,weekday,06-12,DOWN,resolved,935,26236.432198,16276.202113133266,8.319147,1.216864,63.0,38.0,1.038888888888889,4.184560228112912,9,2,,
btc-updown-15m-1786129200,1786129200,2026-08-07,2026-08-03,weekday,12-18,UP,resolved,526,22263.27174,12287.734418968397,11.420531,2.0,103.092782,78.0,0.5844444444444444,0.28006141939931023,3,2,,
btc-updown-15m-1786150800,1786150800,2026-08-07,2026-08-03,weekday,18-24,UP,resolved,780,24772.318122,13046.774553911762,7.0,2.272726,63.666665,20.0,0.8666666666666667,0.6691018235217384,7,2,,
btc-updown-15m-1786167000,1786167000,2026-08-08,2026-08-03,weekend,00-06,DOWN,resolved,617,17622.384441,9793.858291068063,8.521738,2.0,59.45,21.0,0.6855555555555556,4.282745742737157,8,2,,
btc-updown-15m-1786177800,1786177800,2026-08-08,2026-08-03,weekend,00-06,UP,resolved,425,12476.604186,6211.96787702747,10.0,2.0,65.0,50.0,0.4722222222222222,0.3942608518292114,2,2,,
btc-updown-15m-1786188600,1786188600,2026-08-08,2026-08-03,weekend,06-12,DOWN,resolved,803,19807.952363,10526.680935025686,8.914284,2.0,49.99,20.0,0.8922222222222222,2.4999618054406296,6,2,,
btc-updown-15m-1786210200,1786210200,2026-08-08,2026-08-03,weekend,12-18,UP,resolved,772,17411.021015,10599.571481026001,10.0,1.94,50.0,18.0,0.8577777777777778,0.4733230335695164,8,2,,
btc-updown-15m-1786221000,1786221000,2026-08-08,2026-08-03,weekend,12-18,UP,resolved,724,16471.27728,8379.86837099995,8.041233,2.0,51.9105,18.0,0.8044444444444444,0.40308026951857867,7,2,,
btc-updown-15m-1786231800,1786231800,2026-08-08,2026-08-03,weekend,18-24,UP,resolved,576,11802.705793,6437.140687991425,10.0,2.0,40.0,36.0,0.64,0.3040234095275015,2,2,,
btc-updown-15m-1786242600,1786242600,2026-08-08,2026-08-03,weekend,18-24,DOWN,resolved,717,22713.594255,11704.809469888562,9.43,2.0,75.731706,109.0,0.7966666666666666,3.1702229887547158,12,2,,
btc-updown-15m-1786253400,1786253400,2026-08-09,2026-08-03,weekend,00-06,DOWN,resolved,957,22639.228943,11358.134619050983,10.0,2.040815,50.0,24.0,1.0633333333333332,4.447725123477638,27,2,,
btc-updown-15m-1786275000,1786275000,2026-08-09,2026-08-03,weekend,06-12,UP,resolved,648,14686.908385,9625.828059985497,6.0,2.0,64.875,33.0,0.72,0.45021488268711735,7,2,,
btc-updown-15m-1786285800,1786285800,2026-08-09,2026-08-03,weekend,06-12,DOWN,resolved,741,12419.393923,6631.032992964858,6.856663,1.42,43.21,23.0,0.8233333333333334,4.489496882111361,8,2,,
btc-updown-15m-1786296600,1786296600,2026-08-09,2026-08-03,weekend,12-18,DOWN,resolved,820,19959.491307,11277.574125049534,8.1584305,2.0,52.0,20.0,0.9111111111111111,3.6156990341478776,6,2,,
btc-updown-15m-1786318200,1786318200,2026-08-09,2026-08-03,weekend,18-24,DOWN,resolved,1170,26160.734715,13222.866169956911,10.0,1.329783,57.0,17.0,1.3,4.706480331281647,22,2,,
btc-updown-15m-1786329000,1786329000,2026-08-09,2026-08-03,weekend,18-24,UP,resolved,630,17112.768517,11934.310803966922,9.8,1.51515,55.5,78.0,0.7,0.4192410533482142,3,2,,
btc-updown-15m-1786388400,1786388400,2026-08-10,2026-08-10,weekday,12-18,UP,resolved,841,23335.999431,12257.349055042387,8.216215,1.51515,60.0,40.0,0.9344444444444444,0.5594611789609722,12,2,,
btc-updown-15m-1786410000,1786410000,2026-08-10,2026-08-10,weekday,18-24,UP,resolved,996,20625.177187,9459.220951968075,9.219999999999999,1.42,40.0,27.0,1.1066666666666667,1.6462616567798622,20,2,,
btc-updown-15m-1786431600,1786431600,2026-08-11,2026-08-10,weekday,00-06,UP,resolved,945,22970.729826,10864.433942023605,9.25,1.60759,50.0,18.0,1.05,0.49496385412566957,13,2,,
btc-updown-15m-1786453200,1786453200,2026-08-11,2026-08-10,weekday,06-12,DOWN,resolved,1121,40719.07913,20409.50801701002,10.0,1.85,67.0,12.0,1.2455555555555555,3.7978974724294816,25,2,,
btc-updown-15m-1786496400,1786496400,2026-08-11,2026-08-10,weekday,18-24,UP,resolved,1394,26631.976327,13655.109675965197,8.301392499999999,2.0,42.84,47.0,1.548888888888889,0.9560964866182622,16,2,,
btc-updown-15m-1786518000,1786518000,2026-08-12,2026-08-10,weekday,00-06,UP,resolved,486,14649.435242,6812.338179005276,10.0,2.083325,50.0,66.0,0.54,0.25658813045893797,2,2,,
btc-updown-15m-1786561200,1786561200,2026-08-12,2026-08-10,weekday,12-18,UP,resolved,1090,21801.265145,10593.948792975978,5.3780470000000005,1.470587,44.117646,15.0,1.211111111111111,0.47464324933187024,9,2,,
btc-updown-15m-1786626000,1786626000,2026-08-13,2026-08-10,weekday,06-12,UP,resolved,866,22570.424967,11464.34024802584,11.795,1.5,54.0,44.0,0.9622222222222222,0.3770150438043464,4,2,,
btc-updown-15m-1786647600,1786647600,2026-08-13,2026-08-10,weekday,12-18,UP,resolved,656,34825.219834999996,14711.16730276644,10.0,1.785713,85.0,65.0,0.7288888888888889,0.4273539863630523,7,2,,
btc-updown-15m-1786669200,1786669200,2026-08-13,2026-08-10,weekday,18-24,DOWN,resolved,1599,32599.056722,16282.930544982146,7.446807,1.754384,46.0,14.0,1.7766666666666666,2.3162209460533796,37,2,,
btc-updown-15m-1786690800,1786690800,2026-08-14,2026-08-10,weekday,00-06,UP,resolved,859,32919.479388,17852.5996839918,10.0,1.75,63.79,77.0,0.9544444444444444,0.29938699085567455,0,2,,
btc-updown-15m-1786734000,1786734000,2026-08-14,2026-08-10,weekday,12-18,DOWN,resolved,690,18515.315909,9951.438862001893,7.915,1.234563,68.49,54.0,0.7666666666666667,3.1345642677166645,8,2,,
btc-updown-15m-1786771800,1786771800,2026-08-15,2026-08-10,weekend,00-06,DOWN,resolved,531,11175.229563,6795.905041985296,6.98,2.0,50.0,121.0,0.59,3.914295753065765,9,2,,
btc-updown-15m-1786782600,1786782600,2026-08-15,2026-08-10,weekend,00-06,DOWN,resolved,673,16867.700894,10183.780857997912,8.51,1.864404,50.0,45.0,0.7477777777777778,3.1112901028078093,3,2,,
btc-updown-15m-1786793400,1786793400,2026-08-15,2026-08-10,weekend,06-12,UP,resolved,638,13774.10102,7829.085419962409,10.0,2.0,50.0,33.0,0.7088888888888889,0.6106426733825259,7,2,,
btc-updown-15m-1786804200,1786804200,2026-08-15,2026-08-10,weekend,06-12,UP,resolved,954,22432.316995,12473.094608972144,8.184999999999999,2.0,50.0,15.0,1.06,0.9305367419520293,21,2,,
btc-updown-15m-1786815000,1786815000,2026-08-15,2026-08-10,weekend,12-18,UP,resolved,1019,22305.912195,11839.493710983297,10.0,2.173912,50.75,27.0,1.1322222222222222,1.1281639088866475,21,2,,
btc-updown-15m-1786825800,1786825800,2026-08-15,2026-08-10,weekend,12-18,UP,resolved,771,15603.630079,8272.614453006623,9.8,2.0,50.0,22.0,0.8566666666666667,1.3659269948410453,16,2,,
btc-updown-15m-1786858200,1786858200,2026-08-16,2026-08-10,weekend,00-06,DOWN,resolved,932,24833.689146,13385.447137972833,7.2496925,2.0,60.0,27.0,1.0355555555555556,2.4843240980607093,13,2,,
btc-updown-15m-1786879800,1786879800,2026-08-16,2026-08-10,weekend,06-12,UP,resolved,634,13589.042055,8111.348653997159,9.995000000000001,2.0,50.0,23.0,0.7044444444444444,0.5222524449294976,5,2,,
btc-updown-15m-1786890600,1786890600,2026-08-16,2026-08-10,weekend,06-12,UP,resolved,880,13038.413077,7148.827240994666,6.579936,1.83,29.091028,32.0,0.9777777777777777,0.5944830017925973,10,2,,
btc-updown-15m-1786901400,1786901400,2026-08-16,2026-08-10,weekend,12-18,DOWN,resolved,976,20743.986654,10313.040367940515,6.4686065,1.97,50.0,65.0,1.0844444444444445,2.174393812569698,11,2,,
btc-updown-15m-1786923000,1786923000,2026-08-16,2026-08-10,weekend,18-24,UP,resolved,661,13892.036516,6609.394067951471,6.0,1.45714,29.0,33.0,0.7344444444444445,0.4889482285110803,13,2,,
btc-updown-15m-1786933800,1786933800,2026-08-16,2026-08-10,weekend,18-24,UP,resolved,978,21022.099903,10416.542494986761,7.0,1.481478,50.0,53.0,1.0866666666666667,0.9140595158653009,6,2,,
btc-updown-15m-1786950000,1786950000,2026-08-17,2026-08-17,weekday,00-06,DOWN,resolved,809,26048.575013,14317.980378956578,10.0,1.64179,70.136362,75.0,0.8988888888888888,3.9949843494499766,4,2,,
btc-updown-15m-1786971600,1786971600,2026-08-17,2026-08-17,weekday,06-12,UP,resolved,1307,33588.777635,18222.815131946,8.108107,2.380951,61.7,23.0,1.4522222222222223,1.3660773796334043,24,2,,
btc-updown-15m-1787014800,1787014800,2026-08-17,2026-08-17,weekday,18-24,DOWN,resolved,1244,31651.412919,17538.713154892674,7.471342,1.98,53.33,35.0,1.3822222222222222,4.855446545562018,7,2,,
btc-updown-15m-1787036400,1787036400,2026-08-18,2026-08-17,weekday,00-06,UP,resolved,1333,43748.840136,18979.24342107331,7.0,2.0,42.49,27.0,1.481111111111111,0.8786964939143717,18,2,,
btc-updown-15m-1787058000,1787058000,2026-08-18,2026-08-17,weekday,06-12,DOWN,resolved,653,21500.796483000002,8767.025620113815,10.0,2.028168,60.0,15.0,0.7255555555555555,5.3147892161646135,3,2,,
btc-updown-15m-1787144400,1787144400,2026-08-19,2026-08-17,weekday,06-12,UP,resolved,1175,29748.171345,15399.535110017883,10.0,1.69,50.0,73.0,1.3055555555555556,1.0902224756264038,14,2,,
btc-updown-15m-1787166000,1787166000,2026-08-19,2026-08-17,weekday,12-18,DOWN,resolved,1626,33355.652453,18398.858727012746,9.433961,1.53,43.0,26.0,1.8066666666666666,2.9430208886978213,34,2,,
btc-updown-15m-1787187600,1787187600,2026-08-19,2026-08-17,weekday,18-24,DOWN,resolved,1275,28152.058932,14502.077354974228,7.35294,1.0309,55.0,26.0,1.4166666666666667,3.0580834059003754,9,2,,
btc-updown-15m-1787252400,1787252400,2026-08-20,2026-08-17,weekday,12-18,UP,resolved,1596,60551.373992,29479.57350109712,10.0,1.08,84.44,28.0,1.7733333333333334,1.298747237443023,40,2,,
btc-updown-15m-1787274000,1787274000,2026-08-20,2026-08-17,weekday,18-24,UP,resolved,817,31712.846911,13637.764086383444,7.0,0.02,63.37,67.0,0.9077777777777778,0.36771365604658124,0,2,,
btc-updown-15m-1787295600,1787295600,2026-08-21,2026-08-17,weekday,00-06,UP,resolved,1327,37979.076472,23054.763307016194,9.09,0.02,67.272726,54.0,1.4744444444444444,0.48226718670991203,3,2,,
btc-updown-15m-1787317200,1787317200,2026-08-21,2026-08-17,weekday,06-12,DOWN,resolved,1778,39522.703497,20687.170008994144,8.0,1.0,51.0,32.0,1.9755555555555555,2.587417052675341,16,2,,
btc-updown-15m-1787360400,1787360400,2026-08-21,2026-08-17,weekday,18-24,UP,resolved,676,19621.420613,8808.74099099586,6.09545,0.02,50.0,51.0,0.7511111111111111,0.3987073669408217,1,2,,
btc-updown-15m-1787376600,1787376600,2026-08-22,2026-08-17,weekend,00-06,DOWN,resolved,1488,32526.892417,15594.043355122021,5.8961755,0.02,50.63636,51.0,1.6533333333333333,1.9739975394659646,5,2,,
btc-updown-15m-1787387400,1787387400,2026-08-22,2026-08-17,weekend,00-06,UP,resolved,1783,58600.308809,26588.180949966765,10.0,1.18,50.0,13.0,1.981111111111111,3.2536288782517238,18,2,,
btc-updown-15m-1787398200,1787398200,2026-08-22,2026-08-17,weekend,06-12,UP,resolved,490,14828.517432999999,9444.072309853853,9.8,2.0,48.05,19.0,0.5444444444444444,0.3601905651846766,3,2,,
btc-updown-15m-1787419800,1787419800,2026-08-22,2026-08-17,weekend,12-18,UP,resolved,747,17814.875543,7742.574300964872,6.014491,1.219511,42.0,26.0,0.83,0.4683028744637018,8,2,,
btc-updown-15m-1787430600,1787430600,2026-08-22,2026-08-17,weekend,12-18,UP,resolved,1073,20131.129436,10927.264828004847,7.142856,1.488635,45.0,47.0,1.1922222222222223,1.0216842742390597,17,2,,
btc-updown-15m-1787441400,1787441400,2026-08-22,2026-08-17,weekend,18-24,UP,resolved,686,20502.562271,9910.659483996458,9.0,1.89,47.16981,72.0,0.7622222222222222,0.7468821948632638,11,2,,
btc-updown-15m-1787452200,1787452200,2026-08-22,2026-08-17,weekend,18-24,UP,resolved,737,17356.957603,8934.115488036952,6.578311,1.075257,35.0,87.0,0.8188888888888889,0.23765033648347542,0,2,,
btc-updown-15m-1787463000,1787463000,2026-08-23,2026-08-17,weekend,00-06,DOWN,resolved,1137,15528.774938,8022.163248995034,5.0,0.02,29.98,24.0,1.2633333333333334,2.084133340450542,26,2,,
btc-updown-15m-1787473800,1787473800,2026-08-23,2026-08-17,weekend,00-06,UP,resolved,650,16257.87596,8722.493969018818,5.879768,1.0309,41.83,98.0,0.7222222222222222,0.4251801863277114,8,2,,
btc-updown-15m-1787484600,1787484600,2026-08-23,2026-08-17,weekend,06-12,UP,resolved,742,15303.015443,8477.152478014463,7.0,1.176469,36.0,31.0,0.8244444444444444,0.5056568117953005,8,2,,
btc-updown-15m-1787506200,1787506200,2026-08-23,2026-08-17,weekend,12-18,UP,resolved,1331,26475.296366,12619.450547016604,8.0,1.785713,40.68,29.0,1.478888888888889,1.4414575068020126,31,2,,
btc-updown-15m-1787527800,1787527800,2026-08-23,2026-08-17,weekend,18-24,DOWN,resolved,1112,20622.471422,10699.990723998626,6.465,1.041665,38.0,37.0,1.2355555555555555,2.9198092911797624,13,2,,
btc-updown-15m-1787538600,1787538600,2026-08-23,2026-08-17,weekend,18-24,UP,resolved,1396,28701.361734,14593.125010026626,7.824999999999999,1.24691,45.0,14.0,1.551111111111111,1.445538110449383,44,2,,
btc-updown-15m-1787554800,1787554800,2026-08-24,2026-08-24,weekday,00-06,UP,resolved,653,16111.681588,10347.66582999045,8.0,1.11,31.0,92.0,0.7255555555555555,0.5233036047877132,10,2,,
btc-updown-15m-1787598000,1787598000,2026-08-24,2026-08-24,weekday,12-18,UP,resolved,1319,33815.593704,18990.30232596308,9.0,1.0,47.01,21.0,1.4655555555555555,1.2389575908018617,26,2,,
btc-updown-15m-1787662800,1787662800,2026-08-25,2026-08-24,weekday,06-12,DOWN,resolved,1352,32130.027464,15890.390441893956,9.2855925,0.94,55.0,39.0,1.5022222222222221,3.3608576444478606,16,2,,
btc-updown-15m-1787684400,1787684400,2026-08-25,2026-08-24,weekday,12-18,UP,resolved,1291,42576.580914,21462.49911610335,10.0,2.0,75.0,23.0,1.4344444444444444,2.085635757819159,23,2,,
btc-updown-15m-1787706000,1787706000,2026-08-25,2026-08-24,weekday,18-24,UP,resolved,759,22313.32026,12588.865568964811,8.22,1.25,60.71,42.0,0.8433333333333334,0.3740549226885961,1,2,,
btc-updown-15m-1787727600,1787727600,2026-08-26,2026-08-24,weekday,00-06,UP,resolved,0,0,0,,,,900,0.0,,0,2,,
btc-updown-15m-1787770800,1787770800,2026-08-26,2026-08-24,weekday,12-18,DOWN,resolved,881,18372.768836,8762.850095989466,8.543475,0.92,51.0,41.0,0.9788888888888889,3.208531618606452,16,2,,
btc-updown-15m-1787814000,1787814000,2026-08-27,2026-08-24,weekday,00-06,DOWN,resolved,889,15828.932669,7700.564596035482,6.840577,1.619564,35.71,19.0,0.9877777777777778,3.9850953456103735,14,2,,
btc-updown-15m-1787835600,1787835600,2026-08-27,2026-08-24,weekday,06-12,UP,resolved,1170,27365.277831,13596.304003880237,7.8838004999999995,1.04165,49.3,54.0,1.3,0.7111210085740967,20,2,,
btc-updown-15m-1787878800,1787878800,2026-08-27,2026-08-24,weekday,18-24,UP,resolved,781,26112.834534,12653.947244981904,9.8,1.0204,61.12,46.0,0.8677777777777778,0.3807570581937605,2,2,,
btc-updown-15m-1787900400,1787900400,2026-08-28,2026-08-24,weekday,00-06,DOWN,resolved,634,22719.982081,14106.831066151752,10.0,2.0,55.0,126.0,0.7044444444444444,4.0480387610646895,4,2,,
btc-updown-15m-1787922000,1787922000,2026-08-28,2026-08-24,weekday,06-12,DOWN,resolved,893,17276.946401,8625.94636903603,8.888887,1.31,45.0,27.0,0.9922222222222222,1.9945088554916965,16,2,,
btc-updown-15m-1787981400,1787981400,2026-08-29,2026-08-24,weekend,00-06,UP,resolved,692,14148.469913,7364.887663015867,9.841718499999999,2.0,53.43,36.0,0.7688888888888888,0.7296226467296051,12,2,,
btc-updown-15m-1788003000,1788003000,2026-08-29,2026-08-24,weekend,06-12,DOWN,resolved,576,12271.638497,6659.723760028693,7.4160255,2.0,51.829266,48.0,0.64,3.2026208305406887,11,2,,
btc-updown-15m-1788013800,1788013800,2026-08-29,2026-08-24,weekend,06-12,UP,resolved,570,17061.913511,9597.94934802286,7.358187,1.923075,50.0,43.0,0.6333333333333333,0.5229580630178219,9,2,,
btc-updown-15m-1788024600,1788024600,2026-08-29,2026-08-24,weekend,12-18,UP,resolved,1065,23566.977247,12188.13664600024,9.31,1.923075,50.0,32.0,1.1833333333333333,1.5930218798768574,24,2,,
btc-updown-15m-1788035400,1788035400,2026-08-29,2026-08-24,weekend,12-18,DOWN,resolved,837,19064.555233,10421.845427945445,6.75,2.0,51.78125,21.0,0.93,2.2653745052914287,5,2,,
btc-updown-15m-1788046200,1788046200,2026-08-29,2026-08-24,weekend,18-24,DOWN,resolved,1400,34167.341948,16659.62253398909,10.0,2.1,51.361714,24.0,1.5555555555555556,2.892064738581953,36,2,,
btc-updown-15m-1788067800,1788067800,2026-08-30,2026-08-24,weekend,00-06,DOWN,resolved,704,17450.666741,9094.088444986792,8.727271,2.0,52.8,33.0,0.7822222222222223,4.063296025956413,11,2,,
btc-updown-15m-1788089400,1788089400,2026-08-30,2026-08-24,weekend,06-12,DOWN,resolved,1243,33960.051155,18005.378239829708,10.0,2.0,64.8,21.0,1.3811111111111112,3.783385027693567,27,2,,
btc-updown-15m-1788100200,1788100200,2026-08-30,2026-08-24,weekend,06-12,DOWN,resolved,650,22452.610223,12861.610957022413,10.0,1.5873,63.0,43.0,0.7222222222222222,2.3971701256425892,4,2,,
btc-updown-15m-1788111000,1788111000,2026-08-30,2026-08-24,weekend,12-18,UP,resolved,679,20499.691086,11179.60472102346,9.0,1.0204,59.9,69.0,0.7544444444444445,0.41028993808538133,1,2,,
btc-updown-15m-1788121800,1788121800,2026-08-30,2026-08-24,weekend,12-18,DOWN,resolved,976,23386.561458,11677.15354893802,9.0683325,2.0,45.454544,72.0,1.0844444444444445,3.606857314204683,8,2,,
btc-updown-15m-1788132600,1788132600,2026-08-30,2026-08-24,weekend,18-24,DOWN,resolved,1216,25606.281592,14087.227052950813,8.0,0.02,38.431371,114.0,1.3511111111111112,3.328609451007311,10,2,,
btc-updown-15m-1788181200,1788181200,2026-08-31,2026-08-31,weekday,06-12,UP,resolved,663,19014.875871,12998.79397700202,6.84,0.02,50.0,21.0,0.7366666666666667,0.31111781808534805,0,2,,
btc-updown-15m-1788202800,1788202800,2026-08-31,2026-08-31,weekday,12-18,UP,resolved,907,30622.900902,16640.163682953123,10.0,1.74,75.0,24.0,1.0077777777777779,0.38173801482144826,2,2,,
btc-updown-15m-1788224400,1788224400,2026-08-31,2026-08-31,weekday,18-24,DOWN,resolved,712,17695.379159,9374.994962053814,10.0,2.0,50.0,285.0,0.7911111111111111,3.1894513417998818,13,2,,
btc-updown-15m-1788289200,1788289200,2026-09-01,2026-08-31,weekday,12-18,UP,resolved,1124,34054.660169,19035.95513800032,9.0,1.388885,55.0,32.0,1.248888888888889,0.4681174550565364,3,2,,
btc-updown-15m-1788310800,1788310800,2026-09-01,2026-08-31,weekday,18-24,UP,resolved,1130,22398.717546,12378.498775021775,6.633331999999999,1.7,50.0,38.0,1.2555555555555555,0.9774112904498009,23,2,,
btc-updown-15m-1788332400,1788332400,2026-09-02,2026-08-31,weekday,00-06,UP,resolved,714,28259.211582,14192.930698028113,9.816066,1.785713,53.98,54.0,0.7933333333333333,0.5065882468663522,6,2,,
btc-updown-15m-1788354000,1788354000,2026-09-02,2026-08-31,weekday,06-12,UP,resolved,581,17415.661826,9391.21325899738,10.0,2.0,60.588234,45.0,0.6455555555555555,0.26910353424186473,0,2,,
btc-updown-15m-1788397200,1788397200,2026-09-02,2026-08-31,weekday,18-24,UP,resolved,786,28429.820683,15443.998367032927,8.0,1.0101,60.79,65.0,0.8733333333333333,0.7888767065438227,10,2,,
btc-updown-15m-1788418800,1788418800,2026-09-03,2026-08-31,weekday,00-06,UP,resolved,768,26684.474756,14331.513368038273,10.0,1.09,64.0,49.0,0.8533333333333334,0.420707089554084,6,2,,
btc-updown-15m-1788462000,1788462000,2026-09-03,2026-08-31,weekday,12-18,DOWN,resolved,0,0,0,,,,900,0.0,,0,2,,
btc-updown-15m-1788526800,1788526800,2026-09-04,2026-08-31,weekday,06-12,DOWN,resolved,1185,25381.010854,14158.103281994427,8.555554,0.02,50.0,27.0,1.3166666666666667,1.9992879181651544,0,2,,
btc-updown-15m-1788548400,1788548400,2026-09-04,2026-08-31,weekday,12-18,UP,resolved,676,15941.333976,8360.88565900679,8.3333315,2.0,56.0,87.0,0.7511111111111111,0.32009152645733746,2,2,,
btc-updown-15m-1788570000,1788570000,2026-09-04,2026-08-31,weekday,18-24,UP,resolved,770,25755.437796,15766.677792933524,8.0,2.0,59.0,34.0,0.8555555555555555,0.43065924753616464,4,2,,
btc-updown-15m-1788586200,1788586200,2026-09-05,2026-08-31,weekend,00-06,DOWN,resolved,1546,38298.095152,19660.559131086582,8.308477,4.0,57.076922,25.0,1.7177777777777778,1.6018497225397237,11,2,,
btc-updown-15m-1788597000,1788597000,2026-09-05,2026-08-31,weekend,00-06,DOWN,resolved,730,12197.379554,7132.4053880191,7.305,2.0,37.0,48.0,0.8111111111111111,1.871686696165343,8,2,,
btc-updown-15m-1788607800,1788607800,2026-09-05,2026-08-31,weekend,06-12,DOWN,resolved,1282,31594.475629,17170.72214298384,10.0,2.0,50.0,17.0,1.4244444444444444,2.8450058871251915,26,2,,
btc-updown-15m-1788629400,1788629400,2026-09-05,2026-08-31,weekend,12-18,UP,resolved,1201,26182.937281,13184.58739893304,7.244185,1.923075,40.0,14.0,1.3344444444444445,1.106556112381318,21,2,,
btc-updown-15m-1788640200,1788640200,2026-09-05,2026-08-31,weekend,12-18,UP,resolved,1033,22355.709097,12091.1376479995,8.0,2.083332,53.0,21.0,1.1477777777777778,0.661251538768419,13,2,,
btc-updown-15m-1788651000,1788651000,2026-09-05,2026-08-31,weekend,18-24,UP,resolved,3279,179278.156596,90585.09844972489,8.0,2.901959,64.0,19.0,3.6433333333333335,1.3610958146155732,54,2,,
btc-updown-15m-1788661800,1788661800,2026-09-05,2026-08-31,weekend,18-24,DOWN,resolved,979,35248.157979,22092.940390153017,10.256409,3.846152,59.615383,18.0,1.0877777777777777,1.4616830866760737,18,2,,
btc-updown-15m-1788672600,1788672600,2026-09-06,2026-08-31,weekend,00-06,UP,resolved,514,17864.975699,12547.139247095358,10.0,1.666665,75.0,62.0,0.5711111111111111,0.4310111068536784,6,2,,
btc-updown-15m-1788683400,1788683400,2026-09-06,2026-08-31,weekend,00-06,DOWN,resolved,616,18020.905716,10208.769950992479,10.6483325,2.083332,63.261903,43.0,0.6844444444444444,3.051733861599272,6,2,,
btc-updown-15m-1788694200,1788694200,2026-09-06,2026-08-31,weekend,06-12,UP,resolved,922,26176.982087,15067.97656193193,10.4673905,2.7,52.268204,18.0,1.0244444444444445,3.2523447964792873,18,2,,
btc-updown-15m-1788705000,1788705000,2026-09-06,2026-08-31,weekend,06-12,UP,resolved,1737,37569.768346,19711.4087859728,7.24,1.42857,50.833332,11.0,1.93,1.525442462010275,34,2,,
btc-updown-15m-1788737400,1788737400,2026-09-06,2026-08-31,weekend,18-24,UP,resolved,497,21695.711628,14101.896714054303,10.0,1.251,50.2,57.0,0.5522222222222222,0.370514873306999,3,2,,
btc-updown-15m-1788748200,1788748200,2026-09-06,2026-08-31,weekend,18-24,UP,resolved,694,30822.399673,14917.867743151844,13.055,1.204818,60.0,82.0,0.7711111111111111,0.5112672978274064,5,2,,
btc-updown-15m-1788764400,1788764400,2026-09-07,2026-09-07,weekday,00-06,DOWN,resolved,1059,22454.281682,11790.33694801944,8.19,1.64,45.0,16.0,1.1766666666666667,2.413008284984117,25,2,,
btc-updown-15m-1788807600,1788807600,2026-09-07,2026-09-07,weekday,12-18,DOWN,resolved,644,15193.620522,8916.491692039304,6.0,1.111112,60.731705,41.0,0.7155555555555555,2.1199660655133257,9,2,,
btc-updown-15m-1788850800,1788850800,2026-09-08,2026-09-07,weekday,00-06,UP,resolved,622,14040.746321999999,9585.45859200575,6.1395420000000005,1.149423,41.666667,65.0,0.6911111111111111,0.5152875831433592,3,2,,
btc-updown-15m-1788872400,1788872400,2026-09-08,2026-09-07,weekday,06-12,UP,resolved,824,22934.98903,13815.963327036006,9.98,1.09,60.13,30.0,0.9155555555555556,0.4791619314144599,8,2,,
btc-updown-15m-1788915600,1788915600,2026-09-08,2026-09-07,weekday,18-24,DOWN,resolved,4951,242410.59973,121830.29470848222,10.0,2.967742,88.366667,20.0,5.501111111111111,2.347731847963957,36,2,,
btc-updown-15m-1788937200,1788937200,2026-09-09,2026-09-07,weekday,00-06,UP,resolved,576,19068.286292,12306.222357977409,10.061728500000001,1.525605,64.0,78.0,0.64,0.45783577576850515,6,2,,
btc-updown-15m-1788958800,1788958800,2026-09-09,2026-09-07,weekday,06-12,DOWN,resolved,915,32473.773195,19734.432230012506,11.0,1.149426,70.7677,18.0,1.0166666666666666,5.416932095730157,11,2,,
btc-updown-15m-1789045200,1789045200,2026-09-10,2026-09-07,weekday,06-12,DOWN,resolved,1422,36614.732469,20480.483225998374,7.0,0.02,50.0,12.0,1.58,2.386966389621395,31,2,,
btc-updown-15m-1789066800,1789066800,2026-09-10,2026-09-07,weekday,12-18,DOWN,resolved,653,20125.876233,10604.074416895906,7.14,1.12359,69.722221,48.0,0.7255555555555555,2.8475674212354085,16,2,,
btc-updown-15m-1789088400,1789088400,2026-09-10,2026-09-07,weekday,18-24,UP,resolved,563,24735.357405,14537.17890701204,12.820513,2.666664,69.75,22.0,0.6255555555555555,0.4454920996371649,6,2,,
btc-updown-15m-1789153200,1789153200,2026-09-11,2026-09-07,weekday,12-18,UP,resolved,630,19112.177132,9877.471932003391,10.0,1.81,65.0,66.0,0.7,0.4906247765269497,6,2,,
btc-updown-15m-1789174800,1789174800,2026-09-11,2026-09-07,weekday,18-24,UP,resolved,617,17405.456982,9460.245090982182,10.571429,2.97,61.787879,45.0,0.6855555555555556,0.6791475095633212,10,2,,
btc-updown-15m-1789191000,1789191000,2026-09-12,2026-09-07,weekend,00-06,UP,resolved,617,22837.657271,13250.450967984892,11.928572,2.1978,93.0,32.0,0.6855555555555556,0.4999497981628391,8,2,,
btc-updown-15m-1789201800,1789201800,2026-09-12,2026-09-07,weekend,00-06,UP,resolved,389,10728.808776,6033.742017968424,9.661017,3.003,61.428572,57.0,0.43222222222222223,0.25787316305310576,1,2,,
btc-updown-15m-1789212600,1789212600,2026-09-12,2026-09-07,weekend,06-12,UP,resolved,438,16370.881154,10353.081840993395,15.311991500000001,2.780488,100.0,25.0,0.4866666666666667,0.41378765405603374,5,2,,
btc-updown-15m-1789234200,1789234200,2026-09-12,2026-09-07,weekend,12-18,DOWN,resolved,526,21071.76565,11372.901385114392,13.916666,2.531642,90.0,61.0,0.5844444444444444,4.452180450131316,5,2,,
btc-updown-15m-1789245000,1789245000,2026-09-12,2026-09-07,weekend,12-18,DOWN,resolved,971,35556.175477,18032.727367983764,13.35,4.54,95.98,31.0,1.0788888888888888,4.139404640828328,36,2,,
btc-updown-15m-1789255800,1789255800,2026-09-12,2026-09-07,weekend,18-24,DOWN,resolved,770,28658.286853999998,14112.334784094044,10.133334,3.71,100.0,20.0,0.8555555555555555,2.756665012095085,13,2,,
btc-updown-15m-1789299000,1789299000,2026-09-13,2026-09-07,weekend,06-12,UP,resolved,331,11894.7727,7064.789004034658,11.111112,3.225807,92.23077,87.0,0.36777777777777776,0.2976920302529663,3,2,,
btc-updown-15m-1789309800,1789309800,2026-09-13,2026-09-07,weekend,06-12,UP,resolved,621,30309.49321,11920.63662589595,10.0,2.788462,75.0,57.0,0.69,0.8119507941942689,18,2,,
btc-updown-15m-1789320600,1789320600,2026-09-13,2026-09-07,weekend,12-18,DOWN,resolved,340,12065.245564,6381.303698094476,11.152571,2.1,67.933334,42.0,0.37777777777777777,2.1950217498509152,11,2,,
btc-updown-15m-1789331400,1789331400,2026-09-13,2026-09-07,weekend,12-18,DOWN,resolved,718,20551.471695,10211.690942020063,10.0,2.857143,64.0,23.0,0.7977777777777778,3.3506316714376014,36,2,,
btc-updown-15m-1789342200,1789342200,2026-09-13,2026-09-07,weekend,18-24,UP,resolved,547,18537.789141,8921.79064013189,10.0,3.846154,83.548667,68.0,0.6077777777777778,0.3896531488424055,9,2,,
btc-updown-15m-1789353000,1789353000,2026-09-13,2026-09-07,weekend,18-24,DOWN,resolved,1024,40175.430067,19535.68715195249,10.0,3.87,80.0,21.0,1.1377777777777778,1.9235027432822975,16,2,,
btc-updown-15m-1789369200,1789369200,2026-09-14,2026-09-14,weekday,00-06,UP,resolved,753,22729.593059,12155.06664599277,11.2,2.272728,62.78,61.0,0.8366666666666667,0.5783438434792264,9,2,,
btc-updown-15m-1789390800,1789390800,2026-09-14,2026-09-14,weekday,06-12,UP,resolved,1529,63838.468162,33481.928757017566,10.0,2.985075,98.374445,18.0,1.698888888888889,2.5318236240579464,48,2,,
btc-updown-15m-1789434000,1789434000,2026-09-14,2026-09-14,weekday,18-24,DOWN,resolved,637,37236.527127,13307.69043397966,13.936709,3.333334,83.44,27.0,0.7077777777777777,4.170738749260639,5,2,,
btc-updown-15m-1789455600,1789455600,2026-09-15,2026-09-14,weekday,00-06,DOWN,resolved,887,28525.924044,14066.229324024958,13.01,2.380953,78.69,15.0,0.9855555555555555,3.823006340520424,18,2,,
btc-updown-15m-1789498800,1789498800,2026-09-15,2026-09-14,weekday,12-18,DOWN,resolved,1002,27935.875608,15480.32210602526,10.6125,2.272728,75.0,12.0,1.1133333333333333,2.4864787604594594,38,2,,
btc-updown-15m-1789563600,1789563600,2026-09-16,2026-09-14,weekday,06-12,DOWN,resolved,524,20068.825476,10422.901848928896,10.929783,3.33333,78.33,32.0,0.5822222222222222,6.1902375356179355,2,2,,
btc-updown-15m-1789585200,1789585200,2026-09-16,2026-09-14,weekday,12-18,UP,resolved,719,22183.882309,12633.438617000025,11.049111,3.797466,68.0,41.0,0.7988888888888889,0.41170525731156293,8,2,,
btc-updown-15m-1789606800,1789606800,2026-09-16,2026-09-14,weekday,18-24,DOWN,resolved,638,23593.32989,10704.751678012208,13.275,4.09,60.97174,39.0,0.7088888888888889,3.081079919159595,9,2,,
btc-updown-15m-1789628400,1789628400,2026-09-17,2026-09-14,weekday,00-06,UP,resolved,434,10238.035703,6094.281549991025,12.084415,2.941177,45.0,52.0,0.4822222222222222,0.53309744876273,8,2,,
btc-updown-15m-1789671600,1789671600,2026-09-17,2026-09-14,weekday,12-18,DOWN,resolved,631,16684.348181,9097.826456026989,10.0,2.941177,60.5,30.0,0.7011111111111111,1.7341304996567408,19,2,,
btc-updown-15m-1789714800,1789714800,2026-09-18,2026-09-14,weekday,00-06,UP,resolved,1132,31203.322552999998,16174.417095989573,7.0,1.587302,60.17,29.0,1.2577777777777779,0.6302855861949201,17,2,,
btc-updown-15m-1789736400,1789736400,2026-09-18,2026-09-14,weekday,06-12,DOWN,resolved,1040,24767.971377,13209.834315988315,8.0,2.173914,50.0,33.0,1.1555555555555554,2.3399889072769224,27,2,,
btc-updown-15m-1789779600,1789779600,2026-09-18,2026-09-14,weekday,18-24,DOWN,resolved,622,23242.754697,11845.917401015264,10.0,3.666667,80.0,80.0,0.6911111111111111,3.0392604975270863,11,2,,
btc-updown-15m-1789795800,1789795800,2026-09-19,2026-09-14,weekend,00-06,DOWN,resolved,638,17811.922056,9550.406635979087,10.0,4.068492,63.0,54.0,0.7088888888888889,1.686960152639734,22,2,,
btc-updown-15m-1789806600,1789806600,2026-09-19,2026-09-14,weekend,00-06,UP,resolved,513,14056.622818,8852.1034440102,9.090908,2.791045,62.4,29.0,0.57,0.4014356091896927,7,2,,
btc-updown-15m-1789817400,1789817400,2026-09-19,2026-09-14,weekend,06-12,UP,resolved,1090,37090.089791,18803.562536912465,10.0,4.6875,85.333334,27.0,1.211111111111111,1.0924177719181434,14,2,,
btc-updown-15m-1789839000,1789839000,2026-09-19,2026-09-14,weekend,12-18,DOWN,resolved,0,0,0,,,,900,0.0,,0,2,,
btc-updown-15m-1789849800,1789849800,2026-09-19,2026-09-14,weekend,12-18,UP,resolved,952,19241.841973,10357.225922008478,10.0,2.08,45.23,42.0,1.0577777777777777,2.485039167099879,21,2,,
btc-updown-15m-1789860600,1789860600,2026-09-19,2026-09-14,weekend,18-24,DOWN,resolved,2041,93359.144162,51596.90694691554,11.111112,5.0,98.2,30.0,2.267777777777778,1.8971135686110292,8,2,,
btc-updown-15m-1789871400,1789871400,2026-09-19,2026-09-14,weekend,18-24,DOWN,resolved,759,26734.694401,14632.265545953327,8.457143,2.531646,80.0,83.0,0.8433333333333334,3.369785822334305,6,2,,
btc-updown-15m-1789882200,1789882200,2026-09-20,2026-09-14,weekend,00-06,DOWN,resolved,726,21362.021674,11957.089576878681,7.365,2.5,52.0,24.0,0.8066666666666666,2.7988156591586497,19,2,,
btc-updown-15m-1789893000,1789893000,2026-09-20,2026-09-14,weekend,00-06,DOWN,resolved,465,11421.810934,6643.942637970314,9.0,2.105262,60.0,67.0,0.5166666666666667,2.705134014080386,7,2,,
btc-updown-15m-1789903800,1789903800,2026-09-20,2026-09-14,weekend,06-12,UP,resolved,638,24409.863727,13853.755235035735,10.0,3.803,90.34,42.0,0.7088888888888889,0.28772579235787593,1,2,,
btc-updown-15m-1789914600,1789914600,2026-09-20,2026-09-14,weekend,06-12,UP,resolved,442,11450.382222,6126.80720000393,7.0,2.272725,51.0,57.0,0.4911111111111111,0.37183857380189356,2,2,,
btc-updown-15m-1789925400,1789925400,2026-09-20,2026-09-14,weekend,12-18,UP,resolved,540,26653.085945,11246.44266412027,10.5,3.0,90.0,34.0,0.6,0.3359317910312838,3,2,,
btc-updown-15m-1789947000,1789947000,2026-09-20,2026-09-14,weekend,18-24,UP,resolved,571,20213.72244,9693.316284019811,13.0,4.0,85.0,44.0,0.6344444444444445,0.7865491945434584,19,2,,
