observation_sec,threshold_bps,entry_delay_sec,execution_model,slippage_cents,partition,n,trades,no_trades,win_rate,mean_entry,break_even_win_rate,edge_per_share,gross_pnl,fee_estimate,net_pnl,pnl_per_trade,roi,profit_factor,max_drawdown,longest_losing_streak,average_win,average_loss,p10,p5,p1,worst_trade,markets_with_valid_btc,signal_markets,no_trade_markets,no_fill_markets,bootstrap_mean_pnl_low,bootstrap_mean_pnl_high,method_note
180,0,0,vwap_5s,0,all,169,169,,0.7159763313609467,0.6569055142484025,0.6569055142484025,0.0590708171125443,188.44118826997246,16.900000000000002,171.5411882699725,1.015036616982086,0.10150366169820858,1.35383908471529,56.867924631178994,3,5.424307341074153,-10.1,-10.1,-10.1,-10.1,-10.1,200,195,5,26,-0.08251392882356272,2.0814769465289285,local-date block bootstrap; fee scenario=1% notional; chronological 65/35 date split
180,0,0,vwap_5s,0,development,107,107,,0.7383177570093458,0.6595873395659992,0.6595873395659992,0.07873041744334652,163.67770433793584,10.700000000000001,152.97770433793588,1.4296981713825783,0.14296981713825782,1.5409395485782738,36.938128514524436,3,5.5161734726321,-10.1,-10.1,-10.1,-10.1,-10.1,127,123,4,16,-0.1263848342820405,2.8971312106266107,local-date block bootstrap; fee scenario=1% notional; chronological 65/35 date split
180,0,0,vwap_5s,0,holdout,62,62,,0.6774193548387096,0.652277202813195,0.652277202813195,0.02514215202551466,24.76348393203662,6.2,18.563483932036632,0.2994110311618812,0.02994110311618812,1.091898435307112,46.76801151560915,3,5.251511522191349,-10.1,-10.1,-10.1,-10.1,-10.1,73,72,1,10,-1.3046016515192738,2.0120162147559872,local-date block bootstrap; fee scenario=1% notional; chronological 65/35 date split
180,2,0,vwap_5s,0,all,124,124,,0.7419354838709677,0.703773613140242,0.703773613140242,0.03816187073072577,70.644462160925,12.4,58.244462160925025,0.46971340452358895,0.046971340452358894,1.180211825992961,39.260859523525085,2,4.1461354582709244,-10.1,-10.1,-10.1,-10.1,-10.1,200,133,67,9,-0.5893038072840707,1.5853516701845989,local-date block bootstrap; fee scenario=1% notional; chronological 65/35 date split
180,2,0,vwap_5s,0,development,81,81,,0.7283950617283951,0.7050893474897966,0.7050893474897966,0.02330571423859853,27.67272853265255,8.1,19.57272853265256,0.2416386238599082,0.024163862385990817,1.0880860870056372,39.260859523525085,2,4.097842856485636,-10.1,-10.1,-10.1,-10.1,-10.1,127,85,42,4,-1.0775894541917923,1.5462820647999405,local-date block bootstrap; fee scenario=1% notional; chronological 65/35 date split
180,2,0,vwap_5s,0,holdout,43,43,,0.7674418604651163,0.7012951368073601,0.7012951368073601,0.06614672365775615,42.97173362827246,4.3,38.67173362827246,0.8993426425179643,0.08993426425179643,1.3828884517650737,24.3282586335783,1,4.232476776614317,-10.1,-10.1,-10.1,-10.1,-10.1,73,48,25,5,-0.7676764732366549,2.8269081521688872,local-date block bootstrap; fee scenario=1% notional; chronological 65/35 date split
180,5,0,vwap_5s,0,all,73,73,,0.7671232876712328,0.7485310477686228,0.7485310477686228,0.018592239902610132,14.082611075646259,7.300000000000001,6.782611075646267,0.09291248048830503,0.009291248048830502,1.039502685356123,37.65796868995036,2,3.1871894834936834,-10.1,-10.1,-10.1,-10.1,-10.1,200,76,124,3,-1.1302708512377841,1.3169447399033136,local-date block bootstrap; fee scenario=1% notional; chronological 65/35 date split
180,5,0,vwap_5s,0,development,44,44,,0.7727272727272727,0.7583849851956878,0.7583849851956878,0.014342287531585014,7.301017889891694,4.4,2.901017889891699,0.06593222477026589,0.0065932224770265885,1.0287229494048682,24.93251086131889,2,3.0559122908791676,-10.1,-10.1,-10.1,-10.1,-10.1,127,47,80,3,-1.6676212320053576,1.7794810651420567,local-date block bootstrap; fee scenario=1% notional; chronological 65/35 date split
180,5,0,vwap_5s,0,holdout,29,29,,0.7586206896551724,0.7335802461551448,0.7335802461551448,0.025040443500027557,6.781593185754565,2.9000000000000004,3.8815931857545682,0.13384804088808855,0.013384804088808856,1.054902308143629,19.239368935706217,1,3.3900724175342987,-10.1,-10.1,-10.1,-10.1,-10.1,73,29,44,0,-1.5642168436305486,1.8267338547706435,local-date block bootstrap; fee scenario=1% notional; chronological 65/35 date split
180,10,0,vwap_5s,0,all,34,34,,0.7352941176470589,0.7811406951502532,0.7811406951502532,-0.045846577503194375,-24.049027288598328,3.4000000000000004,-27.449027288598327,-0.8073243320175978,-0.08073243320175978,0.698030502875706,51.98355741691161,2,2.538038908456067,-10.1,-10.1,-10.1,-10.1,-10.1,200,34,166,0,-2.96306548374189,1.0202605821575066,local-date block bootstrap; fee scenario=1% notional; chronological 65/35 date split
180,10,0,vwap_5s,0,development,22,22,,0.7727272727272727,0.7796637880333235,0.7796637880333235,-0.006936515306050697,-2.4434433826925535,2.2,-4.643443382692551,-0.21106560830420687,-0.021106560830420687,0.908050626085296,20.2,2,2.697444506900438,-10.1,-10.1,-10.1,-10.1,-10.1,127,22,105,0,-2.9163143770102105,2.045400632758254,local-date block bootstrap; fee scenario=1% notional; chronological 65/35 date split
180,10,0,vwap_5s,0,holdout,12,12,,0.6666666666666666,0.7838483581979577,0.7838483581979577,-0.1171816915312911,-21.605583905905775,1.2000000000000002,-22.805583905905774,-1.9004653254921478,-0.19004653254921478,0.43550534886371844,36.16748375689364,2,2.199302011761778,-10.1,-10.1,-10.1,-10.1,-10.1,73,12,61,0,-5.563142260536686,1.045061712265419,local-date block bootstrap; fee scenario=1% notional; chronological 65/35 date split
180,15,0,vwap_5s,0,all,13,13,,0.8461538461538461,0.8271452749827841,0.8271452749827841,0.01900857117106208,2.76214075914457,1.3,1.46214075914457,0.11247236608804385,0.011247236608804386,1.072383205898246,20.2,2,1.9692855235585973,-10.1,-10.1,-10.1,-10.1,-10.1,200,13,187,0,-2.7035488497179982,2.273391277052929,local-date block bootstrap; fee scenario=1% notional; chronological 65/35 date split
180,15,0,vwap_5s,0,development,8,8,,1.0,0.8448101272869426,0.8448101272869426,0.1551898727130574,15.688878124767315,0.8,14.888878124767315,1.8611097655959143,0.18611097655959144,inf,0.0,0,1.8611097655959143,,0.37327921186375834,0.37327921186375834,0.37327921186375834,0.37327921186375834,127,8,119,0,0.9365911536028878,2.919274084187565,local-date block bootstrap; fee scenario=1% notional; chronological 65/35 date split
180,15,0,vwap_5s,0,holdout,5,5,,0.6,0.7988815112961305,0.7988815112961305,-0.19888151129613046,-12.926737365622746,0.5,-13.426737365622746,-2.685347473124549,-0.2685347473124549,0.3353100314048146,20.199999999999996,2,2.2577542114590847,-10.1,-10.1,-10.1,-10.1,-10.1,73,5,68,0,-10.1,2.2577542114590847,local-date block bootstrap; fee scenario=1% notional; chronological 65/35 date split
180,20,0,vwap_5s,0,all,8,8,,0.75,0.8311924320882651,0.8311924320882651,-0.08119243208826504,-8.839064131642667,0.8,-9.639064131642666,-1.2048830164553332,-0.12048830164553333,0.5228186073444224,20.2,2,1.7601559780595555,-10.1,-10.1,-10.1,-10.1,-10.1,200,8,192,0,-5.3666519883233725,1.9898578350104028,local-date block bootstrap; fee scenario=1% notional; chronological 65/35 date split
180,20,0,vwap_5s,0,development,4,4,,1.0,0.8682319893889417,0.8682319893889417,0.13176801061105822,6.315660774840902,0.4,5.915660774840902,1.4789151937102254,0.14789151937102255,inf,0.0,0,1.4789151937102254,,0.37327921186375834,0.37327921186375834,0.37327921186375834,0.37327921186375834,127,4,123,0,0.6810951594692535,2.2767352279511974,local-date block bootstrap; fee scenario=1% notional; chronological 65/35 date split
180,20,0,vwap_5s,0,holdout,4,4,,0.5,0.7941528747875883,0.7941528747875883,-0.29415287478758834,-15.154724906483569,0.4,-15.554724906483568,-3.888681226620892,-0.3888681226620892,0.22996411354041738,20.2,2,2.3226375467582154,-10.1,-10.1,-10.1,-10.1,-10.1,73,4,69,0,-10.1,2.3226375467582154,local-date block bootstrap; fee scenario=1% notional; chronological 65/35 date split
